,NS.1,NS.2,NS.3,NS.4,NS.5,NS.6,NS.7,NS.8,NS.9,NS.10,NS.11,NS.12,NS.13,NS.14,NS.15,NS.16,NS.17,NS.18,NS.19,NS.20,OA.1,OA.2,OA.3,OA.4,OA.5,OA.6,OA.7,OA.8,OA.9,OA.10,HS.1,HS.2,HS.3,HS.4,HS.5,HS.6,HS.7,HS.8,HS.9,HS.10,MA.1,MA.2,MA.3,MA.4,MA.5,SCO.1,SCO.2,SCO.3,SCO.4,SCO.5,SCO.6,SCO.7,SCO.8,SCO.9,SCO.10,>>DiffResult,NS_mean,OA_mean,HS_mean,MA_mean,SCO_mean,Log2FC(Max/Min),ANOVA_pvalue,MA-HS,NS-HS,OA-HS,SCO-HS,NS-MA,OA-MA,SCO-MA,OA-NS,SCO-NS,SCO-OA,ANOVA_p.adjust,Diff
ACE-N509-H10N2,21.32223138,0,19.91302778,20.97840112,20.36708528,20.47026844,0,20.37256309,21.25069214,21.23902008,0,19.21219735,20.3899996,0,0,20.9990793,0,20.64938408,19.27149552,0,20.13091226,0,20.59934064,0,19.97616668,0,0,0,19.85084643,20.20238892,21.26022483,20.6293592,20.18337311,20.24183761,22.10928411,21.33149188,20.62976423,19.1246676,20.72613873,20.90948105,20.12743258,0,0,0,0,19.35967794,18.64892153,19.47963393,20.08943344,20.15368275,21.44682835,0,19.63519749,19.87860548,21.27711959,>>DiffResult,13.32177226,10.07596549,20.71456224,4.025486517,17.99691005,16.68907572,0.004111329,0.006720411,0.18190613,0.054739785,0.952488068,0.203150883,0.694421626,0.033167415,0.861339535,0.619857756,0.245169729,0.015265624,YES
ACE-N509-H8N2,19.73363201,0,0,19.10825561,18.75264228,18.38402355,0,0,19.93579023,19.50022838,0,0,18.47828512,0,18.9514732,18.83083708,0,18.97476585,0,0,0,0,19.41805868,0,0,0,0,0,18.83773183,18.88471875,19.47478993,0,0,0,20.29210538,19.77292971,0,17.70118825,19.22882992,19.19126151,0,0,0,0,0,0,0,0,0,0,19.07395963,0,0,0,0,>>DiffResult,9.532496665,5.714050927,11.56611047,0,1.907395963,11.56611047,0.034776737,0.126601122,0.974147772,0.567289097,0.11263356,0.201999679,0.75365785,0.994474195,0.789844541,0.17626479,0.864825434,0.079093395,NO
ACE-N509-H9N2,23.09399805,22.02335612,21.94212628,22.85044209,22.22440324,22.537724,20.76272766,22.35039623,23.19198906,22.88774865,21.93753354,21.31312345,22.38897466,22.69631104,22.64888438,22.79816339,22.28588434,22.49868984,21.18593524,0,22.25774081,22.39097045,22.64476094,21.43434672,22.3489387,21.32505387,21.61554291,20.95898866,22.192207,22.19677183,22.9717282,22.60291626,21.77653249,21.92370397,23.84514549,23.39627606,22.52788559,21.39356757,22.6641781,22.80666633,21.99456836,21.52287449,21.53149111,21.82736269,21.40548599,21.51952708,21.19380591,0,22.14095885,21.63567358,22.71637757,20.43132296,22.07682368,21.82979752,21.41433634,>>DiffResult,21.18092056,21.93653219,22.59086001,21.65635653,19.49586235,3.094997657,0.568377875,0.994476971,0.912860431,0.996949875,0.492580905,0.999437174,0.999952023,0.88674624,0.990783221,0.845951766,0.706430025,0.634860496,NO
ACP3-N220-H5N4S2F1,23.091981,24.2672311,0,23.47223384,23.32677117,23.06260932,22.17156929,23.27290701,23.34155135,23.72793113,23.65034824,22.8404646,23.6017046,24.17556739,23.65808243,24.91139039,24.14472793,22.16250564,24.30299815,0,23.84765988,24.77142433,24.84002066,24.29405977,25.8354682,0,24.8789793,23.83602275,26.24375781,25.14787514,23.62836899,22.86534216,22.21699068,24.265184,23.72309699,22.46287215,23.04526713,21.31827031,23.32451566,23.10537186,23.92145194,22.44900349,0,24.44410522,24.16070404,0,0,22.47543345,0,0,23.28738754,0,0,20.58776149,0,>>DiffResult,21.15912873,22.36952679,22.99552799,18.99505294,6.635058249,16.36046974,6.11E-05,0.882173211,0.973419485,0.999761682,0.000208866,0.980986278,0.932898242,0.043490758,0.994444121,0.000140871,0.000378042,0.000632437,YES
ACP3-N220-H6N5S2F1,0,23.08229311,22.43948258,21.92198566,0,0,22.97717643,0,22.25800467,0,22.8204537,22.06186461,0,22.61559239,23.18605769,24.27443887,23.41056501,0,23.73445792,0,22.89303632,23.67390611,23.80472212,23.43441853,24.74611891,21.88184978,0,23.19185092,25.01044716,23.71416592,0,22.26400777,22.24166485,23.33742442,0,0,0,0,22.34108066,22.70444945,22.8175059,0,0,22.65018361,20.41229999,0,0,0,0,0,22.6313545,0,0,0,22.28629847,>>DiffResult,13.73911863,21.23505158,11.28886271,13.1759979,4.491765297,16.74328628,0.021434043,0.997570773,0.975549721,0.243070294,0.615331154,0.999970941,0.643883008,0.57641986,0.37743969,0.18309448,0.00819493,0.055069002,NO
ACP3-N220-H6N5S2F3,23.04292778,0,0,22.48894614,22.37914167,21.82312017,0,22.37063372,22.46985913,23.46873652,23.36832262,0,22.86122906,23.41617917,23.08238281,23.29459081,0,21.08967953,0,0,21.96551558,23.85489257,23.04846549,22.55000792,24.98612624,20.78955221,23.62419082,22.94636994,23.31477695,23.20026101,0,21.84503988,0,0,22.19463896,23.89675735,22.41059531,0,0,20.8583789,23.19743532,0,0,22.08890277,0,0,0,0,0,0,23.13258852,0,0,0,20.15086119,>>DiffResult,14.75778746,23.02801587,11.12054104,9.057267618,4.328344971,18.6996709,0.002196689,0.995535715,0.87920617,0.07313528,0.552925784,0.782922398,0.094277108,0.908038789,0.21936073,0.068157395,0.001025108,0.009406334,YES
ACP3-N220-H6N5S3F1,0,23.57737558,0,22.0784354,23.30560451,24.32596847,21.9705382,0,0,0,22.44193625,21.94639058,0,23.50497321,22.88537976,24.71279775,23.93574663,0,24.14363371,0,0,23.93020901,0,0,25.0125422,0,23.75363074,22.97405098,25.3271667,0,22.89892707,0,21.20022472,23.8511608,0,24.0963425,20.55135509,0,0,0,0,22.32071848,0,21.81643466,21.31068474,0,0,21.24100236,0,0,23.12657002,0,0,21.10089798,0,>>DiffResult,13.941439,12.09975996,11.25980102,13.08956758,6.546847037,7.394591966,0.605796711,0.998529358,0.976195163,0.999848942,0.897157287,0.999897488,0.999870418,0.847151319,0.994206321,0.490304311,0.828129066,0.660612272,NO
ACP3-N333-H5N2,0,23.88628977,0,24.11321957,24.39751754,23.69224713,21.99744206,24.57997398,24.10977825,23.98730611,24.0557168,24.76681537,23.42886034,23.80182402,23.0556539,21.37926609,0,23.09294798,23.22266574,0,24.48113074,24.82391994,24.88923379,21.03126213,26.16147268,23.45712054,23.89985321,23.8462724,25.52146738,25.76335615,23.92672698,22.48065393,24.88227371,23.42834919,23.69102974,23.80274906,0,0,23.34223964,0,25.94975248,0,0,27.24681299,27.28058739,24.13977017,22.50672292,25.75997543,23.99230693,22.36278623,26.58943241,0,25.58616203,26.00374991,24.08611607,>>DiffResult,18.87837623,24.3875089,16.55540222,16.09543057,22.10270221,8.292078322,0.288186321,0.999985045,0.968047156,0.350185584,0.680414683,0.975646235,0.497779979,0.769923384,0.55887096,0.900844037,0.982239231,0.378103041,NO
ACP3-N333-H6N2,25.16892202,25.99307265,24.4123705,25.5026897,24.79736392,24.95280942,28.99497618,26.4488285,26.13920268,26.28433988,25.59003124,27.64441069,25.22233757,25.99101644,26.34433259,26.53920389,25.79904575,24.82717906,26.64919111,24.54807336,27.56972053,28.06960225,27.47520179,29.14705553,30.38197526,26.43142128,27.31441684,28.84036192,29.25789778,27.81148677,25.2691318,24.59983128,28.49698704,25.56741964,25.32142153,27.01901576,25.83306409,25.29930556,23.59109189,25.96528903,26.67651014,28.32963207,25.63403418,27.70306349,28.08003074,25.55843751,27.60408926,25.38890082,26.21988759,27.20345081,28.97002895,25.59813175,27.00363523,27.04293174,28.28771401,>>DiffResult,25.89246986,28.22991399,25.69625576,27.28465413,26.88772076,2.533658232,2.10E-05,0.114085511,0.99255834,0.00012814,0.172156696,0.140242171,0.586448068,0.97167766,4.37E-05,0.200847165,0.094554853,0.000267782,YES
ACP3-N333-H7N2,21.30862341,22.66505957,21.62301403,21.81125097,0,21.15222753,26.91922634,0,23.07738762,23.13376952,22.17306273,24.6544635,21.31835354,22.22046537,24.94134365,22.35473195,22.17744033,20.52497666,22.21697462,23.73691052,24.76451716,25.09872603,24.18554164,23.83281364,24.34661734,24.94343211,25.53144531,24.68268144,26.70793375,24.50035381,23.97845794,20.96753326,21.95667378,24.87676787,24.69584337,22.3771903,21.35557192,21.19504312,23.37072899,21.70540856,23.20165943,25.32546639,23.87607508,23.82471184,25.7587973,20.65400361,24.10683775,0,21.99291703,0,25.66712522,21.804619,23.69226503,0,21.89937319,>>DiffResult,20.40046409,24.85940622,22.64792191,24.39734201,15.98171408,8.877692139,0.030565508,0.987785846,0.898012207,0.940397696,0.163609567,0.733664132,0.999933519,0.14193165,0.400685969,0.40991039,0.028272922,0.071893519,NO
ACP3-N333-H8N2,0,22.07231694,0,0,0,0,20.52698475,0,0,0,21.8679612,21.62060273,0,22.01661428,0,22.98268819,22.80464867,0,0,0,23.60757851,23.79534301,21.33259323,23.81097806,23.36128736,22.71003825,20.77912848,0,25.58052202,21.61498155,0,20.87550363,0,21.87077281,0,0,0,0,0,20.97702276,23.05538901,22.42664105,20.85551756,22.75604172,0,0,0,0,0,0,23.0649936,0,0,0,0,>>DiffResult,7.694590838,20.65924505,6.37232992,17.81871787,2.30649936,18.35274569,0.000360579,0.197505643,0.996331037,0.012491037,0.873254239,0.224139968,0.982023213,0.034567562,0.007920692,0.590843232,0.000691381,0.002391557,YES
ACP3-N94-H3N3F1,0,0,0,0,0,0,0,0,0,0,0,0,0,0,0,16.60802088,0,0,0,0,16.61062826,17.42070036,0,16.43545663,17.51623139,0,0,0,19.63693864,16.92685932,0,0,0,15.15294186,0,0,0,0,0,0,0,0,0,0,18.87143582,0,0,16.00508205,0,0,0,0,0,0,0,>>DiffResult,0.830401044,10.45468146,1.515294186,3.774287165,1.600508205,9.624280416,0.001710337,0.954802018,0.998138762,0.01087925,0.999999738,0.85231409,0.244874018,0.960558043,0.000887938,0.997060259,0.011918678,0.007934066,YES
ACP3-N94-H4N3,18.08783925,0,18.30642079,0,18.66487785,0,17.71150073,0,18.26035279,0,18.04072874,0,0,18.32224801,18.43985769,18.81712975,0,0,18.78598754,0,19.44502216,20.0779935,20.15374822,19.480789,19.78131521,17.46222114,18.67704328,18.76763715,21.13256056,18.95465979,0,0,0,18.56776811,0,18.56593431,17.39779684,0,0,0,0,0,0,21.00216171,20.17880472,0,0,0,0,16.5036894,18.0676496,0,0,0,17.67064541,>>DiffResult,9.171847157,19.393299,5.453149926,8.236193287,5.224198441,14.16910056,0.002603369,0.973768416,0.783523648,0.004574593,0.999996767,0.999436054,0.126065352,0.965085577,0.022754658,0.744309326,0.003813059,0.010678379,YES
ACP3-N94-H4N3F1,0,17.89543277,0,0,16.39872443,0,17.82828971,0,17.19572667,17.23283551,17.72704578,0,0,0,18.11517311,19.44754339,0,0,18.17553135,0,19.36237039,20.01821379,19.88091292,18.57913301,20.57147303,17.81523453,19.1402547,18.28809747,21.70644119,18.58149355,0,16.83699006,17.38002212,18.93803768,18.91628653,18.92994181,0,0,0,0,17.57653303,0,0,21.63598626,21.34022222,0,0,17.73891783,0,17.76107537,19.496359,0,0,0,0,>>DiffResult,8.000815136,19.39436246,9.100127819,12.1105483,5.49963522,13.89472724,0.005821486,0.966646283,0.997243497,0.067430435,0.877429917,0.869136915,0.527901164,0.619127562,0.009499575,0.941084092,0.005414586,0.019782898,YES
ACP3-N94-H4N4S1,0,0,0,0,0,0,19.9040991,0,0,0,0,0,0,17.10622834,0,0,17.98312685,0,0,0,18.88520436,0,19.39014579,18.87941849,20.1304555,0,0,0,0,18.93551128,0,0,0,17.49434621,0,18.94737457,17.60924189,0,0,0,18.54506888,18.51777273,0,22.51816254,22.46623538,19.59485582,0,0,19.03862532,0,20.22215559,0,0,0,19.68284953,>>DiffResult,2.749672714,9.622073542,5.405096267,16.40944791,7.853848626,13.65977519,0.02708864,0.15557905,0.931818985,0.81136517,0.969081163,0.021806766,0.610963466,0.382850095,0.258342945,0.55344985,0.990769737,0.065972126,NO
ACP3-N94-H5N4,16.40398242,0,16.51983327,0,0,0,19.36532031,17.3688121,0,0,0,17.72482572,0,0,0,0,0,0,18.94089906,0,20.1204147,20.42446157,20.53228363,20.16425411,21.12834609,19.6295436,19.59203791,19.89730971,21.99998565,19.72520907,0,0,18.57406827,18.41254556,18.39793905,19.29767812,0,17.62601288,0,0,18.87913804,0,0,22.86636107,22.52055523,18.61016044,0,18.45153852,18.79958749,17.85988077,20.27743927,17.27881591,0,17.67228168,18.81254678,>>DiffResult,5.316183644,20.3213846,9.230824388,12.85321087,14.77622509,15.00520096,0.000284493,0.924981413,0.725484708,0.028447058,0.550273147,0.353945092,0.455851141,0.992500803,0.000153769,0.032032076,0.550315103,0.00201559,YES
ACP3-N94-H5N4F1,0,0,0,0,16.39351038,0,19.2128763,0,0,0,0,17.84046653,0,0,17.24279318,18.04324021,0,0,0,0,17.64837496,19.05546876,20.53270404,20.12906696,21.29710319,20.46541336,19.33122797,19.67859923,20.67670496,17.88245415,0,0,19.22047266,17.30516918,0,0,0,17.98380144,0,0,16.55214942,0,0,22.53568418,22.17644544,18.66668486,0,19.22685261,19.27452404,18.01162005,20.63747755,17.5365327,0,18.24719461,19.17238536,>>DiffResult,4.43664433,19.66971176,5.450944328,12.25285581,15.07732718,15.23306743,2.47E-05,0.50095837,0.997076018,0.00132816,0.055998705,0.271136767,0.413286708,0.962605841,5.28E-05,0.007218485,0.675540804,0.000307305,YES
ACP3-N94-H5N4S1,0,0,0,0,0,17.70705358,23.20647594,18.50021089,0,0,0,21.68541142,0,20.3502234,0,20.19386365,0,0,0,18.98948215,0,22.80049928,0,0,24.89229635,22.65078783,0,0,24.12410352,0,0,0,21.84370655,0,0,21.64855169,0,18.48952055,18.08832803,0,0,0,20.42992911,25.58664981,0,22.61534648,20.51302843,19.65088763,20.0438109,19.47387639,23.69896284,20.60423999,18.68662321,21.61846628,22.83078522,>>DiffResult,7.031636052,9.446768698,8.007010682,9.203315783,20.97360274,13.94196669,0.010878246,0.999443351,0.999024043,0.997447167,0.037601701,0.991902998,0.999999022,0.203104756,0.968901858,0.005324325,0.082330398,0.033030311,YES
ACP3-N94-H5N4S1F1,0,20.92392907,17.89836328,0,0,0,0,0,0,0,17.93990611,21.45248398,0,0,23.09263438,24.08931719,0,0,0,0,23.97745365,0,24.53524265,23.90386262,0,22.85446588,0,0,26.57602793,0,19.80018494,19.94796962,0,0,0,22.1022737,22.40311735,20.6996364,0,0,23.29002688,0,19.26344817,24.07437107,0,19.90651291,0,0,0,0,23.18610124,17.96156035,19.36915766,19.18342561,20.42047235,>>DiffResult,6.2698317,12.18470527,10.4953182,13.32556922,12.00272301,7.055737525,0.487740168,0.989716014,0.857707455,0.996909183,0.998017179,0.702666253,0.999702326,0.99946525,0.637702962,0.66431414,0.999999559,0.569598658,NO
ACP3-N94-H5N4S2,0,23.63649271,0,0,0,17.7777556,22.56725994,21.87218174,0,0,22.21946224,0,22.51327534,18.22748332,22.92754091,23.3879391,22.28524783,0,0,0,23.63675032,0,24.02354124,23.79800784,24.44442035,22.0173037,18.44175714,22.89219729,25.10091964,22.1607179,22.02116675,18.00912293,21.90644216,0,0,23.9062463,17.85702948,20.93274868,0,0,22.89405206,0,0,22.18512841,0,0,0,0,0,0,20.42945629,0,0,21.90578066,0,>>DiffResult,10.87073194,20.65156154,12.46327563,9.015836093,4.233523695,16.41803785,0.016963714,0.972626214,0.994460937,0.39714075,0.392002639,0.996275614,0.251872645,0.914036089,0.118183315,0.464501111,0.006924842,0.045587544,YES
ACP3-N94-H5N4S2F1,22.25147972,0,0,22.13018708,21.08497177,22.0427327,22.24405665,21.83182753,18.86464342,22.93530965,0,22.75246749,18.404321,22.1358028,0,24.8169041,22.23039592,0,22.78552139,0,23.9062072,24.19428983,24.61813964,23.23050264,24.66100113,22.94893172,0,23.07759924,25.63577518,23.47065281,22.47059971,22.05683829,23.12403753,23.54151191,0,0,22.26879051,21.80829514,22.13929835,0,22.95066132,22.29798301,21.33832459,24.82812522,0,21.83475453,0,23.21891767,0,0,0,0,21.49878896,0,20.96798109,>>DiffResult,15.32553106,21.57430994,15.74093714,18.28301883,8.752044225,12.82226571,0.098510178,0.990919606,0.999971447,0.705850155,0.547823701,0.977513532,0.976173743,0.440515681,0.516609806,0.465839322,0.052644509,0.170101031,NO
ACP3-N94-H5N5S2,0,0,0,0,0,0,20.15694641,19.48176273,0,0,19.64729787,18.3745586,0,19.404476,19.91903629,20.52475357,19.09274283,0,19.489516,0,19.93667566,20.05908522,20.78657546,19.5028552,20.90884092,0,20.06156896,19.76225699,21.34731787,20.05119356,0,0,0,19.70610994,20.24538519,0,0,0,0,0,20.00148506,18.64520964,0,0,0,0,0,0,0,18.77053224,0,0,0,0,20.10223599,>>DiffResult,8.804554515,18.24163698,3.995149513,7.729338939,3.887276823,14.35436016,0.004471766,0.939199673,0.633844792,0.006695715,0.999999873,0.999221331,0.213524598,0.932965154,0.062512489,0.61415515,0.006186875,0.016076275,YES
ACP3-N94-H5N5S2F1,0,0,0,0,0,0,0,18.73868763,0,0,0,0,0,0,0,21.0832581,0,0,0,0,19.37967371,0,21.44061107,0,20.9658536,0,19.68192839,19.57224295,21.78364644,19.56142115,0,18.05901002,19.70477517,0,20.51872528,20.62737523,0,0,0,0,0,0,0,20.72276602,0,0,0,0,0,0,0,0,0,0,19.68874853,>>DiffResult,1.991097287,14.23853773,7.89098857,4.144553204,1.968874853,12.26966288,0.002831392,0.912727983,0.331959183,0.403220249,0.4737825,0.983078498,0.163348664,0.987495297,0.00226577,0.999999999,0.010601408,0.011532744,YES
ACP3-N94-H6N5S1,0,22.52346828,21.20744666,0,0,0,22.5199694,19.47506866,0,20.02304411,0,0,0,0,22.22442084,22.78586417,22.30104645,0,21.89979395,0,22.89251803,23.45967998,23.11030177,22.80507252,22.90956309,0,22.47197346,22.66626528,24.68614876,23.14430159,20.96306905,0,21.48490028,22.27749991,0,22.321365,0,21.99941106,0,21.4633777,0,21.78319471,21.12726946,23.64779841,0,20.43047002,20.23548526,0,0,0,21.47153529,0,20.27865147,0,20.6457169,>>DiffResult,9.748006126,20.81458245,13.0509623,13.31165252,10.30618589,11.06657632,0.110640079,0.999999042,0.927902124,0.480610748,0.977534498,0.961394881,0.696731848,0.985166254,0.068651313,0.999920084,0.190068872,0.184242525,NO
ACP3-N94-H6N5S1F1,0,22.39966002,0,20.50165959,20.07835175,0,22.65994309,21.05175794,0,21.73282876,21.0306542,21.50275304,18.97312191,0,22.65395058,23.49535878,22.44832175,0,21.61086488,19.12941915,23.01325236,23.59911384,23.81811193,22.67660005,24.27309629,21.98671468,22.78946225,22.57765665,25.07446874,23.76340282,21.44902333,0,0,22.30124477,23.06260601,23.05435685,21.42686429,19.39430815,0,21.94028381,22.58642469,21.59550636,20.85640162,23.85920812,22.85356365,20.03698346,0,0,0,20.50793181,23.37013037,19.3270431,0,20.73369908,20.37711712,>>DiffResult,14.96343227,23.35718796,15.26286872,22.35022089,12.43529049,10.92189746,0.040855049,0.601558597,0.999986922,0.270470397,0.954062553,0.473000002,0.999589111,0.270333434,0.126312184,0.94862434,0.063658922,0.088817604,NO
ACP3-N94-H6N5S2,0,22.96847431,0,21.80981582,22.26517206,21.6306147,23.71530306,22.64170538,23.02005125,22.51051981,22.68217049,22.52856021,21.58836482,21.68597585,22.62834252,24.07593013,22.33279703,21.00496362,22.66756686,20.54594988,22.66390855,23.32646442,23.89927914,23.09933408,24.24042048,0,23.38553885,23.43748836,24.77443265,23.42938414,22.3025337,0,19.20546761,23.0617306,23.15026427,22.84751317,21.42014657,20.99176267,21.83269747,21.32358704,22.27667975,22.215441,21.49090372,23.83478285,22.97801282,21.04480127,0,22.20721978,21.04966813,22.1070917,23.34307443,0,21.16436671,0,20.1459031,>>DiffResult,20.11511389,21.22562507,19.61357031,22.55916403,15.10621251,7.452951515,0.314693299,0.952535503,0.999798148,0.989023934,0.670104703,0.96619766,0.997570537,0.382584847,0.995419416,0.434334062,0.376920096,0.405150294,NO
ACP3-N94-H6N5S2F1,21.22616165,22.14426898,21.40935981,21.38735638,22.3938482,21.66245654,22.28866344,21.83358547,22.47306148,20.22334432,23.03705737,22.09288984,21.2600419,21.71858403,22.79898471,24.24219344,22.65279871,0,22.21505538,0,23.03183479,23.68565974,24.04778316,23.14061598,24.23399195,21.80526217,23.21552858,23.24069487,25.09003081,23.55893765,22.48477684,21.62319576,22.05953961,23.08003961,23.5931954,23.59033025,22.11084898,20.79412537,21.90008842,22.11295288,22.33658688,21.83419055,21.22034832,23.22738217,22.91243127,0,21.14674661,22.0091949,0,21.50457278,22.9835839,20.11290248,20.98464519,21.39952123,22.45962605,>>DiffResult,19.85298558,23.50503397,22.33490931,22.30618784,17.26007931,6.244954656,0.125921074,0.999999998,0.7985885,0.990914585,0.294404751,0.912525635,0.99541188,0.503757405,0.480457815,0.77180333,0.125003927,0.204731204,NO
ACP3-N94-H6N5S3,20.47078506,0,19.92321942,0,20.60354862,0,21.30856677,20.16221223,21.4284736,20.93167492,21.44351158,21.2272032,20.0136189,0,21.5483499,22.93688515,0,0,21.11736777,0,0,20.66082846,22.73857877,20.56880115,19.55787058,0,21.48939902,20.97571427,23.07758173,21.41521009,20.17511776,0,0,20.70912913,21.62731019,21.21002608,0,0,19.28515687,19.75940628,0,0,0,0,21.29517922,0,0,0,0,0,0,0,0,0,0,>>DiffResult,13.65577086,17.04839841,12.27661463,4.259035843,0,17.04839841,0.000553515,0.497038559,0.994841974,0.765447869,0.030824743,0.249362136,0.091427419,0.911299173,0.869626179,0.002696484,0.001007614,0.003308893,YES
ACP3-N94-H6N5S3F1,19.95710368,0,18.79986306,19.40066347,20.96232626,19.61745027,0,0,0,21.32491121,20.92136336,21.20151225,0,0,20.94623034,23.01798621,0,0,20.476133,0,0,21.09991257,22.20793787,0,0,0,21.24076221,20.90853462,23.07762395,20.85324836,20.2550339,0,0,0,21.95947027,22.08884474,20.07639725,0,0,19.9693227,0,0,17.97946878,0,20.59623907,0,0,0,0,0,0,0,0,19.83029446,20.23760649,>>DiffResult,11.33127715,12.93880196,10.43490688,7.71514157,4.006790095,8.932011863,0.335790672,0.989114157,0.999438719,0.982930502,0.642695367,0.956727804,0.889399865,0.965796909,0.994502817,0.37579772,0.321235282,0.424826077,NO
ACP3-N94-H7N6S1,0,18.75396336,0,0,0,0,0,0,0,0,18.575795,18.51286271,0,0,18.95139172,20.17997184,0,0,0,0,0,20.25372004,20.29909708,19.31547444,21.02875989,18.02629238,0,0,21.78881256,20.23995837,0,0,18.40166149,19.74991745,20.30523937,18.91961151,0,0,0,0,0,18.84164594,0,0,19.96234673,0,0,0,0,0,19.65434163,0,0,0,19.61547333,>>DiffResult,4.748699232,14.09521148,7.737642982,7.760798533,3.926981496,10.16822998,0.093192621,1,0.915577831,0.53324559,0.883318591,0.964223048,0.713946074,0.939363942,0.078642929,0.999336496,0.110339768,0.164317004,NO
ACP3-N94-H7N6S1F1,0,18.5963034,0,0,0,0,19.67871457,0,0,0,18.73533381,18.35658561,0,0,18.94392867,20.42599891,18.79486464,0,0,0,18.61327046,20.68126115,20.85469999,20.27882169,21.37365007,18.25364858,0,20.05239622,22.30818466,20.42321549,0,0,18.93099985,20.06043109,20.57275,0,0,17.57198633,0,0,19.17772326,0,0,19.85354406,19.88587749,0,0,19.12610414,0,0,20.01349615,0,0,18.17126046,20.56997986,>>DiffResult,6.676586481,18.28391483,7.713616726,11.78342896,7.78808406,11.60732835,0.029098993,0.929485625,0.998441704,0.097181153,0.999999976,0.806115408,0.706147896,0.933784353,0.018049876,0.997956199,0.101083255,0.068999437,NO
ACP3-N94-H7N6S2,0,0,0,0,0,0,19.27413318,0,0,0,0,18.82935469,0,0,0,0,0,0,0,0,0,20.17365969,20.85483326,0,20.93470086,0,20.1854978,20.27517787,21.60903383,19.59269437,0,0,0,18.84773999,0,0,0,0,0,0,0,0,0,0,0,0,0,0,0,0,0,0,0,0,19.34479289,>>DiffResult,1.905174394,14.36255977,1.884773999,0,1.934479289,14.36255977,7.60E-05,0.985029681,0.999999999,0.000970649,0.999999981,0.978154952,0.002150452,0.983503783,0.000116704,0.999999996,0.001023921,0.00075336,YES
ACP3-N94-H7N6S2F1,0,0,0,0,0,0,18.47261061,0,0,0,19.71762623,18.03433753,0,0,0,20.84827152,0,0,0,0,0,0,20.94532687,0,21.1235238,0,19.03058333,20.13209553,21.88740431,19.55438187,0,0,18.06816219,19.83726406,20.33822527,19.63554361,0,0,0,0,0,0,0,0,0,0,0,18.7012131,0,0,19.293243,0,0,0,19.14305167,>>DiffResult,3.853642294,12.26733157,7.787919512,0,5.713750777,12.26733157,0.076966941,0.495196459,0.777166953,0.785904299,0.984197718,0.904608172,0.097182631,0.759952576,0.114725508,0.982006853,0.464799581,0.139929011,NO
ADAM9-N125-H5N2,20.60919869,0,0,0,0,0,0,0,0,0,0,0,20.48033898,0,0,21.46834561,0,0,20.02715176,0,0,0,0,0,0,0,0,20.01712936,0,0,0,0,0,0,0,0,0,0,0,0,0,22.27249692,0,22.07357014,20.86832686,0,0,0,0,21.45685968,0,0,0,0,21.11147458,>>DiffResult,4.129251752,2.001712936,0,13.04287878,4.256833426,13.04287878,0.052816223,0.027662049,0.647991586,0.977991399,0.736974401,0.163806901,0.086823359,0.251572484,0.953962051,0.99999924,0.966049996,0.107191257,NO
ADGRG2-N551-H9N2,18.77171213,19.86811,18.54987169,0,0,19.21227683,17.8804002,19.40610755,19.67686587,20.01770622,18.56475817,0,0,18.77191525,0,0,18.65034886,18.58556263,19.00104715,18.58466723,0,0,0,0,0,0,0,18.34888056,0,0,0,18.1467209,0,0,0,0,0,0,0,0,0,0,0,0,0,0,0,18.08610904,17.66196593,0,19.05191136,0,0,17.5310145,19.03481806,>>DiffResult,13.27706749,1.834888056,1.81467209,0,9.136581889,13.27706749,0.000181717,0.992577038,0.002961922,1,0.223467896,0.009512723,0.992256662,0.207551895,0.003023766,0.635956392,0.225867584,0.001454978,YES
AGRN-N135-H5N4S2,22.32289872,22.92857527,22.31892043,21.62857463,22.87209078,21.88067739,0,0,23.03412251,22.40940732,22.5813682,0,23.48696445,23.34227684,22.10763851,0,22.5694405,21.26841124,22.46900605,21.59183617,0,0,20.74500673,0,21.52438152,0,21.71293354,0,0,0,0,0,0,0,21.78966039,22.73775082,0,20.24992667,20.65661682,0,0,0,0,0,0,0,0,0,0,0,21.52439692,0,0,21.96952542,21.03810407,>>DiffResult,17.94061045,6.398232178,8.54339547,0,6.453202641,17.94061045,0.000996104,0.492696163,0.102754291,0.987206265,0.988396742,0.004353291,0.744250498,0.738243326,0.025678438,0.026687976,0.999999994,0.005221728,YES
AGRN-N250-H3N2F2,19.75565023,19.94649491,19.04877058,20.12040808,19.79777993,19.83984542,19.25080666,19.45008375,19.97239986,19.28306028,20.06392944,19.14947219,18.96892142,20.11837765,19.77569296,20.6629081,20.92532117,19.81375364,19.52253823,20.35094128,0,18.97859978,18.90377176,18.10771568,20.52600504,19.62992677,18.26905008,19.93563845,20.29996893,20.0108946,18.48856743,18.76182239,18.64776764,17.76737189,19.75584116,19.0810548,0,17.81153487,0,0,20.28241982,0,0,21.28976088,21.06303878,20.73685141,18.16480286,19.85469079,20.11331079,18.98804685,20.97647923,19.46766357,19.68693721,19.9403975,20.62886783,>>DiffResult,19.79085779,17.46615711,13.03139602,12.5270439,19.8558048,7.328760908,0.009544341,0.999838983,0.026948589,0.415473113,0.070028894,0.093875743,0.511521117,0.144358977,0.827103039,0.999999821,0.879309908,0.029516757,YES
AGRN-N250-H3N3F2,19.4647242,0,19.29223532,20.39136162,19.75876031,19.87921109,19.79899298,19.74324998,0,0,19.79908382,19.22769657,0,20.20200434,19.96859488,20.79105437,21.5210939,19.38321118,18.74210967,20.62301461,20.29982852,20.03510926,19.98392512,19.45369678,21.16521743,20.5773069,19.41117895,19.84481484,21.37600167,20.91492532,19.51173864,19.44160929,19.32968587,18.87595207,20.61812935,20.04547962,18.64900261,18.3335217,0,19.21281718,19.64574628,0,18.96590043,20.31757624,19.81560109,20.28827897,0,19.83279865,20.22726817,19.29265636,21.09419252,19.5749795,20.12325063,20.32306003,20.62219109,>>DiffResult,15.92931994,20.30620048,17.40179363,15.74896481,18.13786759,4.557235669,0.532233396,0.991628892,0.980078969,0.872519376,0.999206039,0.999998116,0.735813748,0.967122882,0.463423316,0.916462771,0.952091982,0.605823602,NO
AGRN-N250-H4N3F1,18.45059166,0,0,18.77136227,19.13013364,19.53470818,18.5897995,19.42271286,18.85797695,17.73443823,19.20508689,17.80041159,18.77360121,19.30441712,19.34559843,20.03280255,19.99536389,18.37337755,0,19.27218572,18.50562723,0,0,0,20.26757506,17.81751023,17.72897255,19.51177355,19.64382661,19.37574929,18.17861243,18.57354434,0,0,19.90273083,19.64836817,0,0,0,0,19.07832285,0,18.63050632,0,18.85577942,19.19267568,0,18.36635097,18.83055971,0,20.24081739,0,0,19.27790484,19.71510722,>>DiffResult,16.12972841,13.28510345,7.630325577,11.31292172,11.56234158,8.499402835,0.172436054,0.939950277,0.109167395,0.608544912,0.855127406,0.809179363,0.993957827,0.999998322,0.91891233,0.669002105,0.992178326,0.258345116,NO
AGRN-N250-H4N3F2,21.87415984,21.98057477,21.88778359,22.65736095,22.51691268,22.45795667,22.13016382,22.30477398,22.24779373,21.52392682,22.35729988,21.76411735,22.34851131,22.38884348,22.60678206,23.11294801,23.82273192,22.02989824,21.63949826,23.01961927,22.57561438,22.05389295,22.04196597,21.46989094,23.25664784,22.5697889,21.51919004,22.34599608,23.39822274,22.76352955,21.73407356,21.59416734,21.37498041,21.49565418,23.33362308,22.45590645,20.84364768,20.53532048,21.14509751,21.36098848,22.4303958,21.38514804,21.69102352,22.80286313,22.28875187,22.69208826,20.43375405,21.98607835,22.4547101,21.64484957,23.56901013,21.63665964,22.59595545,22.35501857,23.32808416,>>DiffResult,22.33358283,22.39947394,21.58734592,22.11963647,22.26962083,0.812128022,0.063922673,0.628046523,0.055920579,0.081285904,0.195094426,0.971518448,0.94646617,0.994663846,0.999165906,0.999258085,0.993318907,0.123625148,NO
AGRN-N250-H4N3S1F1,19.62233005,19.41754915,18.45257244,20.79241463,19.18594099,20.5007684,19.67071217,19.51180453,19.89184572,18.87833397,20.44816706,18.53319193,19.83711957,19.0922792,19.8597702,20.60247872,20.41909098,19.07587653,20.51499187,19.62664404,18.86764574,0,19.32808722,0,19.78860217,0,18.92134069,19.67705742,0,19.58659992,0,0,0,0,0,0,0,17.32371677,0,0,20.69160967,0,0,19.94985852,0,0,0,19.71257876,18.0812774,19.46590319,21.58819645,18.84566542,18.42834358,19.47014066,20.8208347,>>DiffResult,19.69669411,11.61693332,1.732371677,8.128293637,15.64129402,17.96432243,2.72E-07,0.429624502,1.04E-07,0.016379664,0.000282572,0.010723385,0.879961975,0.26988192,0.026714834,0.538952034,0.675511125,9.07E-06,YES
AGRN-N250-H4N3S1F2,22.19859119,23.21467309,22.17566753,22.30999902,22.7264376,23.06165442,22.13969502,21.97366915,22.80845633,22.17790627,22.69852077,22.35465889,23.84126106,22.13565339,22.59351119,23.63808512,23.77793499,22.417149,22.27539413,23.16750118,21.83246378,20.84005944,21.3532587,20.62415227,22.50146979,20.59802654,21.34891161,22.31275243,22.00551229,21.92712936,21.67449905,21.82506052,21.65261115,20.85138771,22.46292912,21.75289812,20.21459581,20.66251566,20.56119084,20.60639439,23.06969623,22.20317248,21.99795702,23.05577175,22.555766,22.3149164,19.77094405,22.78410387,22.09618597,22.1095635,23.26584691,21.62113023,22.35321775,22.89750799,23.59517829,>>DiffResult,22.68432097,21.53437362,21.22640824,22.5764727,22.2808595,1.457912728,1.58E-05,0.011951213,4.16E-05,0.878666835,0.017896701,0.998283974,0.084723752,0.946234057,0.001530146,0.613902437,0.1666562,0.00021831,YES
AGRN-N250-H4N4F2,20.57188319,0,20.79018795,21.41961479,0,21.16416985,21.28131793,20.90971458,20.91121273,20.26883232,20.8824494,19.54868173,20.27549274,21.03539307,21.03425284,21.86925898,22.17097722,20.51768437,20.20502841,21.66949511,21.66663482,21.05419732,21.47142115,20.74863312,22.16800435,20.66265384,20.62375098,21.05349653,22.17623524,21.60410671,20.7780639,20.68827588,20.95887205,20.54100319,22.16753597,21.61617584,0,20.08002872,20.25358008,20.52085395,21.25729453,20.79292297,21.03563345,21.40850237,20.83073053,21.64270336,21.3487963,21.21445878,21.38621295,21.84100459,21.16401833,20.86792828,21.86379387,21.53497068,22.39550505,>>DiffResult,18.82628236,21.32291341,18.76043896,21.06501677,21.52593922,2.765500263,0.451567859,0.909684022,0.999999655,0.766851856,0.7132822,0.889353268,0.999979795,0.999795946,0.680839406,0.613994395,0.999982533,0.538106857,NO
AGRN-N250-H4N4S1F1,20.62692083,19.61597288,20.56351918,22.53340669,20.98554061,22.80343387,0,20.50184965,22.2698679,0,22.11924055,21.17829487,21.94983184,22.18735106,21.82482577,23.39040516,23.19134183,19.90940009,0,21.60656956,20.55907557,21.68871925,20.33869474,0,21.51485255,0,21.85232577,21.64677717,22.76325346,21.97730609,21.68450607,21.41759841,0,20.94415734,22.10681405,22.47561457,20.10383077,20.61670517,20.24750019,0,20.70056813,19.93504907,19.86360215,0,0,0,0,0,0,20.32089152,21.40908602,20.4202704,20.48508442,20.97717286,21.84731625,>>DiffResult,18.36288862,17.23410046,16.95967266,12.09984387,12.54598215,6.263044748,0.432665253,0.869141113,0.994728635,0.999995322,0.818812506,0.653454339,0.844841791,0.999985502,0.997731535,0.482928516,0.784069413,0.522505868,NO
AGRN-N250-H4N4S1F2,22.77348156,22.91085551,0,23.36407815,19.89568154,24.54938278,0,22.90112735,22.99961995,22.05775246,23.40445057,23.10797849,24.73003249,22.75315387,23.04933075,24.23370995,25.20484624,22.70604181,22.28982739,23.87332205,22.9784089,22.31477861,22.88235701,22.24596733,23.80956992,0,22.50210856,22.66505323,23.65713716,0,23.14872582,0,23.33422936,22.35541192,23.94005073,0,0,22.36431932,22.01921154,0,23.32552556,0,0,23.34236526,22.31953591,23.38149223,21.23100481,23.37091487,0,22.75635049,24.19342346,0,23.30798364,23.83412518,24.28463538,>>DiffResult,20.84023365,18.30553807,13.71619487,13.79748535,18.63599301,7.124038777,0.326131397,0.999999986,0.321130462,0.820716291,0.780570405,0.586861798,0.910533836,0.887301045,0.959328408,0.975425825,0.999991711,0.415755292,NO
AGRN-N250-H4N5S1F1,19.07347891,0,19.8096884,19.68699375,19.72267153,0,0,20.00122769,18.88837851,0,19.29522474,19.55221159,19.61105639,19.22128741,19.61100149,20.66674333,0,0,0,0,0,0,18.8793293,0,20.35071226,0,0,0,0,20.07118977,19.04132646,0,0,0,20.85434533,19.68008811,0,0,0,0,0,0,0,0,0,0,0,0,0,0,19.69591063,0,0,19.51717347,20.88978308,>>DiffResult,11.75699819,5.930123133,5.95757599,0,6.010286717,11.75699819,0.10056865,0.769662311,0.500035404,1,0.999999994,0.101565236,0.772630482,0.763922437,0.495313801,0.509130641,0.999999968,0.172382335,NO
AGRN-N250-H4N5S1F2,20.93444704,21.48310859,21.55070669,21.86435514,21.78593691,21.52119595,21.09367746,21.91237477,21.32982857,20.58465998,21.5458334,20.98263819,20.20751297,0,21.63836557,22.38302627,22.32280954,21.68751608,20.50321254,21.69474475,20.98025867,21.35187741,21.0939142,0,21.64018529,0,20.17985036,0,21.24587943,22.4867028,21.13095011,0,0,21.83626021,23.14154901,22.04719004,0,21.05983225,20.06452549,0,21.14919483,0,20.48820061,21.10276967,0,0,0,21.90599182,0,0,23.07469939,20.70169803,0,21.89924703,22.67718872,>>DiffResult,20.35129752,14.89786682,12.92803071,12.54803302,11.0258825,9.32541502,0.071695852,0.999992501,0.246295636,0.989092714,0.990444214,0.448783353,0.990126676,0.998150015,0.551218315,0.084075304,0.880674754,0.133092654,NO
AGRN-N250-H5N4F1,0,19.5573919,19.90618177,20.28596664,20.11120805,20.47572753,20.5887692,0,20.3816576,21.10263517,19.7627812,19.77374957,0,19.73224663,22.04589863,20.7443258,20.55413929,21.12513316,21.08005352,20.69095116,20.22492049,19.79937831,20.22379696,19.48513146,22.10867013,19.51542233,19.10759585,20.81097154,0,20.3854834,20.91997815,20.07773334,0,19.46592048,22.22711199,0,0,18.65890599,19.70307041,0,21.89305218,21.62335522,0,0,0,20.64919627,0,19.6086879,20.69292969,20.53297952,21.33308597,19.22223288,20.19417483,20.37860061,21.91385432,>>DiffResult,17.39594084,18.16613705,12.10527203,8.70328148,18.4525742,9.749292718,0.096979708,0.942100013,0.467167471,0.475187704,0.428285175,0.230708328,0.236236053,0.210435326,0.999218917,0.997303483,0.999991371,0.168203677,NO
AGRN-N250-H5N4F1+174.05,0,0,0,0,0,0,0,0,0,0,0,0,0,0,0,20.12424464,0,0,0,0,20.66900847,21.06823495,0,19.92316191,0,0,20.19125992,21.67432093,0,0,0,0,0,0,0,0,0,0,0,0,0,0,0,0,0,23.1741887,22.55372851,21.83468832,23.33137775,0,0,22.22423225,22.79832317,0,0,>>DiffResult,1.006212232,10.35259862,0,0,13.59165387,13.59165387,4.78E-05,1,0.996521148,0.021796916,0.001201749,0.998715879,0.090428003,0.011716413,0.015167866,0.000477936,0.859844488,0.000517845,YES
AGRN-N250-H5N4F2,19.17119966,23.57189478,23.36363481,23.60558557,23.7252446,23.6703903,23.80732248,24.40771433,23.69199779,22.80878961,23.39994537,23.48975591,24.46221597,23.23191975,23.95545371,24.7537522,24.31602585,23.01479057,18.61958641,24.03463409,23.99030073,23.66006394,24.44619954,23.06125533,24.56063446,23.77363429,23.03604087,22.47320396,24.55389682,22.69480815,23.41592872,23.52494473,0,22.53816883,20.83259276,24.3282377,22.06415694,22.17991269,23.65898213,23.66744252,22.85579851,24.01147072,24.06587731,22.19794519,18.99895136,24.28922754,18.92797118,19.47202073,24.3198952,19.99450135,25.15657403,23.41977273,24.28124192,24.19838535,25.04077493,>>DiffResult,23.25509269,23.62500381,20.6210367,22.42600862,22.9100365,3.003967108,0.316582752,0.87680599,0.302606114,0.314702842,0.585348926,0.98913263,0.969603206,0.999049513,0.998710102,0.999018583,0.990534979,0.407134475,NO
AGRN-N250-H5N4F3,18.88613628,0,19.77272381,23.81675899,20.52401443,0,20.25059068,0,19.69060418,19.95375551,20.43953911,20.17422158,18.78089121,19.04899316,20.00746954,0,19.5058207,20.09666514,19.81298328,19.51923131,20.72879288,20.04052517,21.45642452,19.64851332,20.65185057,0,0,21.0856588,0,0,20.86595009,20.94110443,0,20.97687895,21.09447788,0,21.27092292,19.21777501,20.40565468,17.92033732,22.54897161,21.66825104,21.06479764,0,0,21.78818867,21.35149127,20.99758883,21.0127273,21.32499631,21.75028143,21.20032257,0,20.53209994,22.42983455,>>DiffResult,16.01401995,12.36117653,16.26931013,13.05640406,19.23875309,6.87757656,0.488417877,0.964374347,0.999992988,0.863039983,0.944828882,0.963291137,0.999904301,0.713087422,0.827045266,0.882447047,0.428737787,0.569820857,NO
AGRN-N250-H5N4F4,0,19.99374625,17.88109777,0,18.85302343,0,0,0,18.27469685,0,19.81988425,0,18.47820581,0,0,0,0,0,0,0,0,0,0,0,0,0,0,0,0,0,19.29069186,0,0,19.58582376,20.23706508,19.06045264,0,0,18.93605908,0,20.35667003,21.19840522,20.88892848,20.61498913,0,0,22.51585293,0,0,21.51256702,20.99250626,0,0,0,21.46735172,>>DiffResult,5.665032718,0,9.711009243,16.61179857,8.648827793,16.61179857,0.013997929,0.615413782,0.762209189,0.117938214,0.998819863,0.112950095,0.01029925,0.477704139,0.471560535,0.906235795,0.20187681,0.03994248,YES
AGRN-N250-H5N4S1,19.61551705,0,20.11794937,20.11858409,20.30801391,20.06096802,18.22289518,20.61953141,0,18.90539091,0,0,20.00506427,0,20.03676436,0,20.98013049,19.47083533,19.49247063,17.93420162,18.92616133,0,19.01105965,0,19.93740848,0,0,18.88705468,0,20.01448546,0,19.16513415,0,18.77090805,20.29067226,20.12900719,21.91379757,0,0,0,0,0,0,0,0,0,0,0,0,0,0,0,0,0,19.39286431,>>DiffResult,13.79441583,9.67761696,10.02695192,0,1.939286431,13.79441583,0.004068374,0.251163566,0.807003976,0.999985843,0.262344437,0.02439773,0.284130712,0.994460991,0.751780282,0.009581677,0.304181468,0.015265624,YES
AGRN-N250-H5N4S1F1,23.88502012,23.89528613,24.12300371,24.20106437,24.48532232,24.39067421,22.82985849,23.95862302,22.79544439,22.74181668,24.07339009,22.78212052,24.58204799,23.43356651,23.74907048,25.10171984,24.35390616,23.60982545,22.98063136,23.30081407,23.04962264,21.65497483,22.20902107,0,24.44445587,0,21.88612271,23.41601123,22.53661971,24.29281854,23.66544166,22.82420805,20.75409127,22.8564563,24.33790737,24.77732453,20.84046658,20.79253744,23.12877602,22.13063383,23.02714324,21.88037409,23.80605913,22.34549105,21.78409179,21.88042105,0,22.02356486,22.12793674,22.2884944,23.79734557,21.6150786,0,23.76848482,23.32862121,>>DiffResult,23.7636603,18.34896466,22.61078431,22.56863186,18.08299472,5.680665572,0.056674833,0.999999993,0.985998179,0.484217289,0.422778634,0.993909342,0.680328624,0.628630995,0.133534095,0.103985445,0.999974741,0.113446711,NO
AGRN-N250-H5N4S1F2,21.74695462,25.37921284,26.15856679,26.38708575,25.75475289,25.73996042,25.10532647,25.58644308,26.43049314,25.48122286,25.60034873,25.49801588,27.38021265,25.96905791,25.89381291,27.23415496,26.38219292,25.20821836,24.79564228,25.74979672,24.78940254,24.8824956,25.04880182,24.18924703,25.8607721,24.92951717,24.55594299,25.55206294,26.64813566,26.391608,26.13381959,25.79886265,24.7052541,25.86090873,27.00238737,26.25931425,24.30150256,24.58644351,25.52860201,0,25.7482125,24.45143747,25.20192139,26.1442669,24.76846383,24.01449726,0,24.91997957,20.71678384,24.804378,26.13882544,24.12468799,21.26538377,24.66662063,26.93719883,>>DiffResult,25.67407361,25.28479858,23.01770948,25.26286042,21.75883553,3.915238076,0.247590982,0.916243162,0.625375875,0.835141457,0.977721952,0.999811175,0.999999999,0.684203869,0.999581741,0.246698473,0.49276449,0.336160114,NO
AGRN-N250-H5N4S2F1,24.26767342,24.70524977,21.88088651,24.23321521,24.42618173,0,18.73899112,24.12351591,25.0123183,24.32440611,24.70123408,23.20831136,22.31777209,0,22.36442802,25.03179961,24.15613626,21.50840723,23.90318729,19.6211415,0,20.27909928,21.54591478,20.22880737,24.50712897,0,21.61532527,23.84573802,0,21.83014228,23.76182117,0,0,20.84707665,22.75130082,22.56409825,0,0,23.14811911,0,24.19800904,20.81688884,24.27388206,23.57492377,0,0,0,0,0,22.28925672,21.53937854,0,0,24.11357769,23.88995516,>>DiffResult,20.92624278,15.3852156,11.3072416,18.57274074,9.18321681,11.74302597,0.027652565,0.680516124,0.113908964,0.892855828,0.989496484,0.989847217,0.977586413,0.440088031,0.615941123,0.031360902,0.643362649,0.066347007,NO
AGRN-N250-H5N4S2F2,25.26345767,24.90380104,24.61490973,25.22770369,25.8849608,25.28312655,22.95702567,25.01416883,26.03618002,23.75729998,25.48825835,18.77057654,27.11264966,24.12634702,24.89586361,26.77345151,25.24124832,24.91923199,24.88271549,23.70617523,0,23.52893496,24.58706935,23.19258312,24.61189728,21.66336806,24.77082713,24.06592224,23.53018621,24.57304908,24.71485859,23.93017146,0,24.17099108,25.90478273,25.68242932,21.30345788,20.0317214,24.09473103,23.10123745,25.05609547,24.41746695,25.23422896,23.65900468,23.38444374,23.42053171,0,21.51262656,0,0,0,0,22.5964209,24.03634647,22.09222455,>>DiffResult,24.74295758,21.45238374,21.29343809,24.35024796,11.36581502,13.37714257,0.000246227,0.928078623,0.702317607,0.99999838,0.019364837,0.999961566,0.940079264,0.010636089,0.737280471,7.63E-05,0.016856835,0.001845126,YES
AGRN-N250-H6N5S1F2,20.51296415,0,0,20.82132078,0,21.08617525,0,21.17485239,21.33210163,0,20.7956079,0,20.72936487,20.63829979,0,0,0,0,20.10811087,0,0,0,20.29704512,0,21.07494111,0,19.79808903,19.78469618,20.90589165,21.11263558,20.65580288,0,0,20.56525665,21.98156174,21.87398843,19.6286421,0,0,0,20.99702269,0,20.50820154,0,0,0,0,0,0,0,21.09362171,0,0,20.40251221,21.29255774,>>DiffResult,9.359939881,12.29732987,10.47052518,8.301044846,6.278869167,6.018460701,0.781435566,0.995820554,0.998813761,0.995292872,0.903431264,0.999641221,0.959047717,0.996816691,0.953042199,0.944517185,0.715533871,0.808049461,NO
AGRN-N777-H5N4S1F1,0,0,0,23.26364416,0,0,0,23.47808166,0,0,22.74051635,0,0,0,0,0,24.01053375,22.57638483,22.08958175,22.36202122,23.14800675,0,0,0,23.98062005,22.08215699,0,0,23.92165906,23.83735271,22.89592163,0,21.56002984,0,23.67713668,23.50424584,22.29044975,21.43077669,0,0,23.12626991,21.98335801,0,22.23474197,0,0,0,21.89983931,22.41781249,0,23.26908732,0,22.10851397,23.15279977,23.35018605,>>DiffResult,8.026038187,11.69697956,13.53585604,13.46887398,13.61982389,5.593785705,0.645599209,0.999999997,0.741803547,0.996613444,0.999999984,0.883509849,0.998671608,0.999999927,0.926162399,0.73104551,0.995974415,0.694940585,NO
AGRN-N932-H4N3S1F1,21.07401357,0,21.3340867,17.57573809,23.15710237,23.0412029,20.21534521,0,20.86808284,0,21.56247278,20.18257218,21.22862732,21.09347699,0,21.81917092,20.61932037,0,0,0,0,0,0,0,0,0,0,0,0,0,0,0,19.15916206,0,0,0,0,19.0283765,0,0,0,0,0,0,0,0,0,20.3123991,0,0,20.14483834,19.53448796,0,19.23850846,19.36368836,>>DiffResult,13.68856061,0,3.818753856,0,9.859392223,13.68856061,0.000366201,0.922610173,0.032317565,0.851074608,0.509130474,0.017938138,1,0.226982759,0.001111649,0.770618557,0.085880813,0.002391557,YES
AGRN-N932-H4N4S1F1,22.26917455,0,21.79744955,22.25609494,22.66599605,22.82950298,0,0,21.61715114,0,21.79858014,20.64665237,22.38630051,22.70071882,0,21.06390444,22.3544203,0,21.10731966,19.78445464,0,20.86961215,21.18356355,0,22.21653141,19.93665235,0,21.45456622,21.06636732,20.30799324,21.79267303,20.65057402,20.24032484,19.83190511,22.17243809,22.7263805,0,20.0148805,20.539967,21.12671334,20.82079418,0,21.15642221,19.83896286,0,0,0,20.58201628,0,0,0,19.85101028,20.76207111,21.58858403,22.09125943,>>DiffResult,15.263886,14.70352862,18.90958564,12.36323585,10.48749411,8.422091529,0.427255195,0.751057689,0.877612789,0.877948196,0.335130432,0.97704201,0.992708972,0.996891157,0.999896019,0.728978727,0.877026202,0.517228799,NO
AGRN-N932-H5N4F1,23.24356979,21.18346785,23.26919299,23.51935522,23.80922163,23.78068537,23.07912651,23.44253397,23.12360711,23.65987384,23.66188297,21.60559762,22.28585718,23.51056549,23.24060131,23.72482682,23.74372507,22.55346393,23.34182699,22.11909449,23.83915131,23.75014252,24.20938664,22.35591409,24.58169185,23.30764277,22.8468834,23.20520084,24.41104373,23.91652799,23.95321962,23.76672568,22.14347765,23.47888196,24.82032168,23.30243077,23.07222708,21.45820639,23.0487828,23.25021825,23.74635469,24.20879491,23.93762942,23.20216443,23.12859686,23.24635804,22.87223616,22.80051522,23.37497048,23.34882626,23.70762411,22.80458354,22.90243966,22.92690154,23.86789513,>>DiffResult,23.09490381,23.64235851,23.22944919,23.64470806,23.18523501,0.549804253,0.257636107,0.823347708,0.988129645,0.69420873,0.999913174,0.53905795,1,0.763480073,0.287795961,0.997426774,0.607883973,0.34697766,NO
AGRN-N932-H5N4F2,19.13717489,0,0,0,20.50232525,18.23876948,0,0,0,0,19.40479434,18.97475854,0,20.40397607,0,0,0,0,0,0,0,18.60735049,0,0,0,0,0,0,0,0,20.88757431,19.63593006,20.0883568,0,19.80593653,0,0,0,0,19.49540181,20.27232139,21.98254703,20.57399614,21.49185489,0,21.83981272,24.08503806,0,0,22.76758761,20.61996844,21.01988767,0,0,26.63576958,>>DiffResult,5.833089928,1.860735049,9.991319951,16.86414389,13.69680641,15.00340884,0.01615191,0.681806865,0.791429587,0.326170316,0.906533286,0.156788664,0.044652782,0.973322571,0.817481079,0.223090608,0.056571953,0.044219163,YES
AGRN-N932-H5N4S1,22.72194789,0,22.4306913,21.66737761,22.81209806,22.71682767,22.09321874,22.85205475,22.53801582,20.93698606,22.24284548,21.84094395,22.15446583,22.36027006,0,22.74342885,22.40779734,21.11161944,22.0473125,20.82374166,0,20.16130001,21.37889207,0,19.82041627,0,20.95673695,21.30676274,20.73770082,21.84813049,21.71628837,20.56634371,0,0,21.34305859,21.77160813,0,19.23256219,20.6615765,20.03644342,0,20.64094926,21.37738187,0,0,0,0,0,0,19.89375036,0,0,0,0,21.18395603,>>DiffResult,19.92508215,14.62099393,14.53278809,8.403666227,4.107770639,15.81731151,0.000591773,0.714596411,0.522204274,0.999999942,0.079859984,0.085530291,0.703729246,0.900999413,0.538366267,0.000263471,0.075894845,0.003476297,YES
AGRN-N932-H5N4S1F1,26.44521916,25.62967088,26.32583509,24.64669612,26.64602459,26.71413245,25.63653718,25.93933419,26.53917275,25.7501416,26.10450958,25.71568315,26.12059368,26.52113192,25.69665934,27.45698022,26.7360338,25.53078366,25.6766501,25.39845539,25.47394839,25.52467168,26.10113775,24.95380016,26.89901776,25.01626242,25.44934778,25.72397385,26.06759874,26.57956889,26.03699999,25.51519793,25.18403644,25.66315511,27.16187508,27.15984407,25.06739826,25.09035053,25.84707566,25.3269477,26.21760243,25.70830109,26.2120503,24.65070763,25.01599008,23.84955966,22.78316786,25.33948083,25.22973793,24.83067157,26.22198888,24.76463238,24.83965127,24.97810608,26.45182348,>>DiffResult,26.06151224,25.77893274,25.80528808,25.56093031,24.92888199,1.132630248,0.008343001,0.976023001,0.904947657,0.999991354,0.087645827,0.678256019,0.984275212,0.551414505,0.869738039,0.002843643,0.104116315,0.026359373,YES
AGRN-N932-H5N4S1F3,21.88977806,0,22.95836833,19.957344,24.09397972,18.64848133,0,19.04832275,0,23.71939799,19.25416634,0,0,0,23.56850862,24.48260188,0,22.64245669,22.2067611,21.77011576,23.10778754,21.51247796,0,0,21.82229427,19.45002155,21.57660819,0,0,21.70688501,22.85973346,21.70138103,0,0,23.8379811,0,0,19.33527448,0,0,24.42092601,0,22.45649528,0,0,0,0,21.17876476,20.50114786,0,0,21.33207076,22.48769625,0,0,>>DiffResult,14.21201413,12.91760745,8.773437007,9.375484258,8.549967963,5.662046166,0.595550772,0.999978226,0.719940097,0.920821939,0.999999066,0.908658303,0.977778368,0.999923359,0.998211666,0.689008774,0.905722693,0.655554475,NO
AGRN-N932-H5N4S2F1,25.8476498,25.24334674,25.89970605,26.18616412,26.50791559,25.91406748,24.55356049,25.75109496,26.39173468,25.48159019,25.43751444,25.30274024,26.5396489,25.93206501,26.04693336,27.00894811,26.66491383,23.84934023,25.27249368,24.16944964,22.77111027,24.8444614,25.64261776,23.11793921,26.02188404,23.16365274,25.35975028,24.622476,25.25847199,25.52168627,25.47007355,25.06352754,22.53044846,24.53515495,26.33517215,26.66572458,24.36480254,24.19979369,25.02375387,24.52602044,25.35252516,24.99733049,25.66267898,24.28148121,23.46912986,23.33765707,0,24.16656121,22.27050826,23.32698495,24.67542942,21.06598862,23.41868013,25.63382216,25.53520169,>>DiffResult,25.70004388,24.632405,24.87144718,24.75262914,21.34308335,4.356960526,0.031607435,0.999995914,0.968292773,0.999850984,0.147028032,0.979643838,0.999995717,0.355857426,0.923088157,0.012879853,0.200636851,0.074046276,NO
ANGPT1-N122-H6N5F3,0,0,0,0,0,0,0,20.7201622,0,0,0,0,0,0,0,0,0,0,0,0,0,0,0,0,0,0,0,0,0,0,20.46670206,0,0,0,0,0,0,0,0,0,21.52455981,21.69507013,21.64589614,0,0,0,0,0,0,0,0,0,0,0,0,>>DiffResult,1.03600811,0,2.046670206,12.97310522,0,12.97310522,0.000270082,0.003023297,0.986704132,0.902167238,0.902167238,0.000270736,0.000305384,0.000305384,0.985411662,0.985411662,1,0.001948927,YES
ANGPT1-N122-H6N5F4,0,0,0,0,0,0,0,0,0,0,0,0,0,0,0,0,0,0,0,0,0,0,0,0,0,0,0,0,0,0,22.27561204,0,22.2159247,0,0,21.13021973,22.07306012,0,0,0,22.95870296,23.6594902,23.42080578,21.88019683,0,0,0,0,0,0,20.78190477,0,0,0,0,>>DiffResult,0,0,8.769481658,18.38383915,2.078190477,18.38383915,1.37E-06,0.053967628,0.006104308,0.02354497,0.136297936,3.49E-06,2.11E-05,0.000167322,1,0.911585645,0.945777472,3.18E-05,YES
ASAH1-N259-H7N2,18.52131903,20.27149893,18.54187163,0,0,19.45683822,17.77778378,18.26248403,0,19.43857243,0,0,0,18.64037706,19.50386752,21.23423427,0,18.29290618,17.84991443,0,18.01127456,18.73780947,19.1779206,0,0,18.19052366,0,19.37451106,0,0,19.08467175,0,0,18.63189218,19.57764004,0,18.98483208,17.55143235,0,18.55694729,0,0,20.68320315,21.13332482,19.89483563,0,0,0,18.37004834,0,19.15920528,0,0,18.29545732,0,>>DiffResult,11.38958337,9.349203933,11.23874157,12.34227272,5.582471094,6.759801625,0.564599662,0.999569569,0.999999386,0.99226232,0.689450666,0.999654914,0.9796671,0.70850852,0.982241911,0.537672912,0.906867119,0.631595221,NO
ASAH1-N259-H8N2,0,20.21712014,0,20.38005092,21.45311893,0,17.7575419,20.01362926,0,20.39507874,20.79978661,0,0,20.22679806,20.96692742,21.68449223,21.23022084,0,0,0,20.48874405,18.83131928,20.64489701,0,20.40770289,0,0,19.88741995,20.59881907,0,19.98858111,0,0,0,20.95107671,20.3513379,0,17.09590081,19.66390984,0,20.08052954,21.17165566,0,21.3409686,20.3250318,17.76182884,19.13267843,0,0,0,0,0,19.51975948,18.3194546,0,>>DiffResult,11.25623825,12.08589023,9.805080637,16.58363712,7.473372135,9.110264985,0.571258658,0.744612221,0.996009789,0.987058743,0.985942223,0.833978402,0.928165514,0.486693231,0.999553959,0.873101638,0.849630584,0.634941,NO
AZGP1-N128-H5N4S1F1,0,22.90948406,0,0,0,0,23.46675104,0,0,0,0,22.84346666,0,0,22.32068272,0,0,0,22.6734633,19.99011138,0,21.73830602,0,0,0,22.43392717,0,0,21.98625959,0,0,0,22.50589964,22.98875552,21.57690963,0,0,20.45219563,21.10813021,20.95880374,0,0,0,0,21.4983189,20.8071185,0,0,0,21.29452042,0,0,0,0,0,>>DiffResult,6.710197959,6.615849278,12.95906944,4.299663779,4.210163892,8.748905545,0.364866526,0.547870466,0.52806496,0.647229307,0.333768295,0.989964424,0.993910136,0.999999985,0.999999927,0.970358206,0.984848163,0.457649108,NO
BSPH1-N72-H5N3S1,0,0,0,0,0,0,0,0,20.40731168,20.20264113,18.27336234,0,0,17.47383344,0,0,0,0,19.64377143,0,0,0,0,0,0,0,0,18.25786801,0,0,0,18.54641532,0,0,0,0,0,0,0,0,0,0,0,0,20.76124374,18.27210028,0,19.1436769,0,18.4700052,19.21004061,0,0,18.48036144,19.12651375,>>DiffResult,4.800046001,1.825786801,1.854641532,4.152248747,11.27026982,9.444483016,0.068292216,0.984381368,0.874932749,0.999999999,0.079094657,0.999839147,0.983637839,0.487830146,0.871021123,0.239960796,0.077648276,0.128971892,NO
BSPH1-N72-H6N3S1,0,0,0,0,0,0,0,0,21.38205918,21.49100021,19.54282166,0,19.79966254,0,0,0,0,0,20.88301298,19.31301165,0,0,0,0,0,0,0,20.33975847,0,0,0,19.57804722,0,0,0,0,0,0,0,0,0,0,0,0,21.33440424,19.66885918,0,19.93135747,0,19.81553576,20.28153135,0,0,19.57283331,20.07359559,>>DiffResult,6.120578411,2.033975847,1.957804722,4.266880848,11.93437127,9.976566545,0.079050347,0.988440715,0.730871598,0.999999965,0.092845156,0.992902534,0.989815994,0.498736123,0.743972026,0.428079218,0.096957852,0.142828215,NO
BTD-N119-H5N4F3,21.63503572,21.26577769,21.70424644,20.67271449,21.86410361,21.27298413,21.27075872,21.99047003,21.01645996,0,0,20.87851682,0,0,21.52916612,0,21.52706397,19.94821161,0,20.72117335,0,0,0,0,22.04150298,20.50886476,21.43734661,22.4939152,0,0,21.79623185,22.02006651,22.39217476,0,22.2110853,0,21.66109331,21.18283914,0,0,22.78916405,0,0,22.55607195,22.24903936,21.36449129,0,0,21.01320358,0,22.11173513,22.067658,0,21.65355726,0,>>DiffResult,14.86483413,8.648162955,13.12634909,13.51885507,10.82106453,6.216671177,0.647328086,0.999995626,0.993798534,0.888739253,0.989498433,0.999153331,0.924799407,0.991161767,0.585639505,0.872869902,0.991608275,0.696160564,NO
BTD-N349-H5N4F3,0,0,20.17374568,18.56035304,0,19.39601026,19.26939654,0,19.34014755,19.3325455,0,19.02202848,18.5959385,0,0,20.70959496,0,18.64166539,18.26225376,0,0,0,20.07518,18.87417414,19.16999197,17.41466012,18.37751036,19.64813096,0,18.08758933,19.85353059,19.34815533,19.64156874,17.89385625,20.19587311,18.8487985,20.05374562,0,18.79319307,19.6328547,20.73444987,21.06154261,20.26015991,21.46692473,20.95477167,0,0,0,0,18.28856385,18.79561283,19.9879512,0,0,19.49113085,>>DiffResult,10.56518398,13.16472369,17.42615759,20.89556976,7.656325874,13.23924388,0.027696612,0.949394022,0.266484166,0.809507551,0.105792114,0.1409347,0.493011063,0.057555774,0.93813822,0.909599989,0.622804913,0.066347007,NO
BTD-N349-H5N4F5,0,0,0,17.97962675,17.32952574,19.82351358,0,0,18.87175637,18.38811937,18.84074633,0,19.37188767,0,0,0,19.16291157,18.23541603,18.01589433,0,0,18.79409985,18.38266165,0,19.29295043,0,18.55048692,0,18.53923404,18.48943754,18.09421115,0,0,0,19.53719072,18.41562988,18.81194747,0,0,0,0,0,0,0,0,0,0,18.70299681,0,19.05431123,18.86869207,0,0,18.23126501,19.22004609,>>DiffResult,9.300969888,11.20488704,7.485897923,0,9.407731121,11.20488704,0.263266083,0.583945752,0.986466757,0.896775374,0.99023885,0.278225875,0.194378127,0.356192561,0.983820613,0.999999816,0.992435797,0.351856713,NO
BTD-N349-H6N5F4,0,0,19.04860278,0,19.24864171,0,0,18.67630718,0,0,0,0,0,0,0,0,0,0,0,0,0,0,18.79397915,0,0,0,0,18.00933585,0,0,0,0,19.48051432,0,0,18.19680795,18.76861859,0,0,0,20.03828996,20.45572905,19.9533842,20.56718171,20.30145969,0,0,0,0,0,0,19.39810345,0,0,0,>>DiffResult,2.848677583,3.6803315,5.644594086,20.26320892,1.939810345,18.32339858,0.000202808,0.004139386,0.848732463,0.971940679,0.773095929,0.000105805,0.000870565,0.000202452,0.998152525,0.997387864,0.982002177,0.001573357,YES
C1QTNF1-N93-H5N4F3,0,0,0,0,0,0,18.68595107,0,0,0,0,19.49247694,0,0,0,22.0742659,0,0,0,0,0,0,0,20.27682904,19.46683264,0,0,0,0,0,21.55199162,21.05479736,20.36733729,0,21.52584812,20.07847462,21.3015058,0,20.06549127,21.15691463,22.2199231,22.7925725,22.06236496,0,0,0,0,21.16749406,0,0,21.82335755,21.15696466,0,20.22698218,20.80169294,>>DiffResult,3.012634696,3.974366168,16.71023607,13.41497211,10.51764914,13.69760137,0.001824268,0.962670842,0.002423898,0.02184255,0.546000281,0.160564,0.325998425,0.976575299,0.998701864,0.217213977,0.491638216,0.00833035,YES
CANT1-N88-H5N4F3,0,0,0,0,0,0,0,0,0,0,0,0,0,0,0,0,0,0,0,0,0,0,20.92240229,0,0,0,0,0,0,0,0,0,0,0,0,0,0,0,0,19.87765866,0,21.63799451,21.56814736,21.62060081,21.33518172,0,0,0,0,0,0,0,0,0,0,>>DiffResult,0,2.092240229,1.987765866,17.23238488,0,17.23238488,8.08E-08,3.29E-06,0.813865259,0.999998605,0.880352114,2.17E-08,3.79E-06,2.12E-07,0.784060152,1,0.859413232,3.26E-06,YES
CCN3-N280-H4N5S2F1,0,0,0,0,20.19628434,0,0,0,17.54505038,0,0,0,0,0,0,0,0,0,0,0,19.00652319,0,0,0,18.83367072,0,0,0,0,0,0,0,0,0,0,19.31104847,0,0,0,0,0,0,17.4174981,21.26611567,21.24573836,0,0,0,0,0,0,0,0,0,20.19901794,>>DiffResult,1.887066736,3.78401939,1.931104847,11.98587042,2.019901794,10.09880369,0.06631041,0.077417788,0.999999983,0.974920758,0.999999842,0.041035484,0.21282267,0.081652239,0.954259218,0.999998597,0.979056293,0.126043689,NO
CD177-N189-H5N4S1F3,22.58295041,0,22.75637132,22.13824314,0,22.50570394,0,22.98929051,0,22.91290713,23.00359387,0,22.49247374,0,23.38040236,0,23.15731979,22.09198789,25.83748597,0,22.20490903,0,23.06351384,23.03503168,0,0,0,0,0,24.99711256,23.15100661,0,0,23.52750451,23.99328514,0,0,0,22.25602022,22.17874991,23.12646844,23.36397972,22.149623,0,0,21.39929494,0,0,0,0,0,0,0,0,22.44222151,>>DiffResult,13.7924365,9.330056711,11.51065664,13.72801423,4.384151645,9.408284858,0.300679488,0.996569437,0.985634938,0.992978717,0.637550464,0.999999996,0.955586204,0.575699184,0.852231054,0.229070749,0.869933829,0.390549246,NO
CD177-N189-H5N4S2,23.40722153,23.18607576,0,22.67366228,23.72571907,23.4110018,22.10386379,23.75639858,24.2785087,24.02297591,23.61782124,0,23.59861501,0,23.863259,23.98474855,24.18452866,22.57837293,24.80435897,0,0,0,23.40522954,23.43532637,24.14076259,21.39012423,22.95348632,0,0,23.77244325,23.53102306,23.07892294,0,23.80589321,24.62045676,22.91293848,23.58383701,0,22.49360847,22.49386919,23.61481192,24.1450522,22.73474337,23.25616344,0,21.95306358,0,0,0,0,24.31093843,0,0,0,23.14936681,>>DiffResult,18.85985659,13.90973723,18.65205491,18.75015419,6.941336883,11.91851971,0.049529628,0.99999998,0.999998401,0.849961296,0.108781816,0.999999955,0.916440352,0.25719354,0.74199181,0.039169525,0.578193262,0.10211664,NO
CD38-N219-H6N2,19.39495536,0,19.42869558,19.07539544,19.08106013,0,0,0,19.99925064,0,18.91022818,0,18.3764392,19.79054928,19.113672,19.59918204,0,18.23188961,17.76291735,0,0,19.47321579,19.66640563,18.93313386,20.30157868,0,18.69801905,0,0,19.02546829,19.03419204,19.30783641,0,18.8174639,19.80334396,19.44170395,0,0,0,0,18.61245333,18.61902964,17.87946941,0,21.26270307,0,0,0,0,0,19.43977794,17.72517257,0,19.02806816,0,>>DiffResult,11.43821174,11.60978213,9.640454025,15.27473109,5.619301867,9.655429223,0.389015717,0.82060669,0.988575221,0.990639176,0.881563675,0.929810234,0.956345719,0.365729002,0.999998937,0.527155543,0.63424084,0.481279646,NO
CD38-N219-H7N2,21.16579916,0,20.94929841,20.72653494,20.35335193,20.564777,0,20.07837193,20.96753737,20.53712734,20.26075214,0,19.93985332,21.18535059,20.59893266,20.42416472,20.24109332,20.13983849,19.00452984,0,0,21.00186097,20.89974884,20.20912638,20.90527932,0,19.96012725,18.21779574,20.15651989,19.96378552,20.21073237,19.67317535,0,19.9686407,20.79020814,20.72987466,19.34918329,0,20.22459654,20.45018898,20.00846229,19.8074214,19.08932393,0,0,20.26973942,0,0,20.39049547,19.9946011,0,0,0,19.90585016,0,>>DiffResult,16.35686566,16.13142439,16.13966,11.78104152,8.056068615,8.300797043,0.153089401,0.902902761,0.99999652,1,0.281457695,0.848603854,0.903503104,0.942849191,0.999995962,0.14055091,0.282422924,0.235264503,NO
CD38-N219-H8N2,21.72908871,0,21.19631211,21.36802874,20.71432578,20.88252623,0,20.56831718,21.50377927,21.07873816,20.43261615,0,19.71316129,21.29640445,20.80886613,20.84045255,20.549245,20.31941337,19.27735833,19.29365296,20.79237504,21.11794983,21.26922669,20.42667973,21.03258174,0,20.10713191,18.37041396,20.81725986,19.98002348,20.55557862,19.85334735,0,20.24422054,21.01564682,20.95811737,19.67336693,0,20.38182087,20.68897991,20.55203459,20.04378248,19.41204823,21.02690114,20.30459362,20.39725941,19.74617581,0,20.81290114,20.71546303,21.27975806,19.31625348,20.18951273,20.74068689,21.96326003,>>DiffResult,17.57861432,18.39136422,16.33710784,20.26787201,18.51612706,3.930764172,0.877124586,0.850738626,0.99126688,0.966821404,0.959037199,0.942081152,0.988765722,0.991342447,0.998301122,0.997034981,0.999999446,0.889296306,NO
CD9-N151-H6N2,20.31067607,20.57365699,20.23529702,0,0,0,20.88834678,0,21.1566892,0,0,0,0,21.82680363,21.47808949,0,0,0,0,20.12220069,0,21.90072316,0,0,22.36465754,0,21.94970759,0,21.73165697,22.22168689,20.90747551,0,21.04133136,22.16236449,21.10425933,21.59489852,0,21.22947056,0,20.96295071,0,0,0,0,0,0,0,21.66025591,21.00466542,0,0,0,21.71462746,0,0,>>DiffResult,8.329587994,11.01684321,14.90027505,0,6.437954879,14.90027505,0.097465011,0.07426951,0.467004037,0.913425479,0.356127708,0.485387459,0.295952103,0.778872349,0.960051243,0.989014718,0.853104706,0.168545263,NO
CHGB-N315-H5N3F2+204.06,0,0,0,0,0,0,0,0,0,22.18353122,0,0,19.25732278,0,22.4934803,0,0,0,0,0,0,0,0,0,24.85111251,0,0,0,0,0,0,0,0,0,22.36297988,0,26.41851406,0,19.79065367,0,0,23.0703779,20.72381542,23.63882994,22.00483252,0,0,0,0,0,0,0,0,0,0,>>DiffResult,3.196716715,2.485111251,6.857214761,17.88757116,0,17.88757116,0.002565197,0.106934039,0.766386414,0.743564875,0.328961888,0.005465048,0.008611473,0.001586365,0.999378824,0.84281584,0.957788666,0.010558857,YES
CHGB-N315-H5N3F3+204.06,0,0,24.06025604,24.76110526,24.95140639,24.41712462,0,0,0,23.92446529,0,0,21.79957861,0,0,21.72035903,0,0,0,0,19.5129766,0,23.66059936,0,0,0,0,0,0,0,0,21.89184939,0,0,0,0,0,0,24.07513979,0,24.42988276,25.07697814,0,25.1576143,24.35957716,0,0,0,0,0,0,0,0,0,0,>>DiffResult,8.281714761,4.317357597,4.596698918,19.80481047,0,19.80481047,0.007720602,0.044325027,0.860120778,0.999995864,0.823020424,0.135092135,0.038853645,0.004039132,0.825199836,0.190293031,0.853678949,0.024592325,YES
CHGB-N315-H5N4,0,20.79169365,0,20.39024221,23.72030895,0,0,20.03414545,0,0,0,0,19.67989409,0,0,20.81299625,20.16753062,0,0,0,0,19.63441344,25.12031439,0,0,0,0,0,18.93440741,0,21.60156594,0,0,0,0,23.71564772,0,0,0,21.89868558,0,20.23432156,19.54013912,21.08051623,0,0,0,0,0,0,0,0,0,0,0,>>DiffResult,7.279840561,6.368913524,6.721589925,12.17099538,0,12.17099538,0.180043054,0.831362004,0.999875917,0.999988791,0.514278868,0.839769331,0.79707838,0.148839072,0.99913709,0.289972336,0.56664788,0.265745366,NO
CHGB-N315-H5N4F1,18.45038483,21.90536744,24.92478592,21.07424585,24.20826734,24.74869389,19.80044151,25.98409259,19.17692245,21.68530006,20.48762835,17.94023636,18.7181246,24.44940975,25.34489612,20.25973453,19.22782753,18.39483613,18.46004802,18.73723693,25.78652556,21.81386154,26.62129658,18.34446862,19.10285734,18.63483977,17.04246229,21.77044809,0,24.53125168,26.51113138,19.45170205,19.01016211,25.68236284,21.64292962,25.99005831,25.98078648,0,18.3503058,26.27511603,25.91499059,26.22297092,20.71942096,20.83676347,19.82759651,0,19.75253066,18.00002841,0,20.09061297,20.02981073,24.25948444,20.62167385,18.35541796,18.26455943,>>DiffResult,21.19892401,19.36480115,20.88945546,22.70434849,15.93741185,6.766936647,0.200146107,0.983679002,0.99993702,0.981857624,0.398914332,0.988601754,0.863990171,0.29002538,0.940922663,0.204701864,0.734702052,0.286377968,NO
CHGB-N315-H5N4F2,22.23317017,25.54389413,22.96680209,24.9593078,24.6511921,22.87053338,21.23623239,21.31367303,24.71091523,24.13910255,23.67278773,20.83946054,25.09123843,25.30058395,25.30646022,25.00170264,25.0499018,22.32584807,19.99118051,20.68942438,26.26585588,24.44115012,25.18521308,19.65009874,23.67729266,23.254866,19.00902906,23.48175476,25.37173479,19.09736123,24.32903897,25.70982963,22.5477271,21.29107759,25.53504597,25.37407535,24.43353366,23.12380339,21.03945641,24.80789886,23.69030661,25.1376727,24.44014339,22.4783679,22.46759705,20.498642,21.88237677,20.05762439,24.18430733,24.68718883,21.85637485,22.52157691,24.2713153,21.40893239,20.69215595,>>DiffResult,23.39467056,22.94343563,23.81914869,23.64281753,22.20604947,1.613099221,0.379660779,0.999822719,0.979397792,0.849167008,0.350809437,0.999017659,0.964092414,0.659145841,0.974219034,0.514184327,0.913020735,0.47115016,NO
CHGB-N315-H5N4F3,21.51447958,24.14404088,23.47863583,21.51921869,21.82412971,21.97171512,21.86320812,23.78399332,23.74137774,24.70762355,24.10946996,0,21.60866029,21.37965712,24.99283796,24.12587897,23.26214897,20.55660002,21.33614356,21.17311562,22.32415159,22.13480029,23.54445633,20.48803933,23.97700388,22.33890006,19.97972949,22.03968407,21.76580239,20.64949149,23.00789125,24.15622515,24.2001279,22.00499219,25.72385041,24.81188548,24.26755745,20.77644704,23.64236726,24.59163594,23.34255987,23.81247659,23.63176998,24.32527468,23.5167862,21.70870092,23.57904093,22.30372155,23.10127029,22.68879498,23.15729881,23.21177572,0,22.4959341,21.24464772,>>DiffResult,21.55464675,21.92420589,23.71829801,23.72577347,20.3491185,3.376654965,0.456993559,1,0.731106496,0.900406304,0.464027793,0.871567785,0.949174443,0.653699932,0.999543681,0.958145314,0.935603641,0.541261874,NO
CHGB-N315-H5N4F4,21.09169245,22.70833346,0,20.90065466,20.55224665,21.0065546,19.76900658,0,22.44706304,22.58656736,23.75946633,19.74884966,23.01301822,22.66124169,23.01343142,23.24872294,21.94379821,20.88378062,21.17772542,20.56458324,22.29008582,21.49033576,19.2236984,19.76159432,21.60273526,21.59709962,0,0,20.95933514,20.34898528,20.80653223,21.23514766,20.08123835,20.47639574,24.61635717,21.89486332,22.34185989,19.35356905,20.04554785,0,0,20.04043973,19.29776603,22.54931188,21.33600592,21.65855815,24.21138938,22.06167852,21.76827594,22.08254647,19.89853526,0,21.79704576,22.0548821,22.23734857,>>DiffResult,19.55383683,16.72738696,19.08515113,16.64470471,19.77702602,3.132321302,0.814329618,0.975224808,0.999841464,0.954644766,0.999580027,0.936100474,0.999999961,0.939776767,0.865388599,0.999991764,0.891523082,0.837248306,NO
CHGB-N315-H5N4F5,0,20.96139891,19.70066131,20.33786871,0,0,0,19.74238784,0,20.22808169,21.88765579,19.23646346,21.76000074,20.48303357,21.08652446,21.21250935,21.2143396,21.16969413,22.01245308,20.13657319,20.29841208,19.54620422,0,19.20143461,21.05106922,21.20831008,18.81179052,0,0,19.22571648,19.54265411,20.2247503,0,19.69353541,21.5824245,19.74778473,19.86440831,0,0,0,0,0,0,22.05620042,21.29354483,20.9189103,23.920626,20.85274938,20.2022218,0,21.78543173,0,20.36458951,18.81979515,18.7474766,>>DiffResult,15.55848229,13.93429372,12.06555574,8.66994905,16.56118005,7.891230996,0.546370323,0.967856965,0.883956755,0.992601371,0.837238345,0.617672103,0.858166362,0.576567818,0.992499437,0.998845951,0.973566131,0.616512459,NO
CHGB-N315-H5N4S1,24.43745027,25.4684896,23.14597341,0,0,24.16965481,0,0,0,24.56886725,24.95112224,0,24.20128034,0,0,24.73154738,21.66826881,0,0,0,0,0,0,0,0,0,24.36853309,20.92655887,23.52332382,0,0,0,0,0,0,0,20.74102841,0,0,0,24.43064252,23.42072488,23.72965205,26.50091382,0,0,0,0,0,0,0,0,0,0,0,>>DiffResult,10.86713271,6.881841578,2.074102841,19.61638666,0,19.61638666,0.002823525,0.017292224,0.162754034,0.811881985,0.989755753,0.401655845,0.145646466,0.005846654,0.834899473,0.048832935,0.531172143,0.011532744,YES
CHGB-N315-H5N4S1F1,20.61461833,0,19.63619514,21.04529868,22.84152115,22.82677565,0,0,0,22.79399434,21.92040547,21.64199688,16.69304637,23.46920251,24.16393784,23.87403078,22.37624055,21.84085313,18.02985957,20.32192058,23.19768839,0,18.14823435,0,0,0,21.88503285,0,21.40815967,0,24.79174205,18.57055993,22.00751305,0,24.10091161,24.67494284,22.88325444,19.75935835,0,0,23.32330966,21.14847557,0,23.83351875,0,24.45851534,0,0,0,18.18084676,0,0,19.89017287,0,0,>>DiffResult,17.20449485,8.463911525,15.67882823,13.6610608,6.252953498,10.95154135,0.04868374,0.996352472,0.995274642,0.523312154,0.257607213,0.957840606,0.886566665,0.682651627,0.198088585,0.060381525,0.988756621,0.100727951,NO
CHGB-N315-H5N4S1F2,0,19.99234241,0,0,0,0,0,0,0,22.76957429,0,0,0,0,19.77770433,0,19.08401108,0,19.74840014,0,0,0,0,0,0,0,0,0,22.11179965,0,20.25156747,20.06360801,21.85941366,20.90095636,20.95513709,18.97972071,19.75692053,17.55250509,18.74230817,18.48120245,0,0,0,22.88769306,0,0,0,0,0,18.04611194,0,0,0,19.0854007,0,>>DiffResult,5.068601612,2.211179965,19.75433395,4.577538612,3.713151264,17.54315399,2.11E-05,0.006439827,9.46E-05,5.30E-05,0.000231321,0.999938641,0.980172039,0.999596161,0.873150501,0.990998065,0.992304052,0.000267782,YES
CHST11-N205-H6N5F4,0,18.59777917,18.92235402,0,0,18.77402705,0,20.09627743,0,0,0,0,0,0,19.28862564,20.58475276,0,0,0,0,0,0,0,0,0,0,0,0,0,0,0,0,0,0,19.32378471,19.0998937,0,0,0,19.39615683,20.28163005,20.45290857,20.62208349,20.69359213,20.3297488,0,0,0,0,0,0,0,0,0,19.80435372,>>DiffResult,5.813190804,0,5.781983524,20.47599261,1.980435372,20.47599261,0.000125377,0.005555531,0.999999997,0.410764849,0.777043505,0.001992476,5.48E-05,0.000287127,0.263611752,0.665849161,0.974270111,0.001084493,YES
CLU-N103-H10N7F1,25.45862042,24.32610958,22.53975103,25.74598452,22.86810621,22.45066911,0,22.12368727,23.39100032,25.09708111,22.7106807,0,21.7896365,22.50470681,24.68616558,22.74354592,0,23.67559447,21.92494411,0,25.04107401,22.03770315,22.29441006,21.93815953,23.2439213,0,22.23066986,0,23.4577037,23.7288484,0,24.78983958,0,0,0,23.108203,21.60320682,0,0,0,0,0,0,0,0,22.85029697,25.37497912,22.43457247,23.07862075,24.82282354,23.49406315,21.57126503,22.83486801,22.01987803,23.51862256,>>DiffResult,18.70181418,18.397249,6.95012494,0,23.19999896,23.19999896,1.04E-05,0.592179452,0.008556654,0.037427469,0.001056214,0.000712547,0.002830382,0.000107819,0.99998424,0.669763556,0.730398063,0.000164857,YES
CLU-N103-H10N7F2,23.99687575,20.57448429,0,24.29509399,0,21.20077073,0,20.60648805,22.54938193,22.98191445,0,0,0,21.28466789,23.28899197,21.55844313,0,22.95263527,20.98690094,0,23.94030967,0,21.4775376,0,22.04258698,0,0,0,21.17813274,23.05227681,0,23.81327203,0,0,0,21.50735471,0,0,0,0,0,0,0,0,0,0,23.54033083,0,20.64657193,21.74262609,22.66848784,0,0,0,21.16451096,>>DiffResult,13.31383242,11.16908438,4.532062674,0,10.97625276,13.31383242,0.073103705,0.936059138,0.224058145,0.634488997,0.659757452,0.106776686,0.322968267,0.340218384,0.98493466,0.979263115,0.999999367,0.13445944,NO
CLU-N103-H10N8F1,23.91020507,23.6330904,22.94730028,23.9657262,23.85349468,24.61676321,0,22.78962406,22.93942689,24.12126591,24.78316819,0,20.05992274,23.40831327,24.20521007,24.09540866,23.77701781,23.06599367,21.50404,0,23.49727425,24.21663531,23.97113303,23.55619804,24.05658134,0,23.97490008,21.80804683,23.84706004,23.83025564,24.05839815,24.15112825,0,23.41807251,24.43266181,24.54244467,24.1673396,0,0,22.73882949,23.18056873,21.82438097,22.49343473,24.39213451,24.66031406,21.61051743,22.47564646,22.72608267,0,0,23.50813706,21.78264369,19.41142257,0,0,>>DiffResult,19.88379856,21.27580846,16.75088745,23.3101666,13.15144499,10.15872161,0.19174747,0.697473011,0.905626521,0.810157483,0.907175109,0.94620609,0.994399342,0.280778397,0.995064193,0.343963588,0.300599153,0.278105201,NO
CLU-N103-H10N8F2,0,23.1138222,0,0,0,0,0,22.84801599,0,0,25.04960552,0,0,0,24.39966815,23.34491109,23.70812941,0,24.07178282,20.92654907,23.82792153,23.74223332,0,23.15897067,24.08596483,0,23.83466262,0,23.74173985,23.88535014,0,24.1974443,0,23.97405914,24.59992554,0,0,0,0,22.39255174,0,0,0,0,24.11352257,22.71280333,0,23.23591161,22.69381766,0,0,0,23.83972647,0,0,>>DiffResult,9.373124212,16.6276843,9.516398072,4.822704514,9.248225907,11.80497978,0.389579063,0.949153613,0.999999771,0.662048942,0.999998422,0.937369702,0.368771473,0.958668775,0.510859507,0.999999868,0.630281517,0.481414297,NO
CLU-N103-H10N9,0,0,22.00409257,0,23.07763848,0,0,21.10770748,0,0,0,0,0,0,0,24.11971613,0,0,0,0,0,0,22.2843352,0,0,0,0,21.5511962,0,0,0,0,0,0,20.81029116,0,0,0,0,0,23.02456507,23.31181499,23.8701543,23.24024937,22.78148495,0,0,0,0,0,0,0,0,0,0,>>DiffResult,4.515457733,4.38355314,2.081029116,23.24565373,0,23.24565373,1.52E-05,3.98E-05,0.916567606,0.958058848,0.970816778,6.84E-05,0.000267258,6.74E-06,0.999998987,0.52994327,0.685802602,0.000216567,YES
CLU-N103-H10N9F1,21.60243065,0,0,0,23.96690947,20.99527127,0,22.14658123,0,0,21.74795591,0,20.79151497,0,22.83555677,24.86044635,20.80102142,0,21.39119077,0,0,0,21.61270293,0,22.14166731,0,0,21.23738182,0,0,20.92675306,21.06251882,0,0,21.36433518,0,22.95413112,0,0,20.99607201,23.68514784,22.86810301,24.20690302,23.66972966,23.23200437,0,0,0,0,0,0,0,0,0,0,>>DiffResult,11.05694394,6.499175206,10.73038102,23.53237758,0,23.53237758,0.000908216,0.122627613,0.999986005,0.860341694,0.10678331,0.085658128,0.017300811,0.00040765,0.736143017,0.034811616,0.558127676,0.004914059,YES
CLU-N103-H11N7,23.40776443,21.96536899,0,24.24951815,0,0,0,0,22.35857981,22.30115922,20.95516729,0,0,0,0,0,0,22.6557896,0,0,24.38725911,20.94395777,21.81587605,0,21.97327141,0,21.20061496,0,22.2235288,23.26532148,0,23.82046728,0,0,0,22.31413708,0,0,0,0,0,0,0,0,0,0,23.65294178,20.44918451,20.27445992,0,0,0,0,0,0,>>DiffResult,7.894667374,15.58098296,4.613460436,0,6.437658621,15.58098296,0.056008975,0.92128024,0.919731924,0.130718644,0.994427422,0.536586899,0.055038993,0.777644632,0.306979606,0.995920083,0.278490511,0.11230616,NO
CLU-N103-H11N7F2,25.39676435,24.40416172,22.65748845,25.09628718,23.15495584,22.57744261,0,22.39768477,24.10443214,24.53587102,22.88368848,0,0,22.42529662,24.83261747,23.44137293,22.11042791,24.70353285,22.62964081,0,26.01720119,22.52696686,23.37916528,22.46840033,24.33457468,0,22.45829894,0,21.66947414,23.8196046,0,25.08814005,0,0,0,22.80844817,21.51458067,0,0,0,0,0,0,0,0,21.33177308,25.35448316,22.11594031,0,23.87767465,23.17574754,21.30830265,23.45209992,22.5673849,22.6726172,>>DiffResult,18.86758326,18.6673686,6.94111689,0,20.58560234,20.58560234,0.00010134,0.65125448,0.013873529,0.050199969,0.015096467,0.001508308,0.005019962,0.001587358,0.999997726,0.988983124,0.990298016,0.00094021,YES
CLU-N103-H4N3F2,22.4438357,22.87691931,22.48930366,22.8317715,23.47756625,21.97657009,21.46643439,23.05888533,22.23795918,23.85612698,23.69121987,20.55119669,22.48342029,23.06820097,21.75889108,23.93303701,23.46957979,22.33734989,21.50691383,0,22.97181439,22.0566897,22.8618814,22.04024679,23.05045516,21.26949069,22.93197861,0,21.34707342,20.92968291,22.70606971,21.99046818,20.64737518,22.5180885,21.57995805,22.5197498,21.89323902,20.3815382,22.31701773,23.17715734,22.33040514,23.64437362,22.80952167,23.46477794,23.10851476,21.90181715,22.5867644,22.40127517,22.15866425,22.79570479,0,21.54905551,21.74185361,0,22.76703461,>>DiffResult,21.47575909,19.94593131,21.97306617,23.07151863,17.79021695,5.281301679,0.39244013,0.997058654,0.999488659,0.939002424,0.515951422,0.982707386,0.869483689,0.485566365,0.962364542,0.498779965,0.924777407,0.483767529,NO
CLU-N103-H4N3F3,22.77384136,23.06202354,20.90340746,21.53754435,22.1157914,21.86546374,0,0,19.51649229,22.74232576,23.5426167,0,23.51785639,21.97419134,21.39762304,0,22.55835665,0,21.49852909,0,22.68582463,20.63711857,21.4489606,0,21.91986506,20.27500576,22.47219208,0,0,0,20.61533242,21.57414191,0,22.45845186,22.06379467,21.05729998,0,0,22.29073272,20.41329599,0,0,0,22.0321661,20.91787121,0,21.85487947,21.02997331,0,21.60201358,21.16944383,0,0,21.91880926,21.69822349,>>DiffResult,15.45030316,12.94389667,15.04730495,8.590007461,12.92733429,6.860295694,0.755083366,0.809736753,0.999979754,0.992276267,0.992041926,0.709864101,0.946897406,0.947597949,0.974524916,0.973905351,1,0.786713418,NO
CLU-N103-H4N6F2,0,0,21.41103632,0,21.93941716,0,0,0,0,0,0,0,0,0,0,21.27365892,19.61918227,0,0,0,0,0,20.69387918,0,0,0,0,0,0,0,21.31643644,19.28608903,20.79275153,0,21.32911317,0,19.2287785,0,0,19.13970604,22.83434936,24.50067573,22.76152222,0,0,0,0,0,0,0,0,22.17206052,0,0,0,>>DiffResult,4.212164733,2.069387918,12.10928747,14.01930946,2.217206052,11.94992154,0.015807895,0.994677914,0.158295591,0.096895272,0.105180068,0.187972065,0.113243446,0.120867616,0.969979555,0.976863495,0.999999536,0.04358356,YES
CLU-N103-H5N3+242.02,0,0,0,0,20.38250834,19.35008776,0,0,0,0,0,0,0,0,0,0,0,0,0,0,0,0,0,0,0,0,0,0,0,0,0,0,0,19.76671124,0,0,0,0,0,0,0,0,0,0,0,0,20.21503999,20.06398841,0,21.22026089,20.17991862,0,19.86087147,0,20.97518298,>>DiffResult,1.986629805,0,1.976671124,0,12.25152623,12.25152623,0.00041593,0.979956493,1,0.958218425,0.006747399,0.971494479,1,0.008860708,0.929913035,0.001271471,0.000817571,0.002640885,YES
CLU-N103-H5N4F1,22.62100861,22.71763732,23.44970571,21.06273738,0,22.52043513,22.68755216,0,0,23.24390109,21.73588447,0,0,22.18782897,23.32166925,23.20020393,21.84741762,22.27992914,22.08871475,21.92497817,21.85730967,0,24.71771435,22.97290964,22.8290832,22.12150568,22.34002952,24.38382481,22.45189381,21.13766908,20.45055376,21.76496112,0,0,22.04368988,0,0,0,0,21.46360174,0,23.86706052,23.21851665,23.62667838,23.90088314,0,21.94901509,0,0,0,0,22.36410917,0,0,0,>>DiffResult,16.84448019,20.48119398,8.57228065,18.92262774,4.431312426,16.04988155,0.0016414,0.30693596,0.196489537,0.061574344,0.874150632,0.992774902,0.998333879,0.064201365,0.868474748,0.014654507,0.004718271,0.007684484,YES
CLU-N103-H5N4F1+163.08,0,0,0,0,0,23.03470869,0,0,0,0,0,0,0,0,0,0,0,0,0,0,0,0,24.04700165,0,22.72870311,0,0,0,22.74115141,0,0,0,0,0,0,22.2973947,0,0,0,22.92249898,24.19145475,0,0,23.70612898,25.21080827,0,24.34879741,23.69902288,23.50201928,0,0,0,0,23.34795665,0,>>DiffResult,1.151735435,6.951685616,4.521989368,14.6216784,9.489779622,13.46994296,0.039663585,0.310155675,0.889559648,0.978600818,0.768844196,0.049417342,0.584148062,0.860411276,0.519587069,0.173424729,0.974885972,0.087196574,NO
CLU-N103-H5N4F1+174.05,0,0,0,0,0,0,0,0,0,0,0,0,0,0,0,21.86646413,0,0,0,0,0,0,0,22.08276526,0,0,0,24.70070551,0,0,0,0,0,0,0,0,0,0,0,0,0,0,0,0,0,23.27399663,23.79065446,23.02244413,23.47578367,0,0,23.44282515,22.62130337,0,0,>>DiffResult,1.093323207,4.678347076,0,0,13.96270074,13.96270074,0.000222926,1,0.994999873,0.604435549,0.000721762,0.998144893,0.764357313,0.008092136,0.707243393,0.000292375,0.046383591,0.001703271,YES
CLU-N103-H5N4F2,25.30853759,25.15217423,25.94320754,24.56315408,26.40370379,25.22730268,24.46990325,25.22991255,24.73490009,26.20736875,25.09878697,22.84058086,24.95536416,25.08667553,25.64888387,26.21220853,24.96648949,24.38781032,24.30247028,23.72815761,24.53394083,24.98896021,26.37583752,25.20972251,25.64473309,24.13549446,25.23655275,27.00906017,24.58532264,23.86685679,24.80820889,25.43808876,23.7753881,24.04619283,25.2658605,24.62523744,24.90962482,22.69681939,25.15191835,25.45781886,25.84143509,26.63138152,26.14894014,26.92264657,26.63517807,24.21450853,25.20702328,24.95867434,24.82959689,25.35570039,24.46565411,24.94039655,24.09841679,24.93191228,25.65407166,>>DiffResult,25.02337961,25.1586481,24.61751579,26.43591628,24.86559548,1.818400486,0.003185043,0.001321945,0.693646828,0.568140203,0.958376549,0.00840805,0.043298754,0.007239185,0.992484321,0.986541733,0.925841325,0.01257877,YES
CLU-N103-H5N4F2+163.09,0,0,0,0,0,0,26.51372511,0,0,0,0,25.78849371,0,0,0,0,0,0,0,0,0,0,0,0,0,0,0,0,0,0,0,0,25.47129823,0,0,0,0,0,0,0,0,0,0,0,0,26.24585966,0,0,0,27.32562284,26.61949142,26.6193191,26.75037065,0,27.56168647,>>DiffResult,2.615110941,0,2.547129823,0,16.11223501,16.11223501,0.00039206,0.981177758,0.999999956,0.960667739,0.006254927,0.971045328,1,0.008567644,0.928879954,0.001219623,0.000780636,0.002546209,YES
CLU-N103-H5N4F2+174.05,0,0,0,0,0,0,0,0,0,22.91152969,0,0,24.66361443,24.6315899,0,25.00678637,24.60885824,23.94345238,0,0,0,25.0655426,0,25.24223651,0,0,25.23493345,0,23.97162153,0,0,22.96242725,0,22.34715521,0,22.54213437,23.89489207,0,24.22082521,24.62041823,0,0,0,23.41020101,0,25.89592763,26.20982385,26.00174646,26.66286064,0,0,25.41693468,25.57668042,0,0,>>DiffResult,7.288291551,9.951433409,14.05878523,4.682040201,15.57639737,10.89435717,0.285384482,0.622827833,0.603991047,0.941385714,0.998608802,0.992655192,0.931274624,0.479164991,0.979203609,0.404808473,0.836685848,0.376540023,NO
CLU-N103-H5N4F3,27.94147545,27.66629545,28.18056736,27.42867932,29.01870607,27.48364679,26.78931334,28.14730029,27.06577,28.26211459,27.78501631,25.93457987,27.70441191,27.59490175,27.88397795,29.02885753,27.98225859,26.8206468,27.23178264,25.98595326,27.60324935,27.63361192,28.62141534,27.89073884,28.06925626,26.41699884,27.75169292,27.36248605,27.05942158,26.66172815,27.65264838,27.83176263,26.41236566,27.3005478,28.06482237,27.27951717,27.80303136,25.6984076,27.98270266,28.18972508,28.30325982,28.82268403,28.3724027,28.78933127,29.03643701,27.13729212,27.47764064,27.44084536,27.55261876,27.76791298,27.38943826,27.00836433,26.95607084,27.9307346,28.33559651,>>DiffResult,27.59681276,27.50705992,27.42155307,28.66482297,27.49965144,1.243269896,0.021732462,0.016576532,0.965998016,0.998715242,0.999100301,0.02766417,0.030050502,0.028578345,0.997275829,0.996293995,0.999999925,0.055591353,NO
CLU-N103-H5N4F3+174.05,0,0,0,0,0,0,0,0,0,22.97564368,22.37800328,0,24.76625075,23.9060332,0,23.11984242,24.16822126,23.32850445,22.79456173,0,24.49885803,24.93245181,0,0,0,0,0,0,23.54497202,0,21.75083669,22.64847987,0,22.55065306,0,0,22.87839223,0,23.51825259,22.49513819,0,0,0,0,0,21.38351466,26.37285551,26.27499996,25.46391432,0,0,24.10483998,25.53007809,0,0,>>DiffResult,9.371853039,7.297628186,13.58417526,0,14.91302025,14.91302025,0.144404422,0.213314601,0.877581824,0.738647891,0.998985274,0.486098074,0.774623254,0.141469889,0.990060318,0.725969563,0.579716901,0.226588952,NO
CLU-N103-H5N4F4,27.26112033,27.40024146,25.97779875,27.00540816,26.78427209,27.23288627,24.59381785,26.11872842,26.65288593,27.82612332,27.95675294,24.65181833,27.9198015,27.14073074,27.29511166,26.47565068,27.52756549,26.83570454,26.79990009,25.10571858,27.88272236,27.59852484,27.2732283,26.36124149,27.97227857,26.54041301,27.62919897,25.51879699,26.8573344,26.62822496,26.58388163,27.52575703,23.7555324,27.15515992,27.40764502,26.69526015,26.76090982,25.62116514,27.35567678,26.19486838,25.96411023,25.04680042,24.64372092,27.1872255,26.60305529,26.987189,27.68303551,27.61205564,26.48491963,27.7968363,27.26727181,25.49339049,26.81588825,27.51373661,28.11185173,>>DiffResult,26.72810186,27.02619639,26.50558563,25.88898247,27.1766175,1.28763502,0.127344626,0.763910957,0.974285595,0.741124991,0.523364191,0.410413135,0.207142399,0.116674933,0.927817861,0.744772205,0.996605284,0.206185413,NO
CLU-N103-H5N4F5,26.50719487,26.54020615,25.2568737,26.01922971,25.85382264,26.37272229,23.7018486,25.05209111,25.92037569,26.63043367,27.42745775,23.66504564,27.57761684,26.23676069,26.31547523,25.68176941,26.55538119,25.97144111,26.14591219,24.43807448,27.15084674,26.72821205,26.28161351,25.11875076,27.25731285,26.12979612,26.64429628,24.39198157,26.0764657,25.70972631,25.65348351,26.6650117,22.53199185,26.68152514,26.35757084,25.88314384,26.0024328,24.70114246,26.47395075,25.29968228,24.80042832,24.01928539,0,26.4211241,26.64638163,26.37360178,26.87152586,26.62358752,25.67800158,26.63916503,26.58292134,24.49479604,25.76575756,26.40828165,27.10607959,>>DiffResult,25.89348665,26.14890019,25.62499352,20.37744389,26.2543718,5.876927909,0.02167524,0.049389879,0.999591576,0.996796933,0.993502994,0.016233853,0.024058009,0.020677269,0.99966486,0.998689401,0.999994426,0.05556657,NO
CLU-N103-H5N4S1F1,23.00808652,21.80705698,23.2557486,20.80375473,24.086538,21.29981568,22.86751578,23.08808204,24.09761866,23.81623569,23.1131509,21.74183307,22.78283116,22.60364131,23.6770505,24.05292721,22.71002336,20.86211127,23.56610515,0,22.15529945,21.52496123,21.92668266,21.78850947,22.68299897,22.75861433,22.51174322,22.79268784,22.71974971,22.70696103,20.74277128,22.46878502,0,0,21.39692779,22.14372244,21.84553268,0,22.06523748,0,23.0743645,22.68912484,21.22797126,23.28547945,25.95824345,0,0,21.58480479,21.08473299,21.95984579,22.44069544,20.95770202,21.52620122,21.6761749,0,>>DiffResult,21.66200633,22.35682079,13.06629767,23.2470367,15.12301572,10.18073903,0.006945334,0.095095074,0.028811266,0.047139556,0.969176542,0.992290446,0.999428875,0.263550711,0.999156829,0.155812267,0.18848548,0.022795758,YES
CLU-N103-H5N4S1F2,23.12771109,23.26351265,23.72361766,22.65877867,25.01319405,23.06920568,22.69020532,22.20460423,22.13293917,24.26421289,23.70732606,21.67172787,23.40614003,22.58179442,23.34637791,25.49486168,23.48796472,22.36686087,24.08980968,22.3953015,22.12097001,21.81422685,0,21.79798876,22.32637071,0,23.47857948,23.48105623,22.07268033,22.57549702,24.33216286,23.69803053,0,23.31027095,24.52156373,23.60739535,24.25056323,21.87609856,24.01622336,23.8154164,22.7530113,22.71039855,23.40686233,22.67825903,22.0291571,22.2176346,22.24155898,22.82805906,22.00432743,0,23.37360101,21.33412977,21.85947094,22.83140853,23.69242469,>>DiffResult,23.23480731,17.96673694,21.3427725,22.71553766,20.2382615,5.268070369,0.234948898,0.99342397,0.925036503,0.717485894,0.99378375,0.999791634,0.602106494,0.942396282,0.172798798,0.698735659,0.914580272,0.325295231,NO
CLU-N103-H5N4S1F3,23.04443711,22.51390186,24.64309628,21.7469702,25.06145395,22.71353811,20.64741291,22.48713731,21.47918127,24.58642322,24.6695959,20.59417827,23.69968081,24.63888562,24.98787613,25.91384088,24.8633512,21.46238208,25.32410547,23.24696448,22.78432787,24.70956029,24.45320102,22.6963431,22.77126325,23.63997886,24.51458761,23.32125374,22.08948687,24.16172175,23.03097785,24.48388359,0,21.67729242,24.47610529,24.34400507,21.79337655,0,22.37274098,23.24083564,24.91007867,24.66916405,24.40939827,23.06355536,21.49794595,22.39947598,21.72492671,23.56251222,22.32955749,22.54658853,24.74759059,22.93285924,23.11958786,22.29641028,24.50168995,>>DiffResult,23.41622065,23.51417244,18.54192174,23.71002846,23.01611988,5.168106723,0.049650338,0.207817453,0.042617258,0.094292113,0.161592004,0.999922092,0.999989254,0.998371971,0.999997306,0.999269913,0.999018414,0.10218529,NO
CLU-N103-H5N4S2F1,0,22.50667292,0,24.25881317,22.6668839,19.03745063,22.15267305,21.15656496,21.80921594,21.39933251,24.42237126,22.32955479,24.18344779,22.48055438,24.60106231,25.27890257,24.14221796,0,24.10284517,0,23.78665121,0,23.16773496,0,0,0,0,21.35979495,0,0,0,0,0,0,0,0,0,20.76832549,0,0,24.61462552,0,24.02054869,22.14223943,20.19306246,0,0,0,0,23.57555119,23.94922232,22.13647028,22.90287866,23.83706382,23.72779972,>>DiffResult,18.32642817,6.831418112,2.076832549,18.19409522,14.0128986,16.24959562,0.000689374,0.03606409,0.000931571,0.82093363,0.070407895,0.999999881,0.241437753,0.938511682,0.033795944,0.794813062,0.494444266,0.003931115,YES
CLU-N103-H5N5F4,0,0,0,0,0,0,21.61564957,0,0,0,20.36698363,0,0,23.79659392,22.34495383,0,0,0,0,0,0,22.85468706,22.52736318,0,23.25692985,21.30556538,22.13206328,0,23.07053239,21.7820151,20.66088125,0,0,22.98830994,0,0,0,21.91069491,0,0,0,0,0,0,0,23.72824622,0,23.31077073,22.12856204,0,21.8800808,0,0,22.90002917,0,>>DiffResult,4.406209047,15.69291562,6.55598861,0,11.3947689,15.69291562,0.017675295,0.747842047,0.980254755,0.254082709,0.810683224,0.900011453,0.043437956,0.237777151,0.03839194,0.374797972,0.867971079,0.046500959,YES
CLU-N103-H6N4F2,0,0,0,0,0,21.77876141,0,0,0,0,0,21.3408165,0,0,0,0,0,21.13014863,0,0,0,0,22.64384889,0,0,21.17721816,0,0,20.64491432,0,0,0,22.12763886,0,0,0,22.10048736,20.34127455,0,0,21.75011639,0,21.11722492,28.22345459,0,0,0,0,24.36427835,0,0,0,0,21.06055201,0,>>DiffResult,3.212486327,6.446598138,6.456940077,14.21815918,4.542483036,11.00567285,0.256649161,0.586953352,0.907046596,1,0.991715241,0.167849863,0.585713594,0.367535504,0.908020083,0.9964478,0.991884308,0.346047139,NO
CLU-N103-H6N4F3,21.87334525,25.28263515,0,0,24.8401184,0,0,0,0,26.69540728,0,0,25.6163362,21.97634982,24.92826992,22.05036282,0,24.30745343,24.93762367,0,25.52813933,0,25.51790551,0,25.85683176,20.42683414,25.92135655,0,0,25.12823628,25.14893093,26.21586801,0,21.72603034,22.903196,0,0,0,25.02273972,0,0,0,22.46877666,0,0,0,0,0,0,27.23449891,21.13698189,0,0,20.81675556,21.61256976,>>DiffResult,12.1253951,14.83793036,12.1016765,4.493755332,9.080080612,10.34417502,0.595492279,0.791861752,1,0.987366356,0.981704461,0.729534979,0.547383762,0.960080259,0.979105452,0.968133342,0.833572648,0.655554475,NO
CLU-N103-H6N5F1,22.86006183,23.41858685,23.96722002,21.97576743,23.85773536,22.45109803,24.83694846,23.751231,22.60618448,23.06332514,23.01320029,20.81987339,21.77607227,22.73742624,22.19291132,22.91297345,22.25080541,22.28356948,21.91335666,23.72672636,22.5742556,22.79867236,25.49042869,23.27581593,23.34054759,23.74744714,22.38473617,23.30231826,22.2972661,22.00471532,21.1905476,21.88605173,23.87659135,0,22.01752299,0,0,0,21.59099108,21.94616056,23.59945622,24.92245042,23.71079319,24.63429664,22.02877252,23.53623122,24.11952659,23.52245002,24.37861341,22.45841283,22.30913675,24.54985485,23.66239136,22.02579072,22.48362284,>>DiffResult,22.82075367,23.12162032,13.25078653,23.7791538,23.30460306,10.52836727,3.53E-05,0.002536431,6.68E-05,0.000402926,0.000306474,0.994990224,0.999193001,0.999777908,0.999856026,0.999055874,0.999988819,0.000413204,YES
CLU-N103-H6N5F2,22.79645858,22.22418884,23.94899147,22.28012108,23.74284034,23.21736508,23.574018,23.51700332,21.96673534,22.93803291,22.79093743,21.31412831,21.94741365,22.26786323,22.59857453,23.1171298,22.17564007,0,21.87051134,22.33599243,22.67366623,22.75630619,25.26246445,22.56169765,23.83198635,23.77926484,22.8022443,25.68724941,22.53774289,0,22.00948386,23.01829222,21.08766575,21.9885151,22.23954195,0,22.12229737,22.67383871,22.40558891,22.86738449,24.48349401,24.99157315,25.02612781,25.2204161,24.77552504,23.54074854,24.14416103,23.1873901,23.62495082,22.75652844,22.59921048,23.94695545,23.38452796,22.87234523,22.43074943,>>DiffResult,21.53119729,21.18926223,20.04126084,24.89942722,23.24875675,4.858166388,0.471150293,0.478797978,0.952817363,0.989277074,0.675770318,0.724335998,0.720259572,0.980464907,0.999834348,0.923019052,0.912674849,0.555216424,NO
CLU-N103-H6N5F3,25.86028261,25.9584779,26.77268027,25.41196471,27.1186373,24.86438854,24.37214021,26.28466783,25.19219687,25.68581763,26.05947823,23.29121809,25.48008573,25.45449874,25.61939795,27.30118525,25.47612713,25.00997112,25.15698099,23.61892896,25.23416673,24.99678047,27.16513555,24.98270157,24.89481474,23.9514445,25.31804636,27.84454919,24.6207395,24.3660666,25.96986267,25.92763065,24.95220931,25.09508948,25.6816726,25.50032252,26.2429739,23.30044615,25.72090934,26.14423075,27.50574754,27.94891202,27.97832733,27.72754288,27.19510996,24.78648056,25.08147981,24.83809678,25.91621296,25.49683106,25.02412457,26.12613629,24.48225714,24.67921958,25.32390772,>>DiffResult,25.4994563,25.33744452,25.45353474,27.67112795,25.17547465,2.495653299,0.000123682,0.000546765,0.9999363,0.998581809,0.961164891,0.000190631,0.000256964,8.74E-05,0.991018477,0.893059511,0.994822934,0.001084493,YES
CLU-N103-H6N5F3+174.05,0,0,0,0,0,0,0,23.52449444,0,0,0,0,24.75728453,24.79431618,0,25.43867559,24.04527637,23.84885801,23.06043096,0,0,24.05642223,0,0,0,0,25.21570843,0,0,0,24.48984804,22.97230325,0,0,0,23.13748036,24.34765609,0,24.15377162,25.57714266,0,0,0,0,0,25.37316881,20.58341649,25.40047932,26.68428088,0,0,26.38526659,0,0,0,>>DiffResult,8.473466804,4.927213066,14.4678202,0,12.44266121,14.4678202,0.129211274,0.163123481,0.664491926,0.354809335,0.994762126,0.584226717,0.934630867,0.292990837,0.930564987,0.89891418,0.592038029,0.208055068,NO
CLU-N103-H6N5F4,27.25033311,27.10313443,27.69629818,26.69698638,28.66300894,26.59953317,25.91787627,28.06870664,26.51602794,26.96678542,27.38106109,24.61884219,26.64317797,26.67866463,26.90715248,29.70254529,27.16808974,26.5826161,26.60787401,25.66876035,26.41489037,26.68953759,29.30441217,26.74753677,27.25083261,24.98313533,26.7099235,27.89808918,26.34728068,25.7716161,27.93398344,27.99420464,27.0562325,26.46610996,27.5855742,27.11332065,27.83450472,25.26418896,27.15015205,27.87202327,29.29614122,29.99089566,30.01350602,29.78600108,29.00464034,26.13161527,25.23816625,26.54439921,27.69634545,26.50775376,26.99297707,27.40423561,26.97730066,26.44206821,27.39384,>>DiffResult,26.97187372,26.81172543,27.22702944,29.61823686,26.73287015,2.885366716,1.15E-05,0.000319744,0.95843194,0.868109776,0.778110746,1.18E-05,2.17E-05,1.29E-05,0.992584077,0.967095027,0.999735494,0.000177343,YES
CLU-N103-H6N5F6,24.70440276,25.73565426,23.03785289,24.0464157,23.31654756,24.1282901,0,23.68267955,24.25257716,24.09030636,26.16294386,20.84334851,24.58356321,23.78285395,24.04655095,23.07407293,25.52806032,26.6365642,24.51544856,21.74278527,25.14105588,24.2921426,23.6518694,0,24.25399302,21.99956154,23.52851528,0,22.72500227,22.44764527,23.46647185,23.97995584,21.06272416,23.66271974,24.20712362,23.03686921,24.0630977,21.87841843,23.14297091,22.50511075,23.27841476,22.29619482,22.769522,23.79425457,23.84894671,26.09094127,23.2244648,24.30352967,0,24.40102813,24.09888858,0,22.69086728,22.80118996,24.57981683,>>DiffResult,22.8955459,18.80397853,23.10054622,23.19746657,19.21907265,4.393488048,0.390827831,0.999999902,0.999992143,0.642885295,0.724155165,0.999986704,0.777857288,0.833835417,0.556080932,0.653175443,0.999926157,0.48244745,NO
CLU-N103-H6N5F7,24.11280004,25.17873278,0,24.13823441,0,23.93215369,0,24.02531207,24.41684724,23.71152457,25.67179463,20.37479394,25.07932181,23.5252462,24.05739692,19.66450927,25.1777229,24.18278175,25.07420871,22.17660961,24.99811318,23.87550333,23.33996815,0,24.75714907,24.88374477,22.8939685,0,22.72631344,22.2723445,0,23.77550467,0,23.58364981,23.60740492,0,23.64354537,21.48953414,22.70302798,0,24.63976494,0,22.367141,23.69521233,0,0,22.8661331,23.62614744,0,22.66850053,23.32172238,0,20.41446637,21.68924905,24.05823375,>>DiffResult,20.22499953,18.97471049,13.88026669,14.14042365,15.86444526,6.344732837,0.480698674,0.999998988,0.522846799,0.809759075,0.992954099,0.77005317,0.91472604,0.998133607,0.997939799,0.816208775,0.962598385,0.563441872,NO
CLU-N103-H6N5S1F1,0,23.0006047,22.4050169,20.35540844,23.25771088,22.01082279,21.88458577,20.24784337,22.96675357,21.86812707,23.04188834,19.9647193,20.42544072,20.64134515,21.65430046,23.64553939,0,0,23.38978081,21.54183477,21.13566605,20.87580231,0,0,22.14321096,0,20.70165686,0,22.35162066,0,0,21.87449912,21.7738302,0,0,21.25335742,0,0,21.19763071,0,22.75623024,22.61804658,23.27105547,23.36619606,22.91523555,0,0,21.21421092,20.58293677,0,22.48412358,0,20.84085909,20.65400935,22.61025661,>>DiffResult,18.61508612,10.72079568,8.609931744,22.98535278,12.83863963,14.37542104,0.018094888,0.063206001,0.069896976,0.987823539,0.861102336,0.891791457,0.152264041,0.31611664,0.227154163,0.5341335,0.987671383,0.04742808,YES
CLU-N103-H6N5S1F2,0,0,21.06562173,0,23.00180411,0,18.5973392,19.64435165,21.31987318,22.04668946,0,0,21.07182851,0,21.67383902,24.40882636,0,0,23.23110523,19.82558045,0,0,22.04592501,0,0,0,0,0,0,0,22.50460463,0,21.22162984,20.29469588,0,0,22.88480483,0,20.98161116,0,22.26473494,0,23.71447909,21.49349771,22.20093265,0,0,19.97854982,20.63938209,20.37399999,20.68772214,0,0,0,0,>>DiffResult,11.79434294,2.204592501,10.78873463,17.93472888,8.167965404,15.73013638,0.061721305,0.713363885,0.999082732,0.351206558,0.979063529,0.756501063,0.055730279,0.425918296,0.131895746,0.892512161,0.696616656,0.120857965,NO
CLU-N103-H6N5S1F3,24.56498398,25.01694158,25.16531124,23.46648897,25.68237864,23.96823973,22.65748245,22.75034665,24.05669435,25.47275368,24.79154685,22.71602397,24.74619773,24.15203313,25.42874321,26.78461639,25.70712595,23.34830029,25.30625742,22.93239606,0,25.16635189,25.13362181,23.02015135,23.77355947,0,22.7529871,25.14897847,22.32024801,23.64327094,25.86018882,25.85181831,24.99897187,24.54355704,24.76996145,25.56091785,26.444964,22.76965354,24.56184683,24.97149735,26.00108489,25.54223132,26.52933002,24.12159305,24.41935264,22.14994716,20.23103097,22.6542175,22.23715236,20.06135707,22.57884408,22.72520393,22.99299588,23.7827336,24.15069648,>>DiffResult,24.43574311,19.0959169,25.03333771,25.32271838,22.3564179,6.22680148,0.016556009,0.999952228,0.996706968,0.03235334,0.65904066,0.994357719,0.09120924,0.736759615,0.023950854,0.742891256,0.473769021,0.04497006,YES
CLU-N103-H6N5S1F4,24.8589215,24.38244698,24.81686605,23.97183981,25.40121208,24.00201525,23.35281427,24.36975103,23.48365255,25.74927279,24.41955954,0,25.40757834,24.51461297,24.85307095,25.79363798,23.99990907,23.87551471,26.08826687,0,22.47373708,23.24004631,25.05095027,24.42160038,24.13543211,0,24.41767462,22.67277308,22.73864004,22.78888928,24.52142115,23.29079781,0,22.89976136,24.35571315,24.5510736,24.91848962,0,25.55028153,24.18605062,25.4824013,24.5386037,25.79200331,23.36271577,24.96188631,0,0,0,0,21.67702431,23.90700433,22.77738241,22.42666973,23.40371192,23.95074316,>>DiffResult,22.16704714,21.19397431,19.42735888,24.82752208,13.81425359,11.01326849,0.111818163,0.792427133,0.92713812,0.991200823,0.609981773,0.973289452,0.941504249,0.16355391,0.998470842,0.116100105,0.339385309,0.185411961,NO
CLU-N103-H6N5S2F1,24.12102242,24.26096247,23.72524829,21.14038696,24.7888068,24.03687851,0,23.82415511,25.59335783,25.29772465,23.52180592,0,22.51744024,23.59696211,23.59804768,25.25143963,23.09148839,22.26968391,24.25416142,0,0,25.17793396,0,0,22.74800845,0,0,0,22.62591123,23.22521904,20.17421812,22.01076984,0,22.04320774,22.68547476,22.89767979,0,0,23.47850561,0,23.67473905,23.60708556,23.82433095,0,20.29406061,0,0,0,0,21.04788343,22.55412733,0,0,0,22.10133312,>>DiffResult,20.24447862,9.377707269,13.32898559,18.28004323,6.570334388,13.67414423,0.009294077,0.907039181,0.433971882,0.913805261,0.597716014,0.995545238,0.528445671,0.256164131,0.068824802,0.011390401,0.97395763,0.028972736,YES
CLU-N103-H6N5S2F2,0,21.68608921,0,0,23.91438729,0,0,21.54183508,22.05627538,23.29967945,0,21.483323,0,22.84061013,22.91985569,24.21498976,23.81343159,22.48750528,22.94250133,22.70236738,0,0,0,0,0,0,23.36924473,22.47624332,22.52644298,0,0,23.02211165,22.25089915,22.40222179,22.28030266,22.12620669,23.40887587,0,0,22.8361294,0,0,0,21.01497569,0,0,0,0,0,0,0,23.20226476,0,0,0,>>DiffResult,14.79514253,6.837193102,15.83267472,4.202995139,2.320226476,13.51244824,0.008418768,0.258659177,0.998983379,0.309963782,0.040519959,0.26076332,0.990190595,0.997302806,0.289422554,0.024723314,0.865398369,0.026527061,YES
CLU-N103-H6N5S2F3,20.48492384,23.20896481,22.07565814,20.09111951,24.06684934,23.80307224,0,0,21.93349001,24.94661708,0,0,23.33846569,0,23.71061632,25.16128978,24.12846944,22.20312947,24.4251525,0,20.3625377,0,0,0,0,0,0,0,21.54708782,22.23997595,0,0,0,21.82547771,0,0,21.38198725,0,0,21.98007314,0,21.30816609,0,21.45946399,22.43436875,0,0,0,0,19.66397088,0,0,0,0,0,>>DiffResult,16.17889091,6.414960147,6.51875381,13.04039977,1.966397088,14.21249382,0.005685702,0.766048008,0.116762514,0.999999935,0.852506477,0.971406303,0.755567734,0.284195657,0.110337288,0.005960273,0.862689724,0.0193778,YES
CLU-N103-H6N5S3F1,23.11377784,23.27235569,24.25276141,22.36620646,25.16514428,24.85448731,19.6616218,23.6760398,23.55482675,24.18899262,24.20920966,0,23.7884611,23.58002524,22.4268256,24.687725,24.22298071,22.58962444,24.05020188,0,0,0,0,0,0,0,0,0,20.12280481,22.27593533,0,0,0,0,22.44138184,0,0,0,0,0,22.83116886,0,0,21.73052136,21.50020286,0,0,0,0,0,22.67266187,0,0,0,0,>>DiffResult,21.18306338,4.239874014,2.244138184,13.21237862,2.267266187,18.93892519,2.22E-08,0.110170975,1.66E-06,0.980937255,1,0.290983297,0.265319207,0.111421039,1.59E-05,1.70E-06,0.981742651,1.18E-06,YES
CLU-N103-H6N6F3,0,0,0,0,0,0,24.17333655,0,0,0,0,23.70095603,0,0,0,0,0,0,0,22.69442687,0,0,0,0,0,22.22651138,0,21.91784196,0,0,0,0,23.38100357,0,0,0,0,23.3666592,0,0,0,0,0,0,0,23.05086632,21.73773077,22.85567492,24.65229211,0,0,24.22487114,22.52384019,22.53949083,0,>>DiffResult,3.528435972,4.414435334,4.674766277,0,16.15847663,16.15847663,0.005937512,0.882996442,0.997557589,0.999996157,0.053135126,0.937806447,0.902811417,0.018198747,0.999109884,0.00701491,0.045498152,0.01997086,YES
CLU-N103-H7N4F3,0,0,0,0,0,0,0,0,0,0,22.1514157,0,23.20104632,0,0,21.58844509,0,22.68428424,0,0,24.82140623,23.34622567,0,0,0,0,0,0,23.78814285,23.25251139,0,0,0,0,0,22.0093515,0,0,0,20.7721103,0,0,0,21.03358126,0,0,27.01792205,24.67076435,24.40641913,0,0,23.22525673,24.58314213,24.15343395,23.45858082,>>DiffResult,4.481259568,9.520828614,4.27814618,4.206716251,17.15155192,12.94483566,0.024185829,0.999999994,0.999998431,0.78681908,0.055176584,0.999998115,0.87983249,0.165226637,0.715980685,0.020960727,0.471548451,0.060155817,NO
CLU-N103-H7N5F2,0,0,23.01552292,23.19229034,21.10570933,0,0,21.86698351,0,0,0,0,0,0,0,24.69272967,0,0,0,0,22.99906984,0,0,0,0,19.01639169,23.10097233,25.7968998,0,0,24.26762099,0,0,0,0,0,23.95301756,0,0,0,26.59129626,27.15400626,0,26.66661928,26.17405514,23.56437508,24.3358636,19.94446999,0,0,20.62077181,0,0,23.65193336,0,>>DiffResult,5.693661789,9.091333365,4.822063855,21.31719539,11.21174138,16.49513153,0.055208647,0.060278164,0.999587393,0.905658647,0.688973966,0.046958971,0.262566599,0.451641064,0.928874807,0.691203467,0.992438563,0.11127398,NO
CLU-N103-H7N5F3,0,0,0,0,0,20.05095454,0,0,0,0,0,0,24.45105184,0,0,21.02264451,0,0,0,0,0,21.69177934,0,0,0,0,0,22.85896985,0,0,20.01604444,20.66614796,0,23.86624007,22.88725067,0,0,0,0,0,23.53760727,22.79640714,23.33972824,27.04298408,24.05265415,0,0,0,22.59995793,19.60950997,0,0,0,20.32850616,21.04713486,>>DiffResult,3.276232545,4.455074919,8.743568314,24.15387618,8.358510892,20.87764363,0.00098444,0.028408369,0.546770568,0.835041097,0.999982092,0.000339732,0.002522215,0.023255844,0.997340619,0.615055393,0.876759479,0.005183828,YES
CLU-N103-H7N5F4,23.47358072,22.89333307,23.88437099,22.92860038,23.79660268,21.86708397,21.83587038,24.2426655,22.08246004,23.4369113,23.81941263,22.11475377,24.88834776,24.47493823,22.2432411,25.93277696,25.61137864,0,25.07060105,22.30843995,23.18980521,0,25.55118837,0,25.79542203,0,21.46171808,25.06993311,24.32398709,0,25.9197041,25.92368723,24.19545097,21.3902874,26.01753305,26.46629981,25.44342177,22.21080773,25.23147853,25.50445626,25.70916659,24.43505905,25.4176024,26.65243866,23.47123072,22.7139878,25.59999186,22.76999255,0,26.15007353,23.94137731,23.28293643,22.62071618,25.92479869,24.57976037,>>DiffResult,22.34526846,14.53920539,24.83031268,25.13709948,21.75836347,10.5978941,0.017500467,0.999991134,0.896331885,0.018301284,0.871037352,0.934830865,0.066934619,0.90887899,0.051146151,0.999534159,0.1755634,0.046500959,YES
CLU-N103-H7N5S1F2,0,0,0,0,22.08694603,0,0,20.90950692,22.74832709,21.57903996,0,0,0,22.99672741,0,21.59381326,0,22.67941483,0,0,0,0,0,23.19975188,0,0,0,0,0,0,24.12520295,0,0,0,0,24.18164354,0,0,0,0,22.12819838,0,0,0,0,0,0,23.4133928,22.76153706,21.44762011,22.21734621,21.98323673,21.21746469,0,21.54163155,>>DiffResult,7.729688775,2.319975188,4.830684649,4.425639676,15.45822291,13.13824773,0.052774799,0.999993138,0.944944732,0.980417856,0.142884444,0.964540631,0.995328814,0.279918544,0.637765617,0.288806322,0.039987247,0.107191257,NO
CLU-N103-H7N6F2,0,0,0,0,0,0,24.96277643,0,0,0,0,23.91641366,0,0,0,0,0,0,0,23.48046418,0,0,22.16667713,0,0,22.86008376,0,22.46766069,0,0,0,0,24.55147112,0,0,0,0,23.52373389,0,0,0,0,0,22.47766893,0,23.18356665,22.68943521,22.96954919,25.08200696,0,0,25.09498219,23.05952132,22.90117935,0,>>DiffResult,3.617982714,6.749442158,4.807520501,4.495533787,16.49802409,12.88004137,0.027222636,0.999997573,0.998038777,0.992519488,0.085511077,0.999784182,0.993909435,0.203926573,0.928021096,0.014357097,0.208317893,0.066023364,NO
CLU-N103-H7N6F3,0,20.8651654,0,0,0,0,22.46419769,0,0,20.60851728,0,22.45998028,0,0,0,21.73356464,0,0,0,22.24169068,0,0,22.03606191,0,0,23.09270997,0,0,0,0,0,0,22.46837146,0,0,0,0,23.53315032,0,0,0,0,0,22.06324983,21.26532811,23.33429852,22.68765389,23.20139136,23.09006516,0,0,22.68863436,22.76561096,22.84271731,0,>>DiffResult,6.518655799,4.512877188,4.600152179,8.665715589,16.06103716,11.54815997,0.084201646,0.950974257,0.988820821,0.99999997,0.110451782,0.993505657,0.947197188,0.686822746,0.986783831,0.135232163,0.106024638,0.150968903,NO
CLU-N103-H7N6F4,24.24906459,24.42466215,23.09576472,24.04283906,25.13636023,0,22.84335211,24.84607911,0,24.20138017,23.06501187,22.71547458,23.99293498,25.89892326,24.0461933,26.56951176,23.44630751,23.68133918,23.97229117,23.65042058,21.6349048,0,24.86526625,24.02574904,23.99987102,24.26227809,23.37037483,25.22368927,0,0,23.80739293,23.9107871,23.50183084,0,23.20011865,23.56056148,23.68872553,24.16666869,21.49048957,24.54926635,24.77538112,24.67167909,27.21292585,26.65345403,26.52004816,24.10293274,23.68179894,23.91840349,23.89088021,0,21.91439931,24.20658864,24.53237997,23.63679643,22.09555065,>>DiffResult,21.69389552,16.73821333,21.18758412,25.96669765,21.19797304,9.228484322,0.323049201,0.817954568,0.999842979,0.735941207,1,0.828911849,0.245829168,0.819125059,0.518306354,0.999855399,0.734276407,0.412726247,NO
CLU-N103-H7N6F5,24.8279786,24.88862351,25.66431339,24.12940568,23.6994676,24.74899506,23.47273822,25.81064696,24.09023264,24.8939037,25.23103511,0,24.4272601,24.56420271,24.5075103,27.39501255,24.66484082,24.34908822,22.83294928,23.79340534,22.37761992,23.43030432,25.79715097,23.51407899,24.2892195,24.07997857,24.30289008,24.53768577,0,0,25.38039105,21.69730408,21.7941961,0,25.222221,25.21687373,25.87729082,23.76952441,24.10480409,25.12412825,26.32653753,26.10657637,27.59220126,26.46931682,26.19957107,23.7807618,23.02813378,23.69681451,23.74674692,0,23.05257237,24.32265509,24.55243607,22.59944216,23.41755723,>>DiffResult,23.39958049,19.23289281,21.81867335,26.53884061,21.21971199,7.305947798,0.378505382,0.751336084,0.979048174,0.927836717,0.999719916,0.904989217,0.353345705,0.660333743,0.568556051,0.934154428,0.97144012,0.470215506,NO
CLU-N103-H7N6F6,24.46583111,24.73861824,23.51340937,23.59410782,24.23745647,24.62603871,20.29562388,23.26407081,23.61240436,24.72100829,25.36924837,20.80843173,24.28490699,24.44103243,24.95546746,24.39969838,24.50640534,23.52234187,24.95453809,21.28052289,24.37156074,24.24397742,24.20483997,23.50252718,24.83199421,21.28252067,24.48890845,22.49702104,23.01476198,23.6208874,24.01967905,24.61984335,21.11524037,23.23783036,24.46078723,24.74676325,24.75706762,21.97059468,23.29999657,21.43040574,22.65419196,21.93986278,23.93091374,24.07261862,24.20100866,22.73638916,23.70780172,22.65155598,0,0,23.22599044,21.81143623,24.35413943,22.87232879,24.02651365,>>DiffResult,23.77955813,23.60589991,23.36582082,23.35971915,18.53861554,5.24094259,0.034320557,1,0.999147723,0.999944387,0.107601586,0.999670846,0.999972609,0.26418151,0.999972871,0.023271147,0.081698742,0.078208054,NO
CLU-N103-H7N6S1F4,20.83267442,0,20.84455847,23.49433118,0,0,0,0,0,21.49366046,20.62699593,0,20.7115825,20.28068322,21.26233938,23.12872019,20.39384448,0,21.86221864,0,0,0,0,0,0,0,0,20.26813676,0,0,0,21.65418871,0,21.8912176,22.0179233,21.86978824,22.11261231,0,21.66914014,21.99670428,21.71943695,21.61982896,21.90842934,0,20.50648568,0,0,0,0,0,0,0,0,0,0,>>DiffResult,11.74658044,2.026813676,15.32115746,17.15083619,0,17.15083619,0.000192052,0.995753875,0.840252496,0.014018908,0.003227739,0.747753228,0.026457011,0.008516224,0.05363426,0.011625184,0.986421241,0.001516951,YES
CLU-N103-H7N6S1F5,0,0,0,0,22.07400259,0,0,0,0,21.85430616,0,0,25.01105707,21.44750614,21.21936817,24.3875332,21.98613828,0,25.37246138,0,0,0,0,0,0,0,0,0,0,0,0,24.2361362,0,19.70941254,21.15432082,0,0,22.44270845,0,0,0,21.72075755,0,20.59797547,20.57451827,0,0,0,0,0,0,0,0,0,0,>>DiffResult,9.16761865,0,8.754257801,12.57865026,0,12.57865026,0.012053099,0.941002193,0.999957583,0.224571444,0.224571444,0.945562361,0.107691322,0.107691322,0.090995138,0.090995138,1,0.035761606,YES
CLU-N103-H8N5F4,0,0,0,0,0,0,0,0,0,0,0,0,0,0,0,24.08303299,23.61164549,24.19223302,21.64399105,0,24.76627813,23.8850176,0,21.56536848,0,0,24.30592714,0,24.41354587,24.85533448,0,23.22436622,0,0,0,0,23.40773045,0,22.63453719,22.52374303,0,0,0,0,24.06492019,0,24.8050568,23.77996737,0,24.58699101,0,21.5446085,0,0,23.53960775,>>DiffResult,4.676545127,14.37914717,9.179037689,4.812984038,11.82562314,9.702602042,0.179865494,0.952869412,0.836518185,0.836415506,0.98401547,0.999999917,0.529865378,0.782919514,0.183293921,0.474732319,0.986016223,0.265745366,NO
CLU-N103-H8N6,24.12330304,22.37364557,21.08140978,24.50462035,0,20.85570866,0,0,22.33532501,22.6873204,0,0,20.61248443,21.01343173,22.32437713,0,0,22.32994368,20.25199485,0,24.85907165,0,21.69059558,0,22.17814956,18.61343834,21.18935488,0,22.14775534,22.15460336,0,22.81316924,0,0,0,0,0,0,0,0,0,0,0,0,0,22.358883,25.52860218,22.81376346,22.86238864,25.38186054,23.58320832,21.84450707,22.75039049,20.30034698,22.55115592,>>DiffResult,13.22467823,15.28329687,2.281316924,0,22.99751066,22.99751066,6.64E-06,0.989378824,0.01858485,0.014416475,2.79E-05,0.031935672,0.020699389,0.000150808,0.973709004,0.045232751,0.299121777,0.000118848,YES
CLU-N103-H8N6F3,0,0,0,0,23.72723278,21.52747514,0,0,0,22.41479804,23.02054065,0,21.73671348,23.50059912,0,0,0,0,0,0,0,21.56673967,23.49548607,0,0,0,21.73317398,0,0,0,22.79572551,0,0,0,0,0,21.9712048,0,0,0,0,22.20162913,24.44586412,0,23.93621846,21.36564648,0,0,0,0,0,0,0,21.51124933,0,>>DiffResult,6.796367961,6.679539972,4.476693031,14.11674234,4.28768958,9.829052761,0.481144195,0.447793835,0.978006412,0.989395379,0.999999358,0.625603054,0.688964922,0.428018706,0.999999833,0.970725239,0.985548267,0.563441872,NO
CLU-N103-H8N6F4,0,0,0,0,0,0,0,22.40923276,0,0,21.33894136,0,0,0,0,22.67133219,0,0,0,0,0,0,21.94945135,0,21.79805718,0,0,23.63068467,0,0,0,0,0,22.62082874,0,0,24.41842487,0,0,0,25.77269007,23.99612937,23.2662652,0,23.53172708,0,0,0,0,0,0,20.50022241,19.24201922,22.75290444,0,>>DiffResult,3.320975315,6.737819321,4.703925361,19.31336234,6.249514607,15.99238703,0.032588562,0.055737865,0.995753919,0.989294344,0.996257527,0.0131973,0.132967386,0.109187619,0.887411931,0.932492162,0.999960462,0.075597706,NO
CLU-N103-H8N6F5,21.70530362,0,0,0,0,21.75936841,0,0,0,21.48113545,0,20.76815508,0,0,0,22.710729,20.95749583,20.74259818,0,21.26622214,0,21.72652371,21.98665723,0,0,0,21.53487407,0,0,0,22.23640923,0,20.63884863,0,22.33314631,0,0,0,0,20.96340452,22.84467149,21.58008316,0,21.15267983,0,0,22.57899176,0,0,0,0,0,24.10500645,22.52339078,23.57010519,>>DiffResult,8.569550386,6.524805501,8.617180869,13.1154869,9.277749419,6.590681395,0.876558317,0.946360745,0.999999996,0.993242584,0.999927317,0.923999288,0.814872021,0.969481315,0.989302566,0.999830093,0.980999302,0.889296306,NO
CLU-N103-H8N7,27.22639318,27.50694378,25.39272848,25.88294389,26.74621668,27.01814453,23.71599903,26.01722324,26.57470737,27.48663338,28.15762742,24.45160851,27.34274989,27.07171568,27.37412507,27.36604268,27.73018739,26.74269473,27.39526633,24.69746147,27.06799914,26.69482747,27.00471644,25.38301005,27.60754643,24.91957062,26.50255264,25.78655298,25.77134467,26.45713713,27.09612357,26.78602661,24.86266303,26.72725322,27.18062106,27.38494546,27.39404947,24.7332016,26.89000793,26.66457143,27.11805293,26.59913918,26.35649097,27.31289596,26.92106754,25.98386851,25.98927708,26.5703412,26.12391131,26.63643382,26.45787993,24.72998236,26.42052796,26.33718944,28.07600797,>>DiffResult,26.59487064,26.31952576,26.57194634,26.86152932,26.33254196,0.542003557,0.823397311,0.983239902,0.99999697,0.978651111,0.982446602,0.982689777,0.85339347,0.864054887,0.951009826,0.958701194,0.999999823,0.845084685,NO
CLU-N103-H8N7F1,26.76472639,27.84455416,25.67092289,25.90727884,26.57871381,27.20126198,23.18591682,25.98301436,26.90091774,27.76776023,28.55811977,23.54665761,28.12706654,27.62050063,27.82762488,27.0524987,27.77623828,27.38716351,28.12025121,25.02153043,27.37999504,26.95225825,25.96067469,26.05457565,27.10223958,25.74021079,27.72614245,25.74866007,25.92506942,27.03081402,26.06909382,27.65676086,23.92735935,27.24380996,27.86213444,27.69396378,27.75065336,24.89686992,26.23267577,26.14908113,25.31121348,25.10223485,24.23868947,26.04141203,26.33142275,26.13794717,26.287212,26.55795829,25.53076584,26.33044325,27.32698729,25.17526965,27.19226534,26.6172911,27.76961187,>>DiffResult,26.74213594,26.562064,26.54824024,25.40499452,26.49257518,1.337141423,0.294415784,0.413939238,0.993308326,0.999999894,0.999972232,0.181555216,0.401692006,0.464737655,0.994961983,0.982652042,0.999932774,0.384202166,NO
CLU-N103-H8N7F2,26.4724492,27.48229845,25.06009759,26.67521592,24.98616958,26.92355479,23.04134729,24.52998969,26.84279894,27.16607041,28.2027951,22.4397991,28.36627932,26.90588833,26.27529887,26.51756443,27.05948832,27.49602511,27.93305551,24.32079696,26.86190283,26.52351139,26.57522961,25.12741693,27.22078745,25.43870969,26.82729569,24.41344797,25.3444205,25.54572688,26.76356242,26.41695527,23.38741835,26.28374866,26.49017611,26.62036177,27.44436332,23.93425242,26.10464611,26.14271602,25.11994519,23.66247218,24.78686621,26.40795261,26.195643,25.58730398,25.5544969,25.64046092,25.02423776,25.42266667,26.45930178,24.02789171,26.23046777,26.24798094,27.2950481,>>DiffResult,26.23484914,25.98784489,25.95882005,25.23457584,25.74898565,1.000273308,0.618184265,0.850825159,0.982317592,0.999998594,0.996393101,0.552196278,0.831872548,0.951996071,0.988330441,0.873410171,0.994056443,0.673492457,NO
CLU-N103-H8N7F3,22.45159201,22.02119741,0,21.61357469,0,20.38894493,0,0,0,21.38482597,0,20.53194533,20.28303435,22.66751793,20.04912376,0,0,21.36231535,20.9089663,20.94244892,0,0,0,0,20.13964407,0,0,0,20.90857819,0,21.47406067,21.39707129,21.46280897,0,0,21.06711552,21.88090793,0,0,0,0,0,0,0,0,19.8317902,0,0,20.77416902,0,0,0,0,0,0,>>DiffResult,12.73027435,4.104822226,10.72819644,0,4.060595922,12.73027435,0.023967437,0.266977186,0.983163824,0.545174538,0.538710153,0.078475709,0.936137757,0.938469451,0.159315655,0.155592695,0.999999997,0.059995576,NO
CLU-N103-H8N7S1,24.19481029,23.41897612,23.38159753,21.23205765,21.70602327,20.6131203,21.30599629,22.73060608,0,23.4588516,25.15187931,0,26.32375508,24.38153382,25.13695542,24.81410733,0,0,26.21181537,20.86917975,21.50882204,0,0,22.46386565,21.97448489,0,22.69509509,0,21.10410439,22.86950993,23.77020532,0,0,24.50320802,24.84039095,22.7687014,0,22.18400088,24.73243915,20.46918172,0,19.82278178,24.26922057,22.88387654,21.17073291,0,0,22.45545674,0,22.03720451,23.66265848,0,23.00517281,22.42937002,24.3556929,>>DiffResult,18.74656326,13.2615882,16.32681274,17.62932236,13.79455555,5.484975061,0.657532221,0.999456361,0.977524407,0.968508148,0.984386238,0.999575011,0.946124591,0.966003094,0.684373017,0.759471832,0.999965077,0.703896673,NO
CLU-N103-H8N7S1F1,0,22.01167312,22.49987867,20.12984877,0,22.56714099,0,0,23.18461632,24.19547355,22.14513288,18.99405018,23.97342963,23.05884438,22.86221731,21.03916234,23.94043681,0,22.52840667,0,21.10960605,0,0,0,21.52707396,0,21.52665388,0,0,0,0,0,0,21.89671716,0,22.57336295,0,0,21.84612792,22.07301578,21.88504517,22.07281092,22.19609299,21.15082601,19.64155223,0,0,0,0,0,21.43219451,0,0,19.8527405,0,>>DiffResult,15.65651558,6.416333389,8.838922382,21.38926546,4.128493501,17.26077196,0.004590589,0.161010494,0.402577418,0.982129806,0.826518895,0.777893188,0.060937446,0.021097203,0.132772379,0.033393295,0.985561096,0.016311241,YES
CLU-N103-H9N6,24.1844733,24.08938427,21.25680022,25.46257445,21.80062187,21.3789346,0,20.92512605,23.03302863,23.72001348,21.73377877,20.77477981,0,21.7800204,24.25875729,22.14666318,0,23.43261908,0,20.73902871,26.65495669,22.90022292,22.25227209,21.00856523,22.04931812,20.5396343,22.2525474,21.38314418,22.71508002,23.21598509,0,23.51465043,0,0,0,21.28785035,0,0,0,0,0,0,0,0,0,22.86032629,26.37445836,23.7636903,23.69381187,26.02780071,24.34023788,22.44410254,23.70461303,23.0650622,23.47589309,>>DiffResult,18.03583021,22.4971726,4.480250078,0,23.97499963,23.97499963,1.89E-09,0.776143299,8.55E-05,6.38E-06,1.21E-06,5.09E-05,4.31E-06,1.11E-06,0.487480981,0.209337097,0.989961377,2.20E-07,YES
CLU-N103-H9N7,26.70973338,26.1034406,23.43491405,26.77694678,25.60213457,25.7855636,20.12962207,25.53404848,25.46859602,27.02127332,25.33411328,18.52321087,24.61868825,24.52115474,24.73716622,25.67627857,24.52354449,24.40772038,24.5523428,20.28286383,25.86315006,25.24853403,25.85550272,22.13693372,26.53155074,0,26.49819658,21.42523238,25.50346392,26.50314932,22.50393621,26.11562314,0,22.7158246,24.79625755,26.38397026,25.5534722,0,24.63094744,24.07597445,25.38815821,25.76783329,24.98145539,25.6827131,25.47538236,20.46688923,24.85500112,23.4232193,23.62665355,22.79943722,24.26297754,21.8113682,23.85097777,21.93826836,21.84778231,>>DiffResult,24.48716782,22.55657135,19.67760059,25.45910847,22.88825746,5.781507883,0.255009912,0.377552007,0.222443171,0.802637215,0.732137754,0.997229201,0.891595553,0.92746948,0.911270153,0.953445129,0.999938412,0.344233934,NO
CLU-N103-H9N7F1,26.63457526,26.00185139,24.39398247,26.4724689,24.88896685,22.94580857,0,21.45670335,25.30544788,26.78781019,24.87508468,0,24.85236179,25.02291476,25.67229163,22.72517698,23.59698084,26.17745472,25.07768669,0,24.36521301,23.31087879,22.22236755,25.00314644,25.26795531,0,26.05073394,23.51526105,24.93326743,26.17055045,22.02487212,26.62218494,0,25.23480483,22.55983463,26.1672997,24.72967694,0,20.79231098,0,21.55544785,0,20.69649513,23.4709358,23.5045915,22.91673806,23.22641556,24.29635681,22.77039036,0,24.29993417,0,22.87553504,21.74313369,22.26703539,>>DiffResult,21.14437835,22.0839374,16.81309841,17.84549406,18.43955391,5.270838984,0.68184317,0.999665492,0.775243038,0.74012022,0.995597441,0.959308438,0.929162852,0.999962855,0.999093558,0.950272194,0.915699836,0.724636367,NO
CLU-N103-H9N7F4,0,0,0,0,0,0,0,0,0,0,0,0,0,0,0,22.97409516,0,0,0,0,0,0,21.03298371,0,0,0,0,21.22750443,0,0,0,0,0,0,0,0,0,0,0,0,22.03526556,23.79930466,23.41610451,0,23.38793747,0,0,0,0,0,0,0,0,0,0,>>DiffResult,1.148704758,4.226048814,0,18.52772244,0,18.52772244,1.53E-06,3.11E-06,0.98528046,0.475593513,1,1.74E-06,0.000321268,3.11E-06,0.640219869,0.98528046,0.475593513,3.32E-05,YES
CLU-N103-H9N8F3,24.57742782,24.9870029,24.08586576,0,24.14758152,24.41660442,22.75577045,23.51452603,23.92677027,24.34972101,25.93865228,0,25.4020521,25.00674045,25.36725314,24.72578383,24.44373892,24.44327476,25.98362409,22.09996941,24.95850824,23.89245218,24.19229194,24.0625646,25.08588342,20.71027457,24.46375253,22.46927374,23.30360451,21.98329907,24.2963111,25.10672246,0,24.74961688,25.22201925,24.92176165,25.23235686,23.01530181,23.85268517,23.23717528,24.36065592,0,0,24.3144281,24.10014279,23.45364223,24.26743047,21.95444927,22.8340275,23.86608073,24.57002458,23.75320786,24.21360368,22.18053659,24.58403568,>>DiffResult,22.00861796,23.51219048,21.96339505,14.55504536,23.56770386,9.012658495,0.162526136,0.297453085,0.99999998,0.986667778,0.984789712,0.209252686,0.138689897,0.134538768,0.979607246,0.976698187,0.999999975,0.247709326,NO
CLU-N291-H4N3F1,22.42869396,0,0,23.36989554,0,0,0,0,23.41436223,25.11655043,0,0,0,0,0,0,23.86365494,22.42439705,0,0,23.9905583,23.4382221,24.87880791,23.2449168,23.46197235,0,23.03318697,0,0,23.09780679,23.7696492,22.15310204,0,0,0,24.38367316,0,0,0,0,0,0,0,0,0,21.91883753,21.92592985,21.70740115,0,22.10167532,22.71435895,0,0,21.20397429,22.95073113,>>DiffResult,7.030877707,16.51454712,7.030642441,0,15.45229082,16.51454712,0.018692206,0.747942899,1,0.284622765,0.402584035,0.679554266,0.049649125,0.076419422,0.161798245,0.261193297,0.999430125,0.048774976,YES
CLU-N291-H4N3F2,20.3027555,21.53794238,20.19406553,24.13287617,20.57999904,18.41330514,22.90341831,0,23.68480908,25.23281586,20.08781049,0,0,0,0,0,25.29824793,23.06067277,0,0,24.22418908,24.21233105,25.42502736,19.59136987,20.41070055,0,23.84208212,20.58427527,21.97766456,24.31853704,25.08894007,23.44519327,19.22883673,20.3241359,20.92496115,25.89642557,20.8148291,0,19.46291112,21.32230295,24.39303687,20.63830217,20.13199749,0,0,23.67520707,23.14706164,0,0,23.11794747,0,0,0,22.86141636,24.22895485,>>DiffResult,13.27143591,20.45861769,19.65085358,13.03266731,11.70305874,8.75555895,0.18304188,0.767903009,0.507134063,0.999782529,0.430386667,0.999998922,0.68427274,0.999299196,0.386341158,0.994833341,0.332517158,0.269830968,NO
CLU-N291-H4N3F3,23.23467044,0,0,23.95266273,0,0,19.90400714,0,23.38111919,24.50073368,0,0,0,0,19.7318172,0,24.7141618,22.78811268,0,0,24.07450484,23.79915633,24.05724087,22.97190335,0,0,23.41559742,0,20.10127189,23.9997429,24.06479299,23.17526164,0,0,0,25.00087982,0,0,0,0,0,0,0,0,0,20.24587442,23.01627853,22.82838382,22.65859446,23.06841918,23.96729265,0,0,22.30658833,23.95200877,>>DiffResult,9.110364243,16.24194176,7.224093445,0,18.20434402,18.20434402,0.013047702,0.732016992,0.990854516,0.338132815,0.163168757,0.440804587,0.057303174,0.024665515,0.430073722,0.198055921,0.993855974,0.03813191,YES
CLU-N291-H4N3S1,0,0,0,0,0,0,18.77454993,0,0,0,18.85953543,0,0,0,0,0,0,0,18.58449515,19.10297018,0,0,0,0,0,0,0,0,0,0,0,0,0,0,0,0,0,0,0,0,0,0,0,0,0,0,0,18.76415656,19.83671311,19.01130151,20.93641812,0,19.25341267,18.52267869,0,>>DiffResult,3.766077534,0,0,0,11.63246806,11.63246806,0.000547113,1,0.553377345,1,0.001502352,0.763192947,1,0.013765519,0.553377345,0.020438974,0.001502352,0.003296779,YES
CLU-N291-H5N2,0,0,0,0,0,0,18.89883405,0,0,21.38682269,0,0,0,0,0,0,0,0,0,0,0,0,0,0,0,0,0,0,0,0,0,0,0,0,0,0,0,0,0,0,0,0,0,0,0,20.24042577,19.63435991,20.24963724,20.20677751,20.24806746,21.50024139,0,19.96693937,19.14068345,21.1764259,>>DiffResult,2.014282837,0,0,0,18.2363558,18.2363558,2.64E-12,1,0.802953923,1,1.52E-10,0.911329427,1,4.51E-08,0.802953923,6.45E-11,1.52E-10,5.15E-10,YES
CLU-N291-H5N3F3+203.08,0,0,0,0,0,0,0,0,0,0,0,0,0,0,0,0,0,0,0,0,0,0,0,0,0,0,0,0,0,0,0,0,0,0,0,0,0,0,0,0,0,0,0,0,0,0,21.28146936,26.10169166,0,0,20.68671734,0,21.65961344,22.43891158,23.54071235,>>DiffResult,0,0,0,0,13.57091157,13.57091157,3.68E-08,1,1,1,1.63E-06,1,1,8.08E-05,1,5.59E-08,1.63E-06,1.64E-06,YES
CLU-N291-H5N3S1,20.62432632,0,0,0,0,0,0,0,0,0,0,0,0,0,0,0,0,20.39261458,18.76506014,20.40715244,0,20.00220309,0,0,0,0,19.64170836,0,20.33863624,0,0,0,0,0,0,0,0,19.26396326,0,0,0,0,0,0,21.98013674,20.38476363,0,20.26586212,21.70854102,21.78069536,22.6753209,0,19.77059802,21.03565232,21.98521863,>>DiffResult,4.009457674,5.998254768,1.926396326,4.396027349,16.9606652,15.03426887,0.0016409,0.983457195,0.968411684,0.817489369,0.002023317,0.999983598,0.996820964,0.066099724,0.97329365,0.002159271,0.042164378,0.007684484,YES
CLU-N291-H5N4F1,0,0,0,0,0,0,20.55116594,0,0,25.8965646,0,0,0,0,0,0,0,0,0,0,0,24.58575149,22.65741661,22.33949719,0,17.84241281,20.22229178,22.85003629,0,0,0,0,19.21879103,0,0,0,0,18.54282101,0,0,0,0,0,0,0,0,18.68521239,19.00877196,19.30308156,22.17581833,21.0542145,19.49729975,0,18.6769845,19.95656463,>>DiffResult,2.322386527,13.04974062,3.776161203,0,15.83579476,15.83579476,0.000118141,0.916298859,0.990652693,0.099963621,0.015082188,0.979251724,0.041252229,0.007723671,0.011771142,0.000829976,0.940664304,0.001054254,YES
CLU-N291-H5N4F2,22.1594808,0,22.69101303,19.21592796,20.31166078,19.81034747,20.84471953,21.60684778,22.09286745,26.65194996,20.51980694,0,0,0,0,0,22.99026154,25.09471548,0,20.5988748,26.20321627,24.60075236,0,19.92979889,25.92832945,21.43478403,22.93863393,24.39116854,24.67621954,0,0,21.5138074,22.38389707,20.52943407,20.43351518,24.08769238,20.96512642,20.33305835,21.45715318,20.92156374,21.35993488,26.07166744,25.41069664,0,0,21.05268836,21.56697995,21.63420274,21.72086044,24.93953214,22.27612268,21.383376,21.2723678,22.42313916,23.50978294,>>DiffResult,14.22942368,19.0102903,19.26252478,14.56845979,22.17790522,7.948481545,0.207914802,0.887408345,0.632567669,0.999996824,0.955391365,0.999993371,0.905927007,0.571624193,0.676081772,0.194420037,0.940407809,0.296044341,NO
CLU-N291-H5N4F3,26.97339341,26.08494823,24.58121593,27.3759036,25.04925072,24.14653143,0,24.86117506,26.85447095,28.52913811,24.67046078,0,21.75527492,0,24.85287013,23.11156665,24.49373102,26.46836542,23.64180739,20.95798961,27.973041,27.48907315,28.81245203,24.84133845,24.8780012,22.2431498,24.48724071,25.59287787,25.92370649,27.66424168,0,26.59164778,0,19.49112216,25.38845706,29.34917671,25.67572495,20.73837371,23.77488177,25.90524995,28.38140263,25.23877972,24.84094143,0,0,20.58082849,25.85192687,22.41023415,0,27.02781149,0,21.84867676,22.0951202,26.90432687,28.30351969,>>DiffResult,21.22040467,25.99051224,19.69146341,15.69222476,19.50224445,10.29828748,0.331976886,0.939715464,0.993705964,0.58412087,0.999999096,0.775552423,0.296900489,0.949048171,0.699404276,0.990182571,0.556097144,0.421173057,NO
CLU-N291-H5N4F4,24.07767443,24.20363063,20.96500372,22.40039027,21.12498837,20.80339291,0,0,21.7257693,24.88579016,24.57522685,0,0,0,25.1242888,20.1948684,0,0,23.68596735,0,23.20413454,27.44569675,27.09583311,23.91872934,26.81306725,0,27.12237893,22.22036943,26.0430751,19.20398412,24.85819028,20.83018604,22.28379719,22.91936073,21.57984833,29.43698744,22.80445245,22.75158468,23.45057871,22.08219252,25.87662243,24.05443908,25.15663074,0,0,23.04117424,0,23.52358857,26.19472324,27.96294646,23.76070766,21.59190891,23.48407893,26.56956379,27.63204393,>>DiffResult,13.68834956,22.30672686,23.29971784,15.01753845,22.37607357,9.611368278,0.032155052,0.514164363,0.085667221,0.999328226,0.999495281,0.998635832,0.634032928,0.625697481,0.152046537,0.146384019,0.999999984,0.075028455,NO
CLU-N291-H5N4F4+162.05,24.72321402,19.4295438,0,0,0,0,0,0,24.84525373,26.0706348,0,0,0,0,22.20599544,0,0,24.29512307,0,0,22.36637567,24.13394487,0,19.56054139,20.50953014,0,0,0,22.87103783,25.67093394,0,24.7131827,0,0,0,25.39732414,0,0,0,0,0,0,0,0,0,0,0,0,0,0,0,0,24.82576192,0,0,>>DiffResult,7.078488243,13.51123638,5.011050684,0,2.482576192,13.51123638,0.08730134,0.895606997,0.984389407,0.346880657,0.980675345,0.635307508,0.125153155,0.991572902,0.48361517,0.769783989,0.12533938,0.155809568,NO
CLU-N291-H5N4F5,22.60876056,0,21.76333064,0,0,22.16190896,0,0,0,0,0,0,0,0,0,0,27.05509144,25.86048414,22.85929023,21.76159037,26.99942279,26.31763859,20.91968063,22.18329299,0,0,23.38355743,21.01093865,0,0,0,25.49775661,21.81541242,0,23.04787248,0,0,22.48958964,0,0,24.7962488,0,0,0,0,22.61723914,25.99747783,25.04664181,22.87644018,23.0848771,24.13602522,20.8399563,23.35172763,0,0,>>DiffResult,8.203522817,14.08145311,9.285063117,4.959249759,18.79503852,13.83578876,0.103774464,0.958044601,0.999196176,0.881830134,0.355107256,0.97940504,0.597627623,0.195640879,0.678214301,0.136520153,0.888246497,0.176826277,NO
CLU-N291-H5N4S1,21.2883844,0,22.32669012,22.2818166,21.33626474,21.7471893,21.28572203,21.80472513,24.38593618,24.51528135,21.35949173,0,0,0,21.79691217,0,22.66158806,21.12942892,21.377033,0,23.00422861,23.51307828,21.82007899,22.21008587,0,20.3060729,21.65064915,20.96452736,23.47177118,22.67243079,0,20.9684038,0,0,0,24.94987007,21.10905504,20.22185113,20.41341932,21.35550236,22.65603418,22.09930723,21.5682448,0,0,20.52018439,18.98740173,19.90225815,20.58495418,21.46901041,20.46888314,18.95375509,20.36207407,20.36955987,23.83129024,>>DiffResult,15.46482319,19.96129231,12.90181017,13.26471724,20.54493713,7.643126956,0.237147983,0.999993723,0.95138052,0.435641047,0.354986543,0.989072419,0.676203876,0.603939724,0.716623961,0.615932176,0.999906222,0.326917444,NO
CLU-N291-H5N4S1F1,20.25967777,0,22.22772029,22.42924192,21.70826654,23.05269255,20.87428066,21.97270852,25.64329486,27.02640998,0,19.69285494,0,0,23.32515956,0,21.55439317,20.47438788,23.97179559,21.06132971,22.65130654,22.24869972,21.6586808,21.97643505,21.10955708,0,24.36381568,0,0,23.57832605,24.78281762,20.64482488,18.57610013,0,0,21.85724027,21.60999701,19.47659608,20.172086,20.8924284,22.80955136,22.22964744,22.00014186,0,0,19.51212374,20.55397558,0,20.86030612,22.48602197,22.57241481,0,20.10784772,20.39200529,22.04445201,>>DiffResult,16.7637107,15.75868209,16.80120904,13.40786813,16.85291473,3.445046592,0.968620218,0.971814106,0.999999998,0.999336413,0.999999996,0.96239538,0.992847876,0.970225386,0.998987625,0.999999935,0.999196848,0.970280236,NO
CLU-N291-H5N4S1F2,19.66104894,0,0,0,20.98282879,0,20.3074679,0,24.8629467,26.53026239,0,0,0,0,22.19832022,0,22.16469703,23.12079651,23.50734337,0,22.35669079,23.403824,24.74969441,21.79210372,0,0,23.78832259,21.37346782,0,22.53107689,0,24.63071709,18.88703989,0,0,25.87434424,22.58928324,20.33980925,21.30493941,23.2121617,21.17749497,0,0,20.67066929,0,19.65084395,19.47713947,0,20.12480282,20.58911738,20.92703214,18.74495721,20.30873753,22.93589499,23.91792734,>>DiffResult,10.16678559,15.99951802,15.68382948,8.369632851,18.66764528,10.29801243,0.188170919,0.721641597,0.671198246,0.999995501,0.970334363,0.997136624,0.689255975,0.406953232,0.62356955,0.255053507,0.980296782,0.275308892,NO
CLU-N291-H5N4S1F3,20.73758524,0,21.29161266,0,21.25570829,0,21.10174235,0,0,0,0,19.21113224,0,0,0,0,23.09118212,23.8418639,20.59620022,21.1710546,24.89597914,24.37029814,20.90416985,21.22157347,0,0,24.1703511,0,0,21.90716947,25.33217717,20.80944458,0,0,0,23.43219613,0,19.81008778,19.41524159,21.41132935,21.73931075,0,21.07913808,0,0,20.66606667,20.34515429,0,19.63362931,20.97468741,21.2306008,0,20.46505613,0,23.62873957,>>DiffResult,9.614904081,13.74695412,13.02104766,8.563689766,14.69439342,6.130703652,0.682566265,0.948159642,0.932246212,0.999894471,0.997153985,0.999705119,0.913288876,0.851460143,0.872092341,0.763411585,0.99969606,0.724722947,NO
CLU-N291-H5N4S2,23.82945619,21.60464486,24.20521404,23.18344145,24.12483219,24.87236768,22.37130006,23.75369268,24.80305818,25.58971044,24.72630588,22.13529837,20.74705376,0,24.66898582,22.42643844,22.84708279,23.759391,24.20069126,21.75103057,20.9235301,23.62026642,23.27025997,22.03654308,22.59939832,19.86642254,22.36174165,21.87128952,23.55337293,22.1674163,22.89550339,23.66633427,0,21.69509346,23.06488087,23.18939727,21.49886207,21.40512952,21.36803687,22.25219109,22.46661889,23.77738999,23.61721092,0,0,22.50926855,21.62996987,22.38062834,0,23.46061604,23.41991556,21.54764773,21.75905168,22.64247804,23.8540606,>>DiffResult,22.27999978,22.22702408,20.10354288,13.97224396,20.32036364,8.307755823,0.147724736,0.436160482,0.910220953,0.949432453,0.9999929,0.097768821,0.160443829,0.400740489,0.999999955,0.936979482,0.965478716,0.229641245,NO
CLU-N291-H5N4S2F1,23.03425317,24.02456584,21.15775952,21.87647783,23.28016409,22.29226816,0,23.0672194,25.61806008,26.6049772,21.17713395,21.64274122,22.35196722,0,24.18464646,20.55103904,23.37738098,24.12362457,23.05200453,0,21.04808821,19.83764848,22.39672775,20.6692728,21.58239927,0,21.85064768,22.76705209,22.20116612,21.8429116,22.68228278,25.02167955,20.08596485,21.02074357,21.70509815,22.69358994,21.60965837,20.07866539,21.19290379,22.04703293,23.11961951,20.39459587,0,0,0,21.64389803,20.41081712,18.75619896,20.98112501,23.23106537,0,20.94016289,21.21881367,21.15038692,23.4321931,>>DiffResult,19.57081416,19.4195914,21.81376193,8.702843076,19.17646611,13.11091885,0.039648379,0.020401315,0.93821236,0.952989348,0.934251827,0.043396969,0.085870088,0.097918896,0.999998297,0.999921855,0.999993607,0.087196574,NO
CLU-N291-H6N2,19.52763177,0,0,0,0,0,0,0,0,0,0,0,0,0,0,0,0,0,0,0,0,20.0432672,0,0,0,19.54810979,19.33323468,0,0,20.64372165,0,0,0,0,0,0,0,0,0,0,0,0,0,0,22.00459206,18.97570621,0,0,0,18.77082692,18.8952786,0,19.58739248,19.02553245,20.70125457,>>DiffResult,0.976381588,7.956833333,0,4.400918412,11.59559912,11.59559912,0.00148062,0.798211612,0.996687727,0.114631495,0.006350868,0.87578456,0.895384473,0.372827299,0.10697944,0.003436615,0.790766377,0.007211853,YES
CLU-N291-H6N3S1,0,0,20.86993872,22.21553472,0,0,21.53843745,0,18.9205476,20.98359056,0,0,0,0,20.96604284,0,22.87396824,22.87463209,21.49441881,21.15832478,0,21.70540141,21.45216893,0,0,0,22.14272676,0,22.51248793,0,0,0,0,0,0,0,0,0,0,0,0,23.63291521,22.99075286,0,19.96916585,21.6838096,0,21.46054707,22.13126053,22.57093305,23.02243664,20.70044772,21.7354638,22.52289937,23.5365139,>>DiffResult,10.69477179,8.781278504,0,13.31856678,19.93643117,19.93643117,0.000716353,0.093271429,0.041063346,0.249553787,0.000196832,0.981075043,0.905481087,0.70860153,0.984874724,0.103632103,0.08038881,0.004045493,YES
CLU-N291-H6N4F3,23.4892529,0,0,0,0,0,0,0,0,25.5135895,0,0,0,0,0,0,0,23.1793577,0,0,21.54756046,22.8056144,0,0,0,0,23.28781624,0,21.28895987,0,0,0,0,0,0,24.75746915,0,0,0,0,0,0,0,0,0,23.73715497,26.34565327,0,24.10911162,25.85672806,25.17784919,0,0,23.55573283,24.90509151,>>DiffResult,3.609110005,8.892995098,2.475746915,0,17.36873214,17.36873214,0.00201022,0.989245835,0.997983664,0.561484404,0.008325233,0.940970995,0.438648387,0.013352607,0.60851995,0.004191967,0.284146355,0.008843603,YES
CLU-N291-H6N4S2,20.65154582,21.73394108,21.52791149,20.63027819,21.01533424,21.70638549,0,0,21.47288289,21.45832905,21.81365299,0,0,0,21.16337719,20.81557508,0,20.75757819,20.68583168,0,0,0,19.57542951,18.52080776,0,0,0,0,0,0,0,0,0,19.78940129,20.22224308,0,0,17.75277409,0,0,21.63045418,0,21.44106834,0,0,0,0,18.81091897,0,21.62873504,0,17.80174385,0,18.66433657,20.44485166,>>DiffResult,13.77163117,3.809623727,5.776441846,8.614304505,9.735058609,9.962007442,0.09372576,0.984697736,0.244473392,0.991752481,0.898465445,0.835710189,0.901418094,0.999582726,0.087165737,0.830483344,0.670730296,0.165008152,NO
CLU-N291-H6N5F3,0,20.4681485,22.78941122,0,0,0,0,0,0,27.51462426,20.99999974,0,0,0,0,0,0,25.11221273,21.13286088,0,26.16914378,0,22.43548942,21.89515824,0,0,0,0,0,0,26.32195387,0,0,0,0,0,0,0,19.2964718,20.46569194,22.13242579,23.81410897,22.47238796,0,0,0,24.60143709,0,0,25.86660378,21.720379,0,20.77638262,24.38736676,26.53676964,>>DiffResult,6.900862867,7.049979145,6.608411761,13.68378455,14.38889389,7.780482128,0.358646383,0.78888163,0.999995493,0.999986843,0.551775457,0.757680907,0.825173195,0.999962081,0.999999695,0.446682015,0.606540595,0.450814647,NO
CLU-N291-H6N5F4,0,0,22.89275643,23.20098465,22.61976631,22.28567898,0,0,25.70023909,25.70411755,22.88819786,0,20.80646668,0,23.51093301,0,24.1952086,26.02193355,21.90860808,0,27.13059272,27.10602097,23.94307471,23.09003854,23.33158974,0,26.46376463,22.51149838,22.94034935,27.34371513,23.34645658,26.8400039,0,23.64294749,23.40201478,24.34541257,23.65561389,0,22.11053829,24.23938973,24.22155207,26.24296041,24.49214307,0,0,20.90963949,0,21.88329966,0,25.00371747,23.10825712,20.75218071,0,0,26.72563063,>>DiffResult,14.08674454,22.38606442,19.15823772,14.99133111,13.83827251,8.547791908,0.309842621,0.959826146,0.767707003,0.966719285,0.824027879,0.999840746,0.747225666,0.999709389,0.322402666,0.999997453,0.437832578,0.399785899,NO
CLU-N291-H6N5F6,22.04064825,0,0,22.0299721,0,0,0,0,0,23.60203573,22.30803598,0,21.22691852,0,23.24625606,0,23.80293014,25.10184035,22.40600335,0,22.0445405,24.80830903,22.2467909,0,21.81412054,0,22.64446256,0,0,0,22.74832567,21.57731875,20.53342656,23.07829958,0,22.96031506,23.08349057,22.1717649,0,0,0,0,0,0,0,20.88169591,22.574987,21.35192382,0,25.0416877,21.83599644,0,0,20.55245083,22.94031479,>>DiffResult,10.28823202,11.35582235,15.61529411,0,15.51790565,15.61529411,0.090610149,0.084830973,0.718455702,0.906452805,0.999999963,0.341320507,0.33379352,0.087987977,0.999082046,0.731962062,0.913343116,0.160246996,NO
CLU-N291-H6N5S1F1,0,0,20.42189678,0,0,0,0,0,23.1250718,23.91193993,20.95427763,0,0,0,0,0,21.53687461,22.17376472,21.26020288,0,0,21.60173181,0,0,0,0,0,0,21.27913947,0,0,0,0,0,0,0,0,0,0,0,20.65950704,20.67478659,20.09997173,0,0,0,0,18.72914179,19.76332518,19.07528111,21.83155075,0,0,0,0,>>DiffResult,7.669201417,4.288087128,0,12.28685307,7.939929883,12.28685307,0.11878696,0.133401563,0.230090751,0.843112348,0.332815143,0.860240464,0.529734528,0.914260121,0.882974509,0.999992704,0.905783203,0.195030837,NO
CLU-N291-H6N5S1F3,0,0,21.47094442,0,21.64134682,0,20.53900907,0,0,24.78198418,0,19.59966891,0,0,0,0,0,0,22.4626651,0,0,26.86193435,0,22.46637153,0,0,0,0,0,0,0,25.01426218,20.65554412,0,0,23.72644256,0,20.48070991,0,0,24.77689436,22.01897979,21.69210403,0,0,0,0,0,0,0,0,0,0,21.15050519,0,>>DiffResult,6.524780925,4.932830588,8.987695877,13.69759563,2.115050519,11.58254512,0.289930874,0.916946654,0.971071824,0.901052653,0.567163445,0.630227481,0.528065531,0.251564036,0.994363333,0.799701892,0.972025642,0.37948401,NO
CLU-N291-H6N5S2,21.65119213,20.87177123,21.18285193,0,21.45819501,21.53420488,19.72486934,0,24.25279111,24.25291909,22.95605396,0,0,0,22.28184602,22.13848841,0,21.59430917,21.87582656,0,21.1823151,21.62364218,22.17896453,21.35955023,22.04650789,0,18.62318943,0,22.87101108,21.28176831,21.5200616,19.09789448,0,21.50778883,21.67765917,21.67629888,0,19.13628932,20.84831784,21.03053276,22.13652512,0,21.38767455,0,0,0,0,19.77673161,0,20.60729191,19.5889953,0,0,0,20.59898651,>>DiffResult,14.28876594,17.11669488,16.64948429,8.704839934,8.057200533,9.059494343,0.197211875,0.616979043,0.974854705,0.999974244,0.339685604,0.808528953,0.564084395,0.999957798,0.951956439,0.518870919,0.287990083,0.283917096,NO
CLU-N291-H6N5S2F1,23.25263754,21.37783778,22.016896,0,21.29358111,22.73695381,0,20.95134695,22.56302786,25.38010675,21.8009543,19.4234848,0,0,22.05397535,21.08920304,0,22.50429083,20.88772265,0,0,0,22.13851861,22.24934404,0,0,20.83294974,0,0,20.61853677,21.74918584,20.13024112,0,0,0,0,0,0,21.49417662,0,20.98458974,20.75290248,0,0,0,0,0,0,0,0,20.54453681,0,19.47984447,0,0,>>DiffResult,15.36660094,8.583934916,6.337360358,8.347498444,4.002438128,11.36416281,0.045976525,0.996376011,0.1707392,0.987963182,0.986087316,0.650035366,0.999999261,0.937045872,0.438683796,0.046315464,0.854595914,0.097190882,NO
CLU-N291-H6N5S3,22.33343145,21.83687556,20.26154348,21.23962755,22.45178036,23.38709131,19.91016941,22.53595953,22.53461859,23.27269564,23.07075515,20.20141652,23.05596487,22.67472723,23.31022044,24.35632964,22.21796571,22.43333952,21.75781821,20.16072611,0,0,20.31218148,0,20.45731319,0,20.32596747,21.8906727,0,0,0,21.90931252,0,20.98043996,21.33062087,0,20.24441837,18.777401,0,21.00426791,22.6219138,22.50405885,21.65556926,21.36029248,0,0,0,20.39459626,0,22.23945633,21.63530715,0,0,21.37054305,22.866685,>>DiffResult,22.15015281,8.298613484,12.42464606,17.62836688,10.85065878,13.85153933,0.000562064,0.800994985,0.038895774,0.817395574,0.993829315,0.827945465,0.286495833,0.602455654,0.001083299,0.010963654,0.962715621,0.003335291,YES
CLU-N291-H6N5S3F1,18.60601819,21.27982026,20.55192277,0,0,22.13260297,0,0,20.4104392,21.44864284,21.04691987,18.91098429,0,0,21.36830583,21.9810096,20.88371725,23.41596969,0,0,22.19825028,21.91716475,0,0,0,0,0,0,0,0,0,20.1329118,0,0,0,19.72133077,0,0,0,0,0,20.69553317,0,0,0,0,0,0,0,22.93631076,20.1305691,0,0,0,0,>>DiffResult,12.60181764,4.411541503,3.985424257,4.139106633,4.306687986,8.616393381,0.061285834,0.99999983,0.158872351,0.999977549,0.999992731,0.40953582,0.999998327,0.99999976,0.198255715,0.18796178,0.999999917,0.120397685,NO
CLU-N291-H7N2,19.39035765,0,0,0,0,0,19.26506371,0,0,21.31768614,0,0,0,0,0,0,0,0,0,0,19.99073496,20.23181512,20.90528694,0,0,19.43536258,19.78791055,0,0,20.75495477,0,0,0,0,0,0,0,0,0,0,0,0,0,0,0,0,0,0,0,0,0,0,0,18.63253208,20.11103635,>>DiffResult,2.998655375,12.11060649,0,0,3.874356843,12.11060649,0.003943341,1,0.819328574,0.00398649,0.750891436,0.919635252,0.027658394,0.862793288,0.016383351,0.997836372,0.095268828,0.014946698,YES
CLU-N291-H7N4F1,0,0,0,0,0,0,23.29301618,0,0,0,0,0,0,0,0,0,0,0,0,0,0,0,0,0,0,22.10817603,0,0,0,20.03175071,0,0,0,0,0,22.31557971,0,0,0,0,0,0,0,0,0,22.76564112,22.95677397,0,23.37107471,22.04282081,23.98388293,0,23.45825686,22.00215029,23.62096013,>>DiffResult,1.164650809,4.213992675,2.231557971,0,18.42015608,18.42015608,1.20E-06,0.978417281,0.995075973,0.970629354,5.18E-05,0.997428761,0.814880316,0.000176655,0.801923083,8.26E-07,0.000421422,3.06E-05,YES
CLU-N291-H7N4F2,0,0,0,0,0,0,21.3770522,0,0,0,0,0,0,0,0,0,0,0,0,0,0,0,0,0,0,0,0,0,0,0,0,0,0,0,0,21.87205081,0,0,0,0,0,0,0,0,0,23.10269957,23.66659548,0,22.87142657,23.29898318,20.83277808,0,0,0,24.03130544,>>DiffResult,1.06885261,0,2.187205081,0,13.78037883,13.78037883,4.40E-05,0.972727626,0.991864144,0.943901738,0.002090931,0.997446891,1,0.002992139,0.993154782,6.60E-05,0.000186561,0.00048024,YES
CLU-N291-H7N6F2,0,0,19.88385029,0,0,0,0,0,0,0,0,0,0,0,0,0,0,22.29979396,0,0,0,0,0,0,0,0,0,0,0,0,0,0,19.7510825,0,0,0,0,0,0,0,19.93599832,19.5191732,20.78738996,0,0,0,0,0,0,0,0,0,0,0,22.12413233,>>DiffResult,2.109182213,0,1.97510825,12.0485123,2.212413233,12.0485123,0.021895182,0.047423923,0.999998048,0.958876854,0.999989243,0.026432906,0.010817022,0.055818642,0.915329651,0.999999313,0.938849044,0.055684978,NO
CLU-N291-H7N6F3,24.1856324,0,21.82928213,19.62752662,0,0,0,0,0,21.57140315,0,0,0,0,22.0462742,0,0,0,0,0,0,24.36778243,22.06978658,21.84177393,23.84041882,0,20.63030426,19.65779518,22.6680384,0,21.22800299,0,0,20.19360699,0,0,20.48892038,0,20.4080462,21.24553368,0,24.31625387,0,0,0,0,0,0,0,0,0,0,0,0,24.36976938,>>DiffResult,5.463005925,15.50758996,10.35641102,4.863250773,2.436976938,13.07061302,0.036595545,0.8495453,0.709002968,0.77368539,0.394416064,0.999950184,0.301675193,0.991548506,0.083428988,0.933246353,0.037726017,0.08179769,NO
CLU-N291-H7N6F4,20.9421928,0,22.31358874,20.66562139,0,19.87522152,0,19.35477722,0,26.63448396,0,0,0,0,0,0,0,24.86924982,20.83060458,0,0,0,26.50834807,22.32081457,20.5803725,0,21.7656845,0,22.24424352,0,21.87383753,0,0,0,21.14565416,21.26334238,21.94517127,0,21.41118813,22.96994175,22.6919846,24.93091245,22.78679801,0,0,0,0,0,0,24.93855226,0,0,0,24.09460381,25.72027791,>>DiffResult,8.774287001,11.34194632,13.06091352,14.08193901,7.475343398,6.606595612,0.717119205,0.999846828,0.875281803,0.997344497,0.819254333,0.890877634,0.992662206,0.837184701,0.978867099,0.998440594,0.945220574,0.752353722,NO
CLU-N291-H7N6F5,0,0,0,0,0,0,0,0,0,23.75469611,20.41824486,0,0,0,21.67595129,0,0,25.36678801,20.70881589,0,21.78418303,26.16580987,0,24.21284632,20.48345912,0,21.19378011,0,22.16119737,0,0,25.98759922,0,20.8337944,0,0,21.58383721,0,0,22.92470349,23.29621606,23.69630855,22.04653008,0,0,0,0,0,0,25.16665674,0,0,21.25240528,24.32779309,25.76105366,>>DiffResult,5.596224809,13.60012758,9.132993432,13.80781094,9.650790876,8.211586129,0.373694375,0.943258653,0.92846247,0.90350039,0.999974808,0.602630508,0.999999709,0.962460211,0.375303853,0.887604937,0.936185802,0.466678361,NO
CLU-N291-H7N6F6,0,0,0,0,0,0,0,0,0,26.70555759,0,0,0,0,0,0,21.9883499,25.22422385,0,0,26.32645405,25.74547598,0,25.3378454,0,0,24.85105207,0,0,26.54473018,26.45913276,0,0,0,0,23.27932648,0,0,0,0,0,0,0,0,0,0,25.32348558,24.74743552,25.66576498,25.42263533,0,0,0,25.0296021,26.64791939,>>DiffResult,3.695906567,12.88055577,4.973845924,0,15.28368429,15.28368429,0.017561928,0.91511651,0.998002886,0.476524344,0.217695974,0.958220152,0.200976754,0.086398757,0.194113275,0.05585573,0.986995631,0.046500959,YES
CLU-N291-H8N7,25.97566445,0,0,0,0,21.09325539,0,0,22.28606408,24.45081512,22.98113636,0,20.74127595,0,23.29922144,0,22.94142639,25.98552806,23.67480236,20.09005293,23.33264999,26.36548192,26.22000538,21.7255554,22.18934643,0,21.77952042,20.2394482,22.92594949,27.2280413,23.65612802,21.15051274,0,21.86997835,20.64267185,23.19830287,21.18032612,21.11561016,19.71316891,0,21.14495824,22.74614516,21.17015893,0,0,19.55081079,0,21.79517353,21.3557747,25.34384744,26.18249768,0,22.18870134,25.01828711,27.16809881,>>DiffResult,12.67596213,21.20059985,17.2526699,13.01225247,18.86031914,8.524637726,0.234576703,0.946067574,0.790484697,0.91563974,0.996909675,0.999995991,0.612698475,0.844916855,0.235005091,0.551144491,0.986999881,0.325290825,NO
CLU-N291-H9N6,23.82971793,0,0,25.3234978,0,0,0,0,21.20849136,24.91099038,0,0,0,0,0,0,0,23.3242579,0,0,23.24125486,23.8102799,20.58904369,22.91067441,21.16790112,0,0,0,21.90218106,24.52462299,0,23.79394209,0,0,0,0,0,0,0,0,0,0,0,0,0,0,22.18727976,0,0,21.00748931,0,0,0,21.68280552,0,>>DiffResult,5.929847768,15.8145958,2.379394209,0,6.487757459,15.8145958,0.016894391,0.991396844,0.877459478,0.025238683,0.876636562,0.73775012,0.034474261,0.738629768,0.07947668,0.999886287,0.215034173,0.045587544,YES
CLU-N354-H3N3F2,22.08253491,22.04550973,22.45502387,20.97832621,22.68382049,21.93340923,0,22.61656229,0,21.74848118,22.22972112,0,22.44627094,21.93648184,22.57477417,22.97847376,22.81362762,0,0,0,0,0,0,21.66442578,0,0,0,0,0,0,21.9468512,21.97605772,0,0,21.8931724,21.86982806,21.72543099,0,0,22.2764941,0,0,22.38001405,22.09390145,21.92873124,0,0,0,0,0,0,0,0,0,0,>>DiffResult,15.57615087,2.166442578,13.16878345,13.28052935,0,15.57615087,0.000146359,0.999999944,0.961080782,0.073311336,0.019642655,0.98719035,0.196205249,0.080082464,0.003961077,0.00059367,0.984341291,0.001213427,YES
CLU-N354-H4N2,23.87746329,23.89857344,0,23.0769932,23.86809236,0,22.66856032,0,23.71033793,23.56181882,23.67031888,22.04965927,23.01796296,22.97840909,23.61083716,24.27843813,23.70253978,23.53343911,24.23836537,22.54800124,23.67947047,23.73930381,23.64975989,23.75233807,23.77075345,21.8491624,23.69250456,0,22.81044011,23.69297732,22.42825821,23.9205118,0,23.1255002,23.46576218,22.67242168,0,21.84039992,23.05382982,22.89629648,24.07435054,24.99184839,24.12693311,23.07310612,22.15086995,22.11189889,23.76171972,23.51270006,22.5192036,22.77017054,23.22502548,21.75340797,22.47158568,23.53235491,23.53767773,>>DiffResult,19.91449052,21.06367101,18.34029803,23.68342162,22.91957446,5.343123594,0.56926229,0.683774935,0.981747501,0.923111098,0.643406261,0.847048934,0.966908666,0.999711603,0.994446132,0.832995297,0.980287864,0.634941,NO
CLU-N354-H4N2+163.04,22.09251785,0,0,0,0,0,0,0,0,0,0,0,0,0,0,0,0,0,0,0,22.38853718,0,0,0,0,0,22.30640636,0,0,0,0,22.06252279,0,0,0,0,0,0,0,0,0,22.66212861,0,22.16185885,24.70641656,0,0,0,0,0,0,0,0,0,0,>>DiffResult,1.104625892,4.469494354,2.206252279,13.90608081,0,13.90608081,0.005430831,0.024149265,0.993588462,0.946403202,0.950970317,0.0042086,0.103802499,0.004619205,0.711946866,0.993521361,0.593872731,0.018672475,YES
CLU-N354-H4N2+190.04,0,0,0,0,0,0,0,0,0,0,0,0,0,0,0,0,0,0,0,0,25.90113417,25.41342662,0,0,0,0,25.97700893,24.44157976,22.94706962,26.11858027,0,0,0,23.10483503,0,0,23.59101905,0,24.27485624,0,0,0,0,0,0,0,0,0,26.02383707,0,0,0,0,0,0,>>DiffResult,0,15.07987994,7.097071033,0,2.602383707,15.07987994,0.000261417,0.508932417,0.177783085,0.198738062,0.730908433,1,0.011645646,0.976847894,0.00014613,0.921341835,0.01025041,0.001898118,YES
CLU-N354-H4N3F1,23.45076815,24.13443102,23.97640892,22.79459415,24.05634743,24.11149757,0,23.73248468,23.97597036,24.13954134,23.91033756,0,24.0505773,23.85559553,24.18852228,24.29614166,24.17646226,22.48736935,23.18079996,0,23.80764546,24.0683592,23.81413002,23.62717153,23.96868606,0,23.49436056,23.90745753,23.38595748,23.21549033,23.19575054,23.5527715,0,23.63296796,23.37964512,23.58307181,23.71980847,21.70275756,23.09768047,23.38649251,23.66255207,23.53606788,23.44241823,23.79614136,23.19692656,0,0,22.91835459,0,0,21.68741326,0,22.49804393,22.27243684,22.2505873,>>DiffResult,20.22589248,21.32892582,20.9250946,23.52682122,11.16268359,12.36413763,0.034145523,0.981084354,0.999550751,0.999971409,0.097805343,0.938467731,0.989943177,0.080561895,0.997307507,0.064466376,0.077235859,0.077961165,NO
CLU-N354-H4N3F2,25.612342,25.69585427,25.58941241,24.75371134,25.85513481,25.18661099,22.56536869,25.73008082,25.16889779,25.10722429,25.4187936,23.51071874,25.64873801,25.24599582,25.35148066,26.13139589,26.00094257,24.42249271,24.94005847,22.73792054,24.5875346,25.03026513,25.29156388,25.29316246,25.3755279,22.60841244,25.20232909,24.63022539,24.47265192,24.61254935,25.49244999,25.15983982,23.8398126,25.4500883,25.50781785,25.29893237,25.37408266,22.73273079,25.41827871,25.6202603,25.04978379,25.4515874,25.46321365,25.12797962,24.53181426,22.55760654,23.8965447,24.11601066,22.98104542,23.50080472,23.90117325,23.15318572,24.06381183,23.99136437,24.48052461,>>DiffResult,25.03365872,24.71042222,24.98942934,25.12487574,23.66420718,1.460668559,0.001933489,0.998458192,0.999927554,0.949702346,0.009849887,0.999534615,0.903161372,0.025275932,0.867358436,0.001334315,0.06523503,0.008659958,YES
CLU-N354-H4N3F3,23.96915487,24.15310136,23.54323331,23.44268551,23.64424963,23.88537086,0,23.50712328,23.57302541,23.63677747,24.17023882,21.25594985,24.68245879,23.88900739,24.08509953,23.7590096,24.68352131,23.31226065,23.75667772,0,23.38907414,23.52022311,23.35342957,23.12764766,23.48810295,21.53905048,23.13240859,21.95082087,22.91651728,22.82339815,23.46788759,23.26541508,21.31788699,24.21297224,23.64513732,23.70845639,23.63132429,21.11662222,23.61769654,23.44370309,22.61062497,22.70289528,22.73075815,23.0357593,22.77140038,21.09355019,22.26879879,22.85599298,0,21.56581903,22.05087102,20.86232714,22.095272,22.37606039,22.28129014,>>DiffResult,21.34744727,22.92406728,23.14271018,22.77028762,19.74499817,3.397712009,0.599819767,0.999942355,0.9119709,0.999984533,0.630400931,0.984452351,0.999998313,0.845909904,0.943342945,0.940070387,0.68627371,0.657663763,NO
CLU-N354-H5N2,28.69783958,28.75015161,28.45598986,28.01928483,28.6494083,26.99270761,28.09945831,28.03305385,28.26886005,28.33456864,28.65633628,27.34316775,27.58156955,28.02295461,28.47747291,29.16739573,28.20355725,27.90327739,29.13097963,27.96298403,29.03816845,28.43128142,29.39159894,28.36295214,28.84046112,27.79438773,28.70318846,27.43064875,28.25808129,28.83365835,27.65781884,28.66478046,26.90231732,28.28068007,28.31329365,27.62524244,27.58758551,27.17996038,28.14521738,28.04166047,28.93881089,28.85127508,28.62670643,27.562326,26.69243443,27.76710768,29.27218763,28.93407388,28.11389207,28.62074202,28.54510813,27.62104683,27.9879923,28.75837572,29.09589792,>>DiffResult,28.23755089,28.50844266,27.83985565,28.13431057,28.47164242,0.668587011,0.109469623,0.899176289,0.442977188,0.11265866,0.149658015,0.996962422,0.789335306,0.845007964,0.774660628,0.853697002,0.999919512,0.182814271,NO
CLU-N354-H5N3,21.51859449,21.6140493,0,21.72273661,21.63163521,21.33979749,0,21.67782582,22.35332844,22.25045942,21.80867879,21.43544008,0,0,0,22.01777526,21.37116509,21.4927601,22.5172104,0,0,0,0,21.9093513,0,0,0,0,21.50810061,0,0,22.12663878,0,0,0,0,0,0,0,0,0,21.91483153,22.35451146,20.22611508,19.95056725,0,0,21.7732073,0,0,21.98942836,0,0,22.1844523,21.65798933,>>DiffResult,15.23757282,4.341745191,2.212663878,16.88920506,8.760507728,14.67654119,0.003086074,0.058586359,0.009163047,0.987846223,0.56079918,0.997003174,0.142638781,0.547791336,0.041856243,0.428307415,0.845318943,0.0123127,YES
CLU-N354-H5N3F1,23.95099625,24.24369554,0,21.87694996,24.17867416,22.38295621,23.44019126,23.32096833,23.29633671,24.44304535,23.86223956,23.46535681,20.67125919,22.98117626,23.46341241,24.53950795,23.81474338,23.06715425,23.81229527,21.06615632,23.83661252,22.64625443,24.11706836,23.7379165,23.91051228,0,23.88977711,24.61171921,23.56555792,23.5001392,23.37610494,24.59363104,21.81547772,23.58282826,23.63373186,0,23.38230425,22.91995138,23.46911081,23.33266072,24.92714739,24.27730909,24.81599691,24.04982267,22.30305839,23.00900461,22.87038702,23.61663917,23.1271854,23.40337399,24.20326818,23.39251485,23.09290582,23.86982223,24.04891449,>>DiffResult,22.09385576,21.38155575,21.0105801,24.07466689,23.46340157,3.064086791,0.777978015,0.851349394,0.986698316,0.999884582,0.860176114,0.952685277,0.901368808,0.99962529,0.997330237,0.968435655,0.917693551,0.805541452,NO
CLU-N354-H5N3F2,24.94610271,25.62773203,23.53205941,24.75165627,24.97289749,21.1431435,0,24.17936037,24.21951644,24.65767592,24.26081635,0,24.19138228,0,23.48303825,26.09295782,24.39655675,23.52894647,23.45848989,0,25.12446122,24.1815147,26.22654894,24.93512062,25.25258305,23.27220348,25.43999755,25.08991674,24.90008723,24.57145215,24.8903021,25.49400611,22.79884592,24.59863827,24.82572657,23.83217077,25.06336029,0,25.12217746,24.28395607,25.0836541,25.1357274,24.85623081,24.537944,23.6492921,0,24.65521811,24.00737888,20.80600443,24.98044794,24.09204,24.32586803,23.58596316,24.01611819,25.74523029,>>DiffResult,19.3721166,24.89938857,22.09091836,24.65256968,21.6214269,5.527271969,0.380642985,0.973597128,0.892232172,0.925446755,0.999920387,0.651136119,0.999997277,0.951773191,0.358770965,0.942938695,0.876242268,0.471868134,NO
CLU-N354-H5N3F2+162.05,0,0,0,24.60910804,24.33578675,0,0,0,24.76003623,0,25.95352398,0,24.64169048,0,0,23.65220436,0,24.02710365,21.05532455,0,0,0,0,0,24.62344026,0,0,0,0,0,23.81269307,24.6548489,0,25.24825039,23.17097122,22.7592829,24.23490251,0,0,0,0,0,0,0,0,0,0,0,0,0,0,0,0,0,0,>>DiffResult,9.651738902,2.462344026,14.3880949,0,0,14.3880949,0.004772511,0.068410853,0.718695905,0.062148416,0.014527106,0.289176353,0.990365951,1,0.327202043,0.093763995,0.979428207,0.016753952,YES
CLU-N354-H5N3F3,23.46278258,23.83446829,21.526983,23.02934441,0,0,0,21.43771547,22.8728599,0,23.69881023,0,22.93565811,0,0,22.5657007,23.96746411,22.40887692,22.78583823,0,23.85272285,0,22.9949332,0,23.90531433,21.75150534,23.7779657,21.46464666,22.79057211,22.85408885,23.04628206,23.86478997,0,22.61544649,0,22.49887771,23.41246334,0,0,21.76795565,0,0,0,21.1313919,20.20220186,0,23.57640421,23.21726255,0,23.89557458,21.21136027,20.46180047,0,0,23.6693728,>>DiffResult,13.7263251,18.3391749,13.72058152,8.266718751,13.60317749,10.07245615,0.596903923,0.902422006,1,0.890128003,0.999999931,0.868793184,0.487179801,0.909164761,0.82864662,0.999999852,0.880914843,0.656425857,NO
CLU-N354-H5N3F3+204.06,0,0,21.84516387,21.03557112,23.47294686,21.58148883,0,0,0,21.17366092,0,0,0,0,0,0,0,0,0,0,21.03958588,0,0,0,0,0,22.08827015,0,0,0,0,0,0,0,0,0,0,0,21.88360746,0,23.03117775,23.2674883,0,17.86321765,20.82194418,0,0,0,0,0,0,0,0,0,0,>>DiffResult,5.455441579,4.312785603,2.188360746,16.99676557,0,16.99676557,0.007463241,0.014500988,0.839655112,0.977319201,0.974717896,0.050951305,0.049826835,0.003529717,0.996262963,0.430071729,0.763163953,0.023968484,YES
CLU-N354-H5N3S1F1,21.56783238,0,0,0,0,21.49559121,0,0,0,0,0,0,0,0,0,20.4593865,0,20.95697219,22.09080389,0,0,0,0,0,0,0,0,0,0,0,0,21.11313608,0,0,0,0,0,0,0,0,21.86213211,21.5403556,21.84009168,20.15963932,0,0,0,0,0,0,0,0,0,0,0,>>DiffResult,5.328529309,0,2.111313608,17.08044374,0,17.08044374,0.000349165,0.002667618,0.761968155,0.961678537,0.961678537,0.013102771,0.000469841,0.000469841,0.30212776,0.30212776,1,0.00234583,YES
CLU-N354-H5N4F1,24.91476238,25.41044623,25.79534691,24.66641633,25.23910256,25.52298253,24.9154228,24.67459713,25.10301335,25.31819518,24.18326624,23.08714484,23.84450882,24.64496298,25.23043105,25.95813723,25.42697322,23.86259881,24.71274931,23.40823713,25.52081719,25.24467829,24.62172833,24.44562001,25.29000927,23.08810688,25.18637797,27.5631493,25.41293391,24.58300729,24.66561679,25.45216131,23.65643028,24.63709573,23.23919206,24.65895986,24.39968787,21.94809156,24.90233577,24.37363378,25.71338629,25.61826771,25.80206573,25.50397631,24.54593107,21.87166421,23.85210889,24.35492855,0,23.87898906,23.97282372,24.76879638,23.64048777,23.21050131,23.69187565,>>DiffResult,24.79596475,25.09564284,24.1933205,25.43672542,21.32421755,4.112507869,0.060182247,0.958057236,0.989537571,0.972538602,0.307295596,0.99501269,0.999705433,0.169354833,0.999304659,0.065195491,0.094171925,0.119105711,NO
CLU-N354-H5N4F1+163.08,0,0,0,0,0,25.29270577,0,0,0,0,0,0,0,0,0,0,0,0,0,0,0,0,25.9208462,0,25.94813479,0,0,0,25.12607917,0,0,0,0,0,0,23.94071958,0,0,25.01465483,24.102805,25.38225853,0,0,25.67691371,24.99489631,0,23.58851983,25.30664257,25.09820323,0,0,0,0,24.08298628,0,>>DiffResult,1.264635288,7.699506015,7.305817941,15.21081371,9.80763519,13.94617842,0.060408604,0.641879334,0.571431846,0.999988149,0.983180375,0.072951232,0.684459851,0.877998432,0.510123,0.231184687,0.991166202,0.119105711,NO
CLU-N354-H5N4F1+174.05,0,0,0,0,0,0,0,0,0,0,0,0,0,23.06903517,0,25.07449207,0,22.99841042,0,0,24.45833534,25.08637349,0,24.58964218,0,0,25.59384273,26.3232745,0,0,0,0,0,0,0,0,0,0,23.40991373,23.25716759,0,0,0,0,0,24.11596387,23.9945445,25.44700124,23.94351441,0,0,25.14422903,24.09808193,0,0,>>DiffResult,3.557096883,12.60514682,4.666708132,0,14.6743335,14.6743335,0.016141068,0.921746004,0.998659362,0.432429759,0.209481938,0.958049574,0.186537258,0.087033776,0.174782881,0.056614744,0.991424534,0.044219163,YES
CLU-N354-H5N4F2,27.10362412,28.15347697,28.05695444,26.88052215,28.18290227,27.699212,26.31242856,27.26583052,26.92518176,27.21531644,27.8032085,26.0353858,27.28022454,26.43752882,28.06827258,27.52260487,27.94512946,25.23685359,27.5878314,26.2252439,27.71113334,27.11747673,27.69187624,27.2137142,27.6986787,26.36692082,27.4780669,27.55474011,27.3427089,26.14595752,26.584145,26.82121249,26.19548053,26.69249394,27.30246481,27.33167092,27.05985315,25.20830326,27.62089747,27.68261881,27.73764797,27.59439831,27.5790175,26.80404794,26.14446814,24.10927725,26.17697343,26.9147981,25.40038138,26.55814369,26.85713739,26.50737118,26.13394685,26.34069822,26.81517929,>>DiffResult,27.19688663,27.23212735,26.84991404,27.17191597,26.18139068,1.050736667,0.011775749,0.936399257,0.76134324,0.791083882,0.294064074,0.999995564,0.999896731,0.13591817,0.999951366,0.009397193,0.025175851,0.03502761,YES
CLU-N354-H5N4F2+163.09,0,0,0,0,0,0,25.76114471,0,0,0,0,22.85733551,0,0,0,0,0,0,0,0,0,0,0,0,0,0,0,0,0,0,0,0,0,0,0,0,0,0,0,0,0,0,0,0,0,24.69961042,0,0,0,25.25962884,26.69501731,25.95676466,26.3814484,0,26.53962729,>>DiffResult,2.430924011,0,0,0,15.55320969,15.55320969,3.29E-05,1,0.911133308,1,0.000166646,0.963220362,1,0.002751608,0.911133308,0.00025079,0.000166646,0.000392691,YES
CLU-N354-H5N4F2+174.05,0,0,0,0,0,0,0,24.75206823,0,0,24.78293857,0,25.47909084,25.02927692,0,26.46080076,26.63105734,25.05782288,24.47368474,0,0,26.69973425,0,26.53640819,0,0,26.32807107,0,25.73854308,0,25.24679344,25.14573482,0,24.51362434,0,23.7401751,24.88490937,0,25.95260802,26.24209984,0,0,0,0,0,26.21128155,26.32501692,27.22291212,24.99307001,0,0,26.3382852,26.78957231,0,0,>>DiffResult,10.13333701,10.53027566,17.57259449,0,15.78801381,17.57259449,0.103917581,0.089961237,0.539701765,0.713126437,0.997632791,0.486568691,0.53881608,0.156697723,0.999989191,0.766303221,0.877870181,0.176826277,NO
CLU-N354-H5N4F2+202.05,0,0,0,0,0,0,0,0,0,0,0,0,0,0,0,0,0,0,0,0,0,0,0,0,0,0,0,0,0,0,0,0,0,0,0,0,0,0,0,0,0,0,0,0,0,23.09610276,23.13956,23.81847172,22.81513511,0,0,23.76911912,0,23.16824859,0,>>DiffResult,0,0,0,0,13.98066373,13.98066373,3.01E-08,1,1,1,1.38E-06,1,1,7.11E-05,1,4.62E-08,1.38E-06,1.46E-06,YES
CLU-N354-H5N4F3,29.36838826,29.26666359,28.61130205,28.64433825,29.6567548,28.97272586,27.38494136,29.53970133,27.88214326,28.88663894,28.16656927,28.10600854,28.42668317,28.83767664,29.21917444,29.95057823,29.64921446,28.28876035,28.79879025,22.91651098,27.55652847,28.35657941,29.31720757,28.21470346,29.36447475,27.61079435,29.04075321,28.45391505,28.62519363,28.56920012,29.27627983,29.17673216,28.59596649,29.27374299,28.52877221,29.13167838,28.6567149,27.28686539,28.5579183,28.60792474,29.1929479,29.45535741,29.38983568,28.92170688,27.88163538,27.4903337,25.48255808,28.35061358,27.86888183,27.80822236,28.68197849,26.28772505,28.4498264,28.0170088,28.78566033,>>DiffResult,28.5286782,28.510935,28.70925954,28.96829665,27.72228086,1.246015789,0.199931107,0.992526052,0.992920911,0.994157011,0.273599008,0.928457903,0.940028719,0.245710443,0.999999278,0.329821094,0.497755915,0.286377968,NO
CLU-N354-H5N4F4,28.15120997,27.23121941,27.32957113,27.75824989,26.98591222,27.96524761,25.16805748,27.08934052,27.84879219,26.59268292,27.40658985,25.68149592,28.7793795,26.82371146,28.21412295,27.32861624,28.92282646,26.70168209,27.08168459,26.07657615,27.61709941,27.16613483,27.36968659,27.13943711,28.18886394,26.68143843,27.83247015,25.33105244,27.46491039,26.93649082,27.77930375,27.0564996,25.38838451,28.50367904,27.4296128,27.91940104,27.14723134,25.05921527,27.91814515,27.54729199,25.92056184,25.96279501,25.15450961,26.2687772,26.06982037,26.60037381,25.84067431,27.65392827,26.3085857,26.47459246,27.42371816,24.17459109,27.03637185,25.92370636,27.715995,>>DiffResult,27.25684843,27.17275841,27.17487645,25.87529281,26.5152537,1.381555621,0.029191136,0.105063266,0.999424386,1,0.530020856,0.039946968,0.106000179,0.731126821,0.999363385,0.269783296,0.533169699,0.06907781,NO
CLU-N354-H5N4F4+162.05,26.24974714,25.25710976,0,26.76370758,24.64761569,24.56918586,0,0,25.52950917,25.58572091,0,0,23.82984203,24.58615585,26.02418259,24.25533361,24.89982891,24.69346361,0,0,25.50008807,24.50616751,0,23.42575765,24.46431297,0,0,0,25.6714645,24.68695417,0,25.42965112,0,0,0,23.79643779,0,0,0,0,0,0,0,0,0,0,0,0,24.821764,0,24.43630993,23.88919223,24.57489062,0,0,>>DiffResult,16.34457014,14.82547449,4.922608891,0,9.772215678,16.34457014,0.021962963,0.937172482,0.098667934,0.328270839,0.88277896,0.052231731,0.153070273,0.545399754,0.99711634,0.592856936,0.866473995,0.0556935,NO
CLU-N354-H5N4F5,24.92192239,25.98458359,24.22008647,25.4983452,24.76723877,25.37998995,0,25.06745111,25.03031386,25.32492082,26.13046312,23.21929338,26.94530888,25.83825171,26.0668798,24.8326271,26.60416037,25.77892184,25.95870413,22.27641496,24.34605868,24.9465946,24.47733683,24.81199634,26.07532179,23.71423822,24.70194735,22.80690289,24.68431037,25.0204701,25.627105,25.20483578,22.80327941,26.59304232,24.70918568,25.77577654,25.64815471,23.58278022,25.60649354,25.33726312,24.09126681,22.37617078,21.65937107,24.28859038,22.56289808,23.97569138,25.26710936,25.42667892,23.87919798,24.178832,25.0929638,23.0879346,24.56589632,24.53332407,24.92317653,>>DiffResult,23.99229387,24.55851772,25.08879163,22.99565942,24.4930805,2.093132208,0.852159131,0.82839956,0.934816719,0.997438283,0.995976496,0.981425311,0.933051109,0.942200683,0.994241248,0.99641379,0.999999374,0.870020982,NO
CLU-N354-H5N4S1F1,22.82210443,23.24673268,23.67645329,22.26151379,24.89631242,24.33102296,21.89175271,23.29596671,25.11212356,25.09241721,24.09805678,0,21.92079412,22.69559494,24.47999651,25.37972678,22.50521816,23.26154065,25.28296049,0,23.36035902,0,24.24797558,23.07656088,22.30047635,22.68591285,21.67235444,21.68112384,23.59723989,23.18912027,21.97156132,0,0,22.54096692,21.55172453,0,24.37527534,0,21.85183253,21.61361541,23.09052906,0,23.05338465,21.66095536,21.82720391,0,0,20.60134321,0,22.36387445,23.9148635,22.71249449,22.74621868,22.69580733,22.76049098,>>DiffResult,21.31251441,20.58111231,13.39049761,17.92641459,15.77950926,7.922016804,0.187441845,0.893681777,0.183867736,0.409682355,0.976894415,0.945983442,0.983874952,0.992764947,0.999581825,0.528792792,0.766414031,0.274585861,NO
CLU-N354-H5N4S1F2,0,22.36983618,22.18669615,22.4703608,24.79023543,21.30219655,0,23.08510192,23.74715251,22.13253275,23.91559696,19.76045766,22.79283057,22.90730536,23.91070905,24.63756212,24.02949151,22.52794682,25.65458791,0,21.51481481,0,21.37326799,0,22.8264292,0,0,0,0,23.4545383,23.00437492,24.20706995,22.4489662,23.91765628,24.66765081,23.49289987,24.48475726,0,24.09741882,22.96430432,22.33761316,21.17297635,22.14540794,20.014004,19.68943803,20.08906259,0,21.12863067,0,0,23.22094787,0,21.47878851,20.43069922,21.25387064,>>DiffResult,19.61103001,8.91690503,21.32850984,21.0718879,12.76019995,12.41160481,0.010362563,0.999998387,0.988468365,0.030190366,0.239466061,0.997679287,0.125851799,0.469107837,0.031412282,0.314410589,0.880457886,0.031711612,YES
CLU-N354-H5N5F4,0,0,0,0,21.58420921,0,0,0,0,0,0,0,0,24.46942647,23.89302181,0,0,0,21.94114562,21.88374724,0,22.35524099,22.24747401,22.38647756,23.42563401,22.29303936,21.48574004,0,22.93949427,0,0,0,0,23.23999887,21.10310913,0,20.95832741,0,0,0,22.24497398,0,0,0,19.9841275,22.49965801,0,20.35117616,0,0,0,0,22.10688881,21.63667634,0,>>DiffResult,5.688577518,15.71331002,6.530143541,8.445820295,8.659439931,10.02473251,0.193896834,0.997404473,0.999600301,0.316363706,0.991483988,0.985182121,0.724850403,0.999999577,0.124109683,0.95086491,0.579433489,0.280179726,NO
CLU-N354-H5N8F1,20.40370742,19.99168069,0,0,21.62140407,19.74766873,0,0,0,0,0,19.02131534,0,0,20.39180983,0,0,0,0,0,0,0,20.3168453,0,0,0,0,0,0,0,0,0,0,0,0,0,0,0,0,0,0,22.20907956,22.21781044,0,19.86456923,0,0,0,0,0,0,0,0,0,0,>>DiffResult,6.058879304,2.03168453,0,12.85829185,0,12.85829185,0.00745354,0.017879163,0.21510644,0.970387154,1,0.346370664,0.065232873,0.017879163,0.611539785,0.21510644,0.970387154,0.023968484,YES
CLU-N354-H6N2,24.1815187,24.45412022,23.69928915,24.58340303,24.77805783,23.37346434,23.90760285,24.50859589,24.40425299,23.51180343,24.39667082,24.21043507,23.70481366,24.31167831,24.03188959,24.83174794,24.4101643,24.49860431,25.04790473,23.90631627,25.57051915,24.97567755,25.61898565,24.8758739,25.78146755,24.03586886,25.15884295,23.10509809,24.95046122,24.99486045,23.74312398,23.92890216,22.19248015,25.02561661,24.32260092,24.21470778,24.0615118,22.5715942,24.01587654,21.97731907,24.32548179,24.29536113,23.38419824,23.76849875,23.15432677,23.06504253,24.23977556,24.00359452,23.91113347,23.16854061,24.65894513,22.892583,24.1493642,24.93659045,25.36389524,>>DiffResult,24.23761667,24.90676554,23.60537332,23.78557334,24.03894647,1.301392216,0.002876403,0.990711146,0.172033269,0.001629682,0.663121783,0.71830893,0.048098029,0.967142611,0.131683951,0.952538633,0.068523972,0.011635001,YES
CLU-N354-H6N3,22.70957567,24.53376788,23.77106163,23.42375327,24.3683824,24.06512322,23.93696319,24.67889444,24.88370716,24.47260162,24.49697134,23.51540366,23.48742551,24.09929062,24.07953185,24.3198341,23.87434367,23.3208454,25.02370893,23.44425297,23.57177661,23.34295032,24.11903862,24.00242292,23.65806001,22.64417052,23.37453624,22.76820966,23.83501514,24.04602349,23.00092352,24.44969557,22.73458099,23.16627819,24.11435135,21.6556726,23.14008435,23.15686942,23.51980418,24.18449689,25.6827582,25.17390857,25.09523445,24.12587194,21.68609202,23.55237769,23.65182008,24.00861971,23.96825685,23.89122899,25.27921958,23.69147579,23.50701227,24.07703903,24.41141356,>>DiffResult,24.02527193,23.53622035,23.31227571,24.35277303,24.00384635,1.040497328,0.04080174,0.094687001,0.11248818,0.96120516,0.244684131,0.902527637,0.278432601,0.91105597,0.444080092,0.999992794,0.626387451,0.088817604,NO
CLU-N354-H6N3F1,26.02188679,26.24930127,25.72037818,25.92729951,26.59602527,25.13259146,25.84464067,26.01686852,25.86843608,26.14808282,26.13935767,25.48845564,25.28513264,25.57864715,25.79360751,26.5966031,26.35229717,25.16282501,26.32329639,24.91759104,25.90284311,25.30947555,26.60128823,26.07252653,26.13787389,24.37961504,26.01282781,25.77766025,25.42576635,25.70893623,25.78714235,26.18208926,25.22773699,25.93484161,26.26960881,25.77738366,24.268062,22.63939259,26.13111318,26.19968645,27.23679042,24.66794092,27.01990087,25.92242267,25.14981924,25.34382397,25.81572547,25.9593416,25.64074642,25.78588362,26.67123612,25.15972102,25.57823097,25.9879296,26.74171569,>>DiffResult,25.85816619,25.7328813,25.44170569,25.99937482,25.86843545,0.557669134,0.568604738,0.641092243,0.592171396,0.901294065,0.694684408,0.995257363,0.963743122,0.997513945,0.992020291,0.999999604,0.993776569,0.634860496,NO
CLU-N354-H6N3F2,25.85652818,25.25491462,24.0489343,25.75319048,24.20172443,24.50397831,23.66690312,24.35541304,25.50466154,25.44467693,24.82996036,24.13925067,25.23367485,24.95861232,24.90675063,25.28035829,25.00165543,22.93819593,25.55558558,24.19516021,25.79230379,24.76648019,25.52402094,25.49833157,24.84586102,23.21297857,25.60981992,25.11629021,25.16684528,25.35292736,24.92833656,25.02381308,23.98457752,26.00709237,25.00925882,25.15574608,23.70872615,24.41116542,24.54993757,25.08453755,24.75411075,25.42951752,24.8391011,23.87458421,22.68033375,22.84676277,25.68132809,25.56049441,24.16441966,25.32530504,26.00274925,24.52295302,24.72185286,23.35103342,24.73976381,>>DiffResult,24.78150646,25.08858589,24.78631911,24.31552947,24.69166623,0.773056419,0.540964639,0.831658769,0.999999988,0.921924466,0.998989253,0.786552075,0.430763572,0.917648609,0.868691372,0.998551373,0.814782034,0.61231301,NO
CLU-N354-H6N3F3,24.04369436,23.23779139,0,23.23133359,22.66546679,21.99734301,0,0,23.95429401,22.71834494,22.88838721,0,23.69099186,0,0,22.57690363,22.4607098,22.76322399,23.35172234,0,24.36097227,22.7965219,22.98459781,22.29417508,23.66228713,22.00857937,23.74963201,0,22.65313395,24.37497369,0,24.93882002,0,23.90378257,23.72240306,22.52451159,23.22145855,0,0,0,0,0,0,19.77376497,18.42939973,22.16769468,24.38194518,23.62314719,0,24.60037043,24.03699403,22.96327983,24.01044209,22.4279943,23.49400691,>>DiffResult,14.97901035,20.88848732,11.83109758,7.64063294,21.17058747,13.52995453,0.054381337,0.944409821,0.931555922,0.29288448,0.263974526,0.610774159,0.143872728,0.129712136,0.574886445,0.530015105,0.999996632,0.109795825,NO
CLU-N354-H6N3S1,23.25251661,23.29217361,23.32617617,0,21.99451824,22.88487428,0,22.89919111,23.27825536,21.56904821,22.66962097,0,22.17727159,22.85826656,0,22.68717596,22.40735709,21.17870893,23.5642182,0,0,0,0,0,22.16929929,0,0,0,0,21.75410731,0,0,0,0,0,0,0,0,0,0,23.52210083,23.20111006,22.63934544,20.78624031,20.15303076,0,0,0,0,0,22.21433161,0,0,20.18805649,0,>>DiffResult,17.00196864,4.39234066,0,22.06036548,4.24023881,22.06036548,5.43E-07,0.000114368,2.55E-05,0.759921624,0.782549391,0.739621387,0.00262524,0.00236879,0.002348684,0.002029117,0.999999333,1.55E-05,YES
CLU-N354-H6N3S1F1,22.75829812,21.99293177,20.78454604,0,21.27989621,21.92857862,0,20.90408952,21.08802286,0,0,0,0,0,22.32988861,24.20397375,0,22.35151123,23.09678709,0,0,0,0,0,0,0,22.94703307,0,23.75659708,0,0,24.47378004,0,0,0,0,0,0,0,0,22.78005143,21.68654199,22.52504239,19.81820551,0,0,0,0,0,22.40514478,0,0,0,0,0,>>DiffResult,12.13592619,4.670363015,2.447378004,17.36196826,2.240514478,15.12145378,0.006069137,0.051385808,0.087792154,0.985524472,0.999998763,0.81494212,0.132613813,0.046707793,0.283251501,0.077452703,0.979851394,0.020329001,YES
CLU-N354-H6N4F1,0,0,0,0,23.73872809,0,0,22.73828123,0,21.43596013,21.61726959,0,0,0,0,0,24.3868433,23.01904711,23.02883159,22.70004852,0,0,0,0,22.87591811,23.13912806,22.99633546,0,23.70541464,0,21.60352171,0,24.30867762,0,0,22.60496779,0,21.75128232,0,23.14870736,23.14978779,24.15188846,21.75654365,24.09326836,23.58104842,23.70037749,21.8891106,22.45076136,22.2820404,23.6697335,24.54492114,0,22.66517468,22.57277926,21.54944834,>>DiffResult,9.133250478,9.271679627,11.34171568,23.34650734,20.53243468,14.21325686,0.013169012,0.246252279,0.982635589,0.992082342,0.306699174,0.069226009,0.122942192,0.988243312,0.99999969,0.055245615,0.136177796,0.038254113,YES
CLU-N354-H6N4F2,0,22.32534989,0,0,0,22.62245899,21.9101708,22.70485923,0,22.84282474,22.25019932,0,24.95372545,0,25.03468421,26.37507074,0,0,25.03590437,0,26.12055671,0,0,0,25.35070277,24.40461518,26.31579468,22.32707858,24.06923079,25.50104287,0,0,26.06384445,22.61276598,0,26.60003799,0,22.75106969,0,25.23714043,24.58047469,0,23.59875342,0,0,23.33024734,25.54624239,23.10064257,23.72058436,22.64492186,24.39970834,0,25.03648467,22.93689888,23.6092126,>>DiffResult,11.80276239,17.40890216,12.32648585,9.635845621,21.4324943,11.79664868,0.190221709,0.993337174,0.999958513,0.867426523,0.421049653,0.995885094,0.745078201,0.364013643,0.731076964,0.227224336,0.938658905,0.276923012,NO
CLU-N354-H6N4F3,25.9334842,25.88076485,23.87144831,24.72944165,23.89308314,25.26630897,0,23.59181589,25.24606216,24.22114287,24.67682956,0,0,25.32096436,25.76562037,24.73738737,25.53553684,25.15065674,24.24168024,24.14106306,26.27909009,25.1797044,24.19792063,24.7927138,25.94453861,0,25.95822737,0,25.89954309,24.01712513,0,25.47580597,22.89625195,0,0,26.0463248,0,23.65484322,0,0,0,0,0,22.56227033,0,23.79501393,26.7622879,25.43867739,24.82963362,25.66599923,25.79965508,21.02645094,25.61607921,24.79878853,24.49961673,>>DiffResult,21.11016453,20.22688631,9.807322594,4.512454067,24.82322025,20.31076619,0.000316733,0.844821043,0.026562847,0.116747391,0.007393243,0.008301903,0.030407725,0.002450403,0.999231741,0.848720119,0.813493231,0.002190891,YES
CLU-N354-H6N5F1,23.76716955,24.28796452,24.9695443,21.5206581,24.19998217,23.82645015,22.1535291,24.49677574,25.42103968,24.34571993,23.07859849,23.84702655,23.85900899,22.59881629,22.78642634,24.26615989,24.3894327,21.68740514,23.73877036,23.35212834,22.70329405,23.96108796,25.21055014,22.96487718,23.35802988,23.76066993,24.03051385,23.99525271,23.8418898,23.64180415,21.95851746,23.39105285,23.84497855,22.40705384,0,22.71529528,22.21638786,23.24110028,0,0,24.41447846,24.51003526,24.17374257,23.99093631,23.17461638,22.26377528,22.4762987,23.91797558,23.00615455,21.71754738,23.34933762,24.25189665,23.15709149,22.89038704,0,>>DiffResult,23.62963032,23.74679697,15.97743861,24.0527618,20.70304643,8.075323184,0.009598198,0.085163176,0.008677452,0.027486801,0.348972529,0.999883917,0.999977821,0.816046965,0.999998086,0.671603725,0.750445661,0.029604995,YES
CLU-N354-H6N5F2,24.29076757,24.69064067,24.13706608,23.99243466,23.69192986,24.29077352,23.85599584,25.20943179,24.62130932,24.48269111,24.1833735,23.44344243,23.72903261,24.02435577,24.81649245,24.97712371,24.69349046,23.06016665,23.32712448,22.65647893,24.13282574,24.10825199,25.66594484,24.97365933,24.69959968,23.14693158,24.0503761,25.12949425,24.35294086,22.57767235,24.11049832,22.61265939,23.40467665,24.09767097,23.65428178,23.87320973,0,22.65347674,24.27885888,25.14960607,25.45979632,24.33862578,24.76389577,24.1998785,24.41593516,0,22.62158436,23.39434709,23.42925571,23.07076471,23.75198889,23.91466392,23.1357268,21.51375435,23.46326083,>>DiffResult,24.10870607,24.28376967,21.38349385,24.63562631,20.82953467,3.80609164,0.1983771,0.682072065,0.528992432,0.60629019,0.998707302,0.999315649,0.999903864,0.541215133,0.999976313,0.34231046,0.435365532,0.284892911,NO
CLU-N354-H6N5F3,25.8614989,25.99879824,26.32122477,24.46497906,26.57510238,23.67909628,24.56985165,26.66114465,25.02269492,25.57938092,24.87217148,23.90430923,24.82100099,25.01924385,26.14766784,26.68841771,26.13740974,24.92270087,24.81523165,23.43168996,24.5864147,24.771112,26.49175392,25.89466024,25.64017527,23.45837555,24.43242187,25.72361448,24.3064562,24.80865465,25.93573175,25.46895298,24.36712851,25.32898279,23.67086098,25.10772092,24.33674866,20.12162178,25.80408474,26.2742333,25.87493604,27.26631474,27.28633344,25.49433077,25.68466599,23.03256974,22.8845097,24.20516589,24.67714193,24.12230113,24.70387913,24.36028474,23.31990422,23.39451991,24.86389175,>>DiffResult,25.27468075,25.01136389,24.64160664,26.3213162,23.95641681,2.364899383,0.003797524,0.063125521,0.594872298,0.946809952,0.652293889,0.349124849,0.223353632,0.003002607,0.973533256,0.03003211,0.235408666,0.014507535,YES
CLU-N354-H6N5F3+174.05,0,0,0,0,0,0,0,23.1135523,0,0,0,0,23.38598744,23.48366794,0,22.33309882,23.70249568,21.25895309,0,0,0,23.10039991,0,23.46208349,0,0,22.0934528,0,0,0,20.99610112,0,0,22.18128315,0,22.1069226,21.27681367,0,22.78486298,24.25568681,0,0,0,0,0,22.31239915,0,23.14812688,24.50022403,0,0,24.40673072,0,0,0,>>DiffResult,6.863887763,6.86559362,13.36016703,0,9.436748078,13.36016703,0.239229573,0.176215362,0.534438859,0.665592696,0.925795372,0.710325884,0.773780808,0.508006973,1,0.972092798,0.98360298,0.328624407,NO
CLU-N354-H6N5F4,26.69356503,26.977577,25.98174466,25.52952112,27.47557026,26.62003844,23.88960237,27.92961228,25.83044534,26.32462354,26.54693666,24.70398665,25.92352953,26.46334912,27.15212973,27.76252544,25.51878622,26.16440643,26.42108109,24.32063238,25.92302896,26.04118242,27.25522994,26.56255649,25.37996655,23.87047695,25.88749344,26.17430018,25.84864654,25.73152412,25.79763728,26.84898276,25.31753958,26.63119393,26.52633386,26.38320308,26.72481448,24.61865842,26.72044718,27.5514361,27.95751208,28.30764842,28.11447075,26.06154255,26.02815704,23.60669144,24.37251836,24.6608557,24.50557192,24.45857602,25.63631086,24.78309867,24.78174371,24.56572668,25.14391546,>>DiffResult,26.21148316,25.86744056,26.31202467,27.29386617,24.65150088,2.642365289,2.87E-05,0.307938547,0.998575884,0.816679585,0.001720941,0.146979715,0.050568828,3.17E-05,0.870019315,0.000580052,0.037157148,0.000346083,YES
CLU-N354-H6N5S1F3,0,22.09860629,0,0,0,0,0,22.4656933,0,23.01901632,22.90201435,0,0,22.38090388,0,25.0663541,22.49252301,0,24.08576221,0,0,0,22.19765585,0,0,0,0,20.46888853,0,0,24.26483057,23.16242952,21.88180035,23.29163122,22.9948355,23.13287626,22.99819176,0,21.87128458,0,24.02131724,22.28361855,0,0,0,0,0,0,0,0,0,0,0,0,0,>>DiffResult,9.225543673,4.266654438,18.35978798,9.260987159,0,18.35978798,0.001987032,0.444036519,0.129021949,0.018193253,0.001006864,0.999999999,0.882927659,0.426036219,0.686785616,0.122656454,0.864906858,0.008798639,YES
CLU-N354-H7N2,24.91542288,23.17985624,22.32767231,23.44792869,23.30512543,0,22.75041789,22.96124585,23.41874489,24.55809986,0,22.41945684,22.20262825,22.84209021,22.77757983,23.2254571,23.15159362,0,23.67924622,0,23.85191996,23.38841027,23.99344101,23.42055831,23.9888286,22.12009036,23.5956253,21.39223968,23.36799708,23.3705307,0,22.29120122,0,23.06743483,22.57929325,22.890657,0,0,22.14791789,0,23.2890034,22.6843026,22.53327182,0,22.07705908,21.41267759,22.47807146,22.06133154,21.97429992,0,23.04884468,21.15640896,22.67939374,23.23537719,23.6058267,>>DiffResult,18.55812831,23.24896413,11.29765042,18.11672738,20.16522318,11.95131371,0.055370809,0.622365205,0.224766762,0.030026017,0.178505104,0.999976376,0.824142996,0.993009349,0.64644079,0.989622856,0.934482674,0.111408736,NO
CLU-N354-H7N3F1,0,21.43451276,0,21.02236911,0,0,20.77027791,20.53209619,0,0,21.24883392,20.24618929,0,0,0,0,21.32996396,0,0,0,0,0,0,0,0,22.56625231,0,0,0,0,22.32738791,0,0,0,22.65970016,0,0,0,21.77275315,0,21.85703965,0,0,0,0,0,22.05684492,22.25078104,21.30317387,22.70427681,0,21.97139229,21.49427811,0,0,>>DiffResult,7.329212156,2.256625231,6.675984123,4.37140793,13.1780747,10.92144947,0.189273656,0.993333001,0.999814713,0.860951686,0.599832446,0.976055272,0.995207011,0.503127578,0.68937244,0.564337545,0.123292792,0.275886414,NO
CLU-N354-H7N4F3,0,0,0,0,0,0,21.60936658,0,0,0,0,21.44177955,0,0,0,0,22.02489228,22.43745994,23.98160041,22.29476907,24.06580458,21.78844556,0,0,0,0,22.11079187,0,23.9755788,22.22556579,0,0,0,0,0,0,0,0,0,0,0,0,0,0,0,21.97134872,25.47264259,23.76236458,24.69499831,22.77162371,0,22.25634805,23.50195545,22.76383252,22.42065135,>>DiffResult,6.689493392,11.41661866,0,0,20.96157653,20.96157653,1.61E-05,1,0.302427382,0.043067084,2.45E-05,0.557910385,0.14350809,0.000652158,0.641816862,0.001091831,0.127680198,0.00021831,YES
CLU-N354-H7N5F2,0,0,0,0,0,0,0,0,0,0,0,22.09304787,0,22.90701561,0,0,0,0,0,22.11064977,0,21.16970548,0,0,0,21.22604155,0,23.09544401,23.47799141,0,0,0,22.70856387,21.09161088,20.90191066,0,0,0,21.17108366,21.50121188,22.88654128,0,23.07645412,0,0,21.26542892,21.94267841,0,23.53982684,22.47852704,22.99161124,22.8245593,23.12507196,21.9897049,20.88528263,>>DiffResult,3.355535663,8.896918245,10.7374381,9.19259908,20.10426912,16.74873346,0.00173975,0.998391008,0.298690208,0.993043663,0.212821373,0.749911546,0.999997751,0.257049514,0.583933255,0.000439681,0.089376922,0.008038608,YES
CLU-N354-H7N5F3,20.86077634,0,22.10962955,0,22.38003148,21.75934239,20.56452894,22.67887663,20.72405388,0,21.48427138,0,0,0,0,0,0,0,21.72465121,0,0,22.97076714,22.13088316,0,22.98032421,20.95540193,0,21.85371457,21.82514617,22.00948014,0,0,24.34029512,0,0,23.78404951,0,0,0,0,20.74773092,0,0,0,0,0,0,21.66050024,21.92934563,20.67222064,0,24.05925925,21.97206795,0,23.83189102,>>DiffResult,9.71430809,15.47257173,4.812434463,4.149546184,13.41252847,11.32302555,0.135385318,0.999962915,0.766413937,0.193050187,0.394928614,0.839502299,0.322309218,0.524653787,0.644213475,0.901065387,0.992849455,0.215914648,NO
CLU-N354-H7N5F4,24.87025028,25.30090504,0,23.96475713,0,0,22.4004593,0,24.31617064,25.12998198,0,0,24.80049961,22.63510456,25.0939177,23.95135741,25.76204172,24.74788146,25.04378006,0,24.93031524,0,24.71588614,23.85331343,0,23.16933604,24.91816363,0,24.87162282,24.28169779,23.42274792,24.17127716,0,0,22.63010753,24.85083754,22.75105206,20.34460582,24.27104759,24.29629858,24.30646659,0,21.11259056,24.01629783,0,22.98546823,23.46466309,24.02292794,0,23.73480467,23.51186538,22.35095881,24.43025988,24.33310903,0,>>DiffResult,15.90085534,17.07403351,18.67379742,13.88707099,18.8834057,4.996334709,0.89895522,0.937633955,0.969143129,0.997772047,0.99999931,0.996467035,0.985620488,0.927814175,0.998838184,0.959931132,0.996404409,0.909851647,NO
CLU-N354-H7N6F4,0,0,22.38019532,0,0,21.84258021,0,23.08150778,0,0,0,0,21.63177404,0,22.13087333,0,0,0,21.78523885,0,0,0,22.34063043,22.03777918,0,21.86783016,0,0,22.35396324,0,21.98960243,0,0,21.94358909,0,0,0,0,21.4832627,0,0,23.08357094,22.7343224,0,21.2099157,0,0,21.86262933,0,0,0,0,22.09530043,0,0,>>DiffResult,6.642608477,8.860020302,6.541645422,13.40556181,4.395792976,9.00976883,0.603067373,0.760942431,0.999999914,0.988005416,0.99104646,0.706385547,0.934243694,0.53395843,0.982609986,0.981738879,0.878906668,0.658865195,NO
CLU-N354-H7N6F5,21.71755007,21.95482283,0,0,0,0,20.26662407,23.54001172,0,22.15205769,0,20.98654512,21.93655706,22.24478785,0,22.98542753,0,0,22.48557697,20.51219277,21.83760498,21.73514096,22.37772123,0,21.82348711,0,21.34632001,0,22.12052407,21.66268587,22.35711348,22.26432352,0,22.21681073,0,22.32233543,0,21.34817513,0,22.6941462,23.80338213,23.57153976,23.44292296,21.83894802,0,0,0,0,0,20.28051203,20.72719035,0,0,20.87507531,20.70196355,>>DiffResult,12.03910768,15.29034842,13.32029045,18.53135857,8.258474125,10.27288445,0.455746662,0.907615123,0.998142203,0.99435831,0.83968377,0.760910693,0.982769028,0.437943974,0.939437973,0.899493623,0.609970645,0.541101945,NO
CLU-N354-H8N5F4,0,0,0,0,0,0,0,0,0,0,0,21.01916731,0,0,0,0,0,23.04082937,22.3943285,0,23.64240681,0,0,0,0,0,23.31917424,0,23.58807304,23.26837151,0,0,0,0,0,0,0,0,0,0,0,0,0,0,0,0,21.71052733,23.17855287,23.18216122,23.28532604,20.97369644,21.25521185,23.55111375,22.14513664,0,>>DiffResult,3.322716259,9.38180256,0,0,17.92817261,17.92817261,3.66E-05,1,0.834211082,0.095871214,0.000109125,0.92704506,0.243944738,0.00200739,0.329940043,0.000287411,0.154775253,0.000419541,YES
CLU-N354-H8N7,25.94368903,26.70334164,24.26537151,25.56068529,25.17621229,26.41684599,23.50418899,25.86297835,25.68984308,26.20024835,26.1725942,23.43097787,26.67490318,26.27907135,26.56698622,25.17558545,27.35085229,26.02630501,26.02410007,0,25.27788515,24.67705563,25.96074421,22.1638671,25.84390852,24.69547067,25.31079647,24.35799277,25.86755494,25.44929394,26.49711138,26.00893163,23.35247218,26.88590243,26.47728828,26.05754349,25.64866505,24.01224816,26.36692321,26.59731908,26.10025813,25.56182205,25.27045104,24.90899639,24.33310032,23.87454445,24.78452728,24.81983183,23.80261289,24.42685208,25.02225778,23.34375042,25.47830042,24.8301138,25.26804422,>>DiffResult,24.45123901,24.96045694,25.79044049,25.23492559,24.56508352,1.339201481,0.907470748,0.998697825,0.880489363,0.986632785,0.945056503,0.992951583,0.999920139,0.997294064,0.996415819,0.999990487,0.999241326,0.915694522,NO
CLU-N354-H8N7F1,24.7233078,26.10217929,25.24975267,25.12059881,24.80104436,25.93544739,21.88040772,23.8645779,26.13751153,26.14759381,26.63184569,23.30683041,26.67353741,25.95997553,26.6628156,23.44130593,26.60002258,25.9346832,26.17626067,23.17820051,25.38143799,25.61940093,23.78411855,22.78756586,25.80868962,23.3851848,25.5656936,23.63976011,25.1031834,25.4100959,25.65159856,25.77331036,22.58833745,27.10373168,25.81581435,24.46158578,25.90702123,23.44744563,26.27349105,26.18199772,25.19655514,24.15118215,24.0311407,24.42013047,23.41800916,24.20311516,23.78876095,24.76814589,22.86846009,24.2660303,24.9503505,23.21790712,24.52033748,24.82627856,24.9453721,>>DiffResult,25.22639494,24.64851308,25.32043338,24.24340353,24.23547581,1.084957567,0.125090313,0.48539565,0.999620493,0.724724348,0.275408101,0.48559799,0.97231275,0.999999995,0.729771506,0.227157023,0.939150403,0.203947804,NO
CLU-N354-H8N7F2,24.32908263,24.44771056,23.72924067,23.55113753,23.58548752,0,20.59069189,23.83913403,24.81974176,24.02700627,25.19700264,0,25.60232491,21.69058272,25.11369631,23.57529239,25.12081799,24.72075048,24.77862682,21.49046744,23.67987314,24.24166044,24.28180007,23.31235063,24.37827511,21.06988031,23.1714607,22.31737855,23.81531399,23.19274191,24.53639618,22.27955439,21.63779962,25.37320781,24.15217441,24.58574018,24.37863235,22.72560371,24.15004567,24.53840315,23.17099232,22.96562072,19.47682767,20.89002284,22.22062055,21.68695563,22.35949968,0,21.43115225,21.96918048,24.12835224,0,22.22599335,22.42460488,22.70667369,>>DiffResult,21.51043973,23.34607349,23.83575575,21.74481682,17.89324122,5.942514528,0.235692952,0.971263727,0.865334662,0.999768556,0.213015603,0.999992125,0.989318906,0.783803858,0.938205625,0.557178126,0.290934812,0.325295231,NO
CLU-N354-H9N6,22.44425011,23.39322467,22.86811305,24.2665929,0,0,0,22.49401804,23.55363332,23.36547922,0,0,0,22.50672053,23.78255941,21.95087023,22.67757674,23.66384524,0,0,25.05055758,23.1103953,22.95992667,20.46434327,0,0,0,0,23.18994457,23.54539435,0,23.13713426,0,0,0,0,0,0,0,0,0,0,0,0,0,20.57826642,24.10321215,21.49193055,22.80679289,21.13444043,0,20.74856691,21.98109768,21.39336818,20.80658461,>>DiffResult,13.84834417,13.83205617,2.313713426,0,19.50442598,19.50442598,0.000466448,0.992472353,0.028643071,0.078511518,0.002273426,0.04906618,0.088203546,0.005449527,1,0.569745377,0.692743696,0.002871999,YES
CLU-N354-H9N7,25.32785415,0,0,24.65491966,24.22949249,24.63305913,0,24.46415064,0,0,0,0,0,24.08009057,25.27687576,23.81624245,22.87425946,25.29448388,24.77697892,0,24.69069505,24.17385414,24.50101459,0,25.29553197,22.07469506,0,22.91360311,23.12756421,24.59795602,0,24.52206424,0,0,0,25.07349476,0,0,24.49419755,24.32086558,0,23.19709341,22.28298715,0,18.78381557,0,24.24428868,23.91519723,0,23.90563579,24.64060469,0,23.90080994,0,0,>>DiffResult,13.47142035,19.13749142,9.841062212,12.85277923,12.06065363,9.296429204,0.527904099,0.991047205,0.937431815,0.435869581,0.99394461,0.999974707,0.877735017,0.999952879,0.748417847,0.998174382,0.690280902,0.602723651,NO
CLU-N354-H9N7F1,24.31868205,24.19947557,23.29477993,23.53466683,22.9090094,18.86233188,0,23.16442558,23.90624165,24.11375234,23.87119364,0,23.75095911,22.75505773,0,0,20.7178832,0,0,0,23.36319965,20.66386961,21.31091558,19.94078651,23.99931443,18.39029727,0,21.89324351,23.60865528,23.78089379,22.26238553,23.7030667,0,24.22265032,23.87833694,23.73881071,23.18096725,0,23.50563906,0,0,21.65916847,0,20.88012453,20.2655223,0,22.74915954,22.28688566,0,22.99774408,0,0,22.60257064,0,0,>>DiffResult,14.96992294,19.69511756,16.44918565,12.56096306,9.063635992,10.63148157,0.270525933,0.964393703,0.996531346,0.961456109,0.548420272,0.991534298,0.747550654,0.975742578,0.789828115,0.62251466,0.195722985,0.360187717,NO
CLU-N374-H10N7F1,25.04758852,23.63574038,0,25.00091694,23.04041992,21.41577739,0,19.48296009,21.91302469,24.4238472,0,20.1327167,21.58970731,22.36711326,25.46822139,22.39360968,0,24.51102511,22.40604731,21.46662424,25.87778338,23.76573247,23.20586092,21.38333814,23.41358618,0,22.81516651,20.43878497,24.49369219,23.08433895,0,25.49027152,0,0,0,22.11882239,0,0,0,0,0,0,0,0,0,23.40392112,27.27289922,0,23.99617042,26.95414624,25.27067292,0,23.19986645,23.30597816,23.149589,>>DiffResult,18.21476701,20.84782837,4.760909391,0,19.65532435,20.84782837,1.59E-05,0.872045406,0.00314519,0.002072519,0.005051265,0.001771571,0.001004169,0.002134144,0.943414679,0.993860593,0.998310927,0.00021831,YES
CLU-N374-H10N8F1,24.81830932,0,0,0,0,0,0,0,0,0,0,0,0,0,24.63246305,24.53610931,0,24.08745546,0,0,0,0,25.04624965,0,20.45437164,0,20.67799225,0,24.32803239,23.53481464,0,0,0,0,21.6139593,0,0,0,0,24.05820263,21.65190107,24.43489913,0,0,22.79955834,0,24.67159715,0,19.56432779,22.71995169,0,0,0,0,0,>>DiffResult,4.903716857,11.40414606,4.567216193,13.77727171,6.695587662,9.210055517,0.308395367,0.526609947,0.999989971,0.616420422,0.991785757,0.472780202,0.994262883,0.749643047,0.528430539,0.992624435,0.863153334,0.398358214,NO
CLU-N374-H10N9,22.63031637,0,24.11296231,0,24.60367012,0,0,23.18029851,0,0,0,0,22.22098686,0,23.97465039,25.30551609,0,22.72709563,22.62144341,0,0,0,23.75153322,22.52472129,22.24400453,0,21.89702876,22.88724704,22.02708654,0,22.4028593,21.94326829,22.13750095,0,23.49564217,22.38303318,22.53627689,0,22.80018048,23.99159693,25.3820619,25.19890488,25.33059818,25.16684202,24.88433752,0,0,0,0,21.47843782,0,0,0,0,21.12456811,>>DiffResult,10.56884698,13.53316214,18.16903582,25.1925489,4.260300593,20.93224831,0.004683227,0.739474171,0.347608191,0.860002013,0.036130463,0.055833815,0.268684848,0.005616654,0.948828564,0.535380337,0.293544845,0.016539856,YES
CLU-N374-H10N9F1,24.21703595,24.25702272,25.80336441,0,25.97695504,24.01610037,21.60936271,25.45578832,22.00157424,23.39540615,24.51682461,22.24424975,24.01944194,23.37080533,25.16585179,27.40104651,23.42972603,24.2357546,24.18345908,0,22.53915078,22.98520056,25.39494177,24.18454765,23.88578321,19.77590524,23.56092096,0,23.16431824,22.02849261,24.82613706,24.32709204,24.10954934,23.94483575,24.73796467,24.62761213,24.89458539,21.22078413,24.73111546,25.44171637,26.80436126,26.72999115,27.03279825,25.62322836,26.14183993,0,0,22.77305508,23.42828628,23.65146969,0,22.54443249,22.64568347,23.24875004,0,>>DiffResult,21.76498848,20.7519261,24.28613923,26.46644379,13.82916771,12.63727608,0.015357725,0.984409956,0.910605373,0.834602449,0.026374456,0.728384783,0.645827797,0.029334936,0.996859722,0.067900735,0.262049625,0.042543083,YES
CLU-N374-H11N10F1,21.29654979,0,22.59091795,0,22.95756745,21.57700075,0,22.21955029,0,0,21.6366143,0,0,0,22.06501199,24.29419952,0,20.80066388,20.78246797,0,0,0,22.25951186,0,0,0,0,0,0,0,0,0,0,0,21.60463873,0,0,0,0,21.82621083,23.61677965,23.62449357,24.37309388,22.86326434,22.75223487,0,0,0,0,0,0,0,0,0,0,>>DiffResult,11.01102719,2.225951186,4.343084956,23.44597326,0,23.44597326,2.76E-05,0.001420933,0.272307447,0.980807795,0.785339424,0.040435194,0.000329432,6.63E-05,0.07486226,0.013425331,0.97691589,0.000336589,YES
CLU-N374-H11N7F2,22.55457029,24.26641433,20.45130545,20.75563209,0,0,0,0,0,0,0,0,20.25355774,0,0,0,0,22.69841211,19.76811347,0,23.31365464,0,0,20.71425109,0,0,20.70736678,0,21.44834487,0,0,0,0,0,0,19.74026218,0,0,0,0,0,0,0,0,0,0,22.57758741,0,21.15302089,24.26157481,21.82695433,0,22.55141654,20.60759727,21.63284031,>>DiffResult,7.537400274,8.618361739,1.974026218,0,15.46109916,15.46109916,0.017085298,0.995676184,0.57181144,0.539447076,0.023032681,0.525219049,0.482532367,0.038662173,0.99840077,0.225295504,0.510511531,0.045808977,YES
CLU-N374-H12N11,23.41228607,0,0,21.65326292,21.70736874,22.61498957,0,0,0,21.08105439,24.25205583,0,24.02684272,21.78708272,23.63293404,23.07161375,0,23.27329527,23.18282433,0,0,0,0,0,0,0,0,0,0,21.62343772,0,0,0,23.55944192,23.48586635,22.52398528,22.93117406,0,22.67764539,22.13556544,0,0,20.39375051,21.67554854,22.17620388,0,0,0,0,0,0,0,0,0,0,>>DiffResult,13.68478052,2.162343772,13.73136784,12.84910059,0,13.73136784,0.001207904,0.99982591,0.999999995,0.075301281,0.021889439,0.999798424,0.279141952,0.129632047,0.028319981,0.00576727,0.987325697,0.006166112,YES
CLU-N374-H13N12,23.03751408,21.24558254,21.07683083,0,0,23.20466674,0,0,0,21.85894879,0,0,23.62559974,22.28617794,23.61269683,22.44212024,0,22.3066994,23.66605947,0,0,0,21.86308472,0,0,0,0,0,21.8637626,0,0,22.54762584,0,21.42791278,23.24549701,22.53133449,22.21037985,0,21.40559152,0,0,0,20.8704038,22.78802364,22.24187091,0,22.49573509,0,0,21.37055216,0,0,0,0,0,>>DiffResult,12.41814483,4.372684732,13.33683415,13.18005967,4.386628725,8.964149418,0.118000662,0.999999884,0.999465678,0.354503903,0.356067183,0.999907694,0.574737299,0.576229774,0.319020422,0.320724212,1,0.19401234,NO
CLU-N374-H3N3F2,0,0,0,0,0,0,19.97052993,0,0,20.83850732,0,0,20.00931411,0,20.46234481,0,0,0,0,0,19.33435952,0,20.59328133,0,0,0,0,0,0,0,0,0,0,0,0,0,0,0,20.03391914,0,0,0,21.04329126,22.7275468,22.06610366,0,0,20.59593342,0,0,20.59725899,0,20.39209227,0,21.90697084,>>DiffResult,4.064034808,3.992764085,2.003391914,13.16738834,8.349225551,11.16399643,0.149815376,0.163964637,0.974639175,0.986936976,0.506363436,0.258449338,0.338561636,0.858599321,0.999999957,0.725206318,0.807615733,0.232581906,NO
CLU-N374-H4N3F1,0,0,0,0,21.24945199,0,19.4234284,0,0,21.13141583,0,0,21.357575,0,20.78251848,21.47688497,0,0,0,0,0,0,22.75224674,0,0,0,18.95823489,21.59013808,0,0,20.54463919,20.04907812,19.76996069,0,21.74587233,0,0,0,0,20.61319386,0,22.73098959,21.9803546,24.16062324,23.61512455,0,0,20.77953917,0,19.45657045,21.12538669,0,0,20.35847591,22.69616587,>>DiffResult,6.271063733,6.330061971,10.27227442,18.4974184,10.44161381,12.22635466,0.176845884,0.599130575,0.855285449,0.913079801,0.999999579,0.143327724,0.21789006,0.617985671,0.999999989,0.835724081,0.90016222,0.262018806,NO
CLU-N374-H4N3F2,24.90865874,25.21878203,24.2821823,24.02046027,25.11989635,23.67549569,22.94279156,24.58914496,23.93545952,24.67425135,24.66304403,22.86472795,24.81953803,23.57359476,24.86818868,25.34776392,24.73586834,23.8216767,23.29611628,21.48842147,24.09472687,23.95715521,25.27035897,23.93528284,24.40908411,22.81599411,23.79527304,24.95701489,23.84230447,23.24043567,24.69896286,24.52528103,23.23531247,23.39396785,24.82034574,24.3274749,24.41647932,21.91319639,23.8753631,24.34335468,25.18551223,25.65006366,25.33489248,26.36372395,25.5973643,23.21165641,22.89739189,24.45834714,23.44793292,23.92177136,24.29742539,23.00439997,23.93097297,23.71853987,25.31411212,>>DiffResult,24.14230315,24.03176302,23.95497383,25.62631132,23.820255,1.806056321,0.003950838,0.005839456,0.978198046,0.999600629,0.996376495,0.007790185,0.009450501,0.002426789,0.997060958,0.859573613,0.979928827,0.014946698,YES
CLU-N374-H4N3F3,23.62053071,24.73115767,22.32471767,23.05851985,22.86461138,22.80631503,20.97932438,0,0,23.87659748,24.5162884,21.21065733,23.25408511,22.27436651,24.25166514,22.89357339,24.12257269,23.06261612,22.49888395,20.63335007,23.45319449,23.23366409,23.63856422,22.5911008,24.11981863,21.98794903,22.65703009,22.47154494,22.64916571,22.12412331,23.20172821,23.37969055,21.12861881,23.44206284,23.93340174,22.75264961,23.17321859,20.8660554,22.5639947,22.49621981,0,22.53529995,21.57663229,23.69199754,23.21622546,22.10271933,22.47832069,23.56289905,22.03540523,23.02175094,23.7237044,0,22.9594716,22.63596093,24.51045168,>>DiffResult,20.64899164,22.89261553,22.69376403,18.20403105,20.70306838,4.688584481,0.600279928,0.670436587,0.909850482,0.999993519,0.949594173,0.930294704,0.633606373,0.945065153,0.878172058,0.999999937,0.930000896,0.657663763,NO
CLU-N374-H4N4F2,20.76762346,0,0,0,0,0,0,0,0,0,0,0,0,0,0,0,0,0,0,0,0,0,22.29415179,0,0,0,0,0,0,0,0,0,0,0,0,0,19.72636604,0,0,0,0,0,20.87408678,20.59535039,21.95089246,0,0,0,0,0,0,0,0,19.09333521,21.24203241,>>DiffResult,1.038381173,2.229415179,1.972636604,12.68406593,4.033536762,11.64568475,0.027445335,0.050701397,0.996735159,0.999988902,0.962851006,0.012344666,0.059667122,0.16824942,0.991694724,0.796957204,0.97706195,0.066347007,NO
CLU-N374-H4N5F2,0,0,0,0,0,0,0,0,0,0,0,0,0,0,0,0,0,0,0,0,0,0,21.34611749,0,0,0,19.07005378,0,0,0,0,19.64901257,0,0,0,0,0,0,0,0,0,20.05696318,0,22.50033165,21.52917353,0,0,0,0,0,0,0,0,0,20.22998098,>>DiffResult,0,4.041617126,1.964901257,12.81729367,2.022998098,12.81729367,0.003705599,0.019567751,0.923800157,0.943693347,0.999999955,0.001232858,0.088863458,0.020487062,0.453496073,0.915982174,0.948987272,0.014202772,YES
CLU-N374-H4N5F3,22.84503653,22.39686566,0,21.24377442,22.21522962,20.93354704,24.60686969,21.94530692,20.94785176,22.94119848,22.25411118,24.03858867,22.83556112,0,22.65903532,23.49315994,21.90569572,21.75709632,21.23836355,0,23.14008307,22.53809662,24.75934821,22.54869696,23.005416,24.56621692,23.97317284,0,22.27429004,0,0,0,25.02486927,21.63836818,23.13181805,22.02225854,22.54046178,0,22.30961273,22.10965811,21.82597829,24.10541123,22.29597724,24.89653412,24.12086435,0,24.03110525,25.04164807,0,23.94243242,23.38540406,24.80743499,24.89868434,24.61049084,24.800962,>>DiffResult,19.0128646,18.68053207,15.87770467,23.44895305,19.5518162,7.57124838,0.670685604,0.564972262,0.902712709,0.959505942,0.897895949,0.869387525,0.876966866,0.936911116,0.99998219,0.999877689,0.99953524,0.716010476,NO
CLU-N374-H4N5F4,0,0,0,0,0,0,0,0,0,0,0,0,22.84040696,0,0,0,0,19.07972362,0,0,0,0,0,0,0,24.34066083,0,0,0,0,0,0,0,20.65999826,0,0,0,0,0,0,0,0,0,0,0,0,24.27321838,25.35109503,0,23.70653842,22.82690516,0,0,24.20858262,24.67697917,>>DiffResult,2.096006529,2.434066083,2.065999826,0,14.50433188,14.50433188,0.001280158,0.989075094,0.999999998,0.999972412,0.007916117,0.983767012,0.979844561,0.01276112,0.99996512,0.001582133,0.010653437,0.006478377,YES
CLU-N374-H4N5S2F1,21.82752511,22.45020691,0,0,22.4154841,22.85362311,20.13629412,21.92095444,0,22.57347843,21.92341751,0,21.75529504,0,0,22.88521685,0,21.35721107,21.89195352,0,0,0,21.27796369,0,0,0,0,0,21.78476688,21.32994789,0,22.27635416,0,0,21.89679677,0,0,0,0,21.00738344,0,22.26892637,22.58333313,23.09034682,22.98601615,0,0,0,0,21.88825318,0,0,0,22.4670015,22.2455792,>>DiffResult,13.19953301,6.439267846,6.518053437,18.1857245,6.660083388,11.74645665,0.115186467,0.286462669,0.497960318,0.999999983,0.999999818,0.883532052,0.280080381,0.298193398,0.486208386,0.519312516,0.999998938,0.189919576,NO
CLU-N374-H5N3F3+203.07,26.57388899,0,0,0,0,27.96236227,0,26.71185404,0,29.09915378,0,0,0,0,0,0,0,0,0,0,25.87738687,0,0,0,0,0,0,0,0,0,0,28.88111275,0,0,28.6786715,0,28.6633352,0,0,28.73501869,29.60619938,27.92569401,26.33647556,30.55592438,0,0,0,0,0,0,0,0,0,0,0,>>DiffResult,5.517362954,2.587738687,11.49581381,22.88485867,0,22.88485867,0.002345624,0.305621573,0.600847491,0.348008331,0.129539121,0.016596973,0.00903744,0.002427799,0.95346879,0.670727367,0.982373773,0.009758131,YES
CLU-N374-H5N3F3+203.08,0,0,28.85038519,0,29.64707692,0,0,0,0,0,26.35342578,0,28.26168976,0,29.10908232,27.21574448,0,0,0,0,0,0,0,0,26.72230389,0,0,0,0,0,28.80853575,0,0,0,0,0,0,0,28.43782708,0,0,0,0,0,0,25.57645292,24.64285012,0,0,0,26.09532297,27.85864724,25.31820408,25.49528841,26.96824564,>>DiffResult,8.471870223,2.672230389,5.724636283,0,18.19550114,18.19550114,0.021810432,0.895380613,0.972682635,0.976264925,0.131538765,0.592838062,0.993267365,0.046216307,0.69842388,0.210670993,0.033495961,0.055668985,NO
CLU-N374-H5N3F3+204.06,0,0,23.06359295,20.1321504,22.84373546,21.86743493,0,0,0,21.00971898,0,0,0,0,0,0,0,0,0,0,0,0,22.45932391,0,0,0,20.86028159,0,0,0,0,0,0,0,0,0,0,0,20.97657886,0,22.19448692,22.81772207,0,30.11245531,0,0,0,0,0,0,0,0,0,0,0,>>DiffResult,5.445831636,4.33196055,2.097657886,15.02493286,0,15.02493286,0.03597246,0.062836911,0.853381602,0.977593904,0.982251525,0.189357252,0.174557248,0.020488786,0.997252341,0.486354579,0.794042573,0.081181093,NO
CLU-N374-H5N4F1,21.83468621,0,22.61576595,21.22832367,21.93924602,0,21.87890368,21.69310525,0,22.2548162,0,0,20.75752118,21.14269317,22.06929056,22.78351683,0,21.09785358,20.69604156,21.27479623,0,21.56589451,23.83303026,21.80029696,22.49235241,21.46724301,21.83261242,25.76095128,21.41020987,19.66853065,19.95195736,22.19649848,0,0,21.47716002,0,20.6384929,19.31006374,20.85972252,21.24456786,0,23.35564285,23.13626875,25.80780655,25.261281,0,0,21.6619873,0,21.66502994,22.52000916,22.11558054,21.31992004,21.61449105,22.88308681,>>DiffResult,15.163328,19.98311214,14.56784629,19.51219983,15.37801048,5.415265849,0.631560183,0.889395151,0.999862071,0.734781818,0.999735433,0.901976328,0.9999864,0.939141603,0.71474406,0.999997645,0.83316292,0.685509613,NO
CLU-N374-H5N4F1+174.05,0,0,0,0,0,0,0,0,0,0,0,0,0,0,0,0,0,0,0,0,0,22.15871442,0,22.48588185,0,0,22.7689761,25.93136214,0,0,0,0,0,0,0,0,0,0,20.99462076,21.4963084,0,0,0,23.0180635,0,22.95111968,23.4696535,24.06189189,23.45423895,0,0,24.38140843,23.55376558,0,0,>>DiffResult,0,9.334493451,4.249092916,4.603612701,14.1872078,14.1872078,0.001777841,0.99999288,0.717874105,0.690327087,0.096415991,0.828100951,0.858553795,0.278340267,0.058782466,0.00100399,0.725998374,0.008182267,YES
CLU-N374-H5N4F2,25.68522538,25.81363861,26.25364488,25.06353047,26.45823071,25.00905323,24.8171854,23.79487181,25.41152671,26.18541875,25.63031923,22.47969061,24.47529788,24.87654639,26.12317181,26.4107252,25.42135568,24.93280835,24.49317406,23.66394541,25.46552147,24.78426985,26.98019858,25.43833955,25.94958037,24.27235289,25.03733326,27.46963466,24.92120773,23.87658749,25.54507317,25.9935813,24.9457671,24.7086369,25.8523989,25.25946362,25.84611754,23.16948015,25.31201641,25.6161257,26.68871581,27.24552819,26.78527213,28.54662386,27.96021066,24.47639621,21.15144178,25.42864094,24.85912024,25.27409061,25.7659866,22.34510292,24.88100976,24.96083098,26.49934869,>>DiffResult,25.14996803,25.41950258,25.22486608,27.44527013,24.56419687,2.881073257,0.000714366,0.006313975,0.999798499,0.995131041,0.685604195,0.001487956,0.015437496,0.000216613,0.971596946,0.666444018,0.444751702,0.004045493,YES
CLU-N374-H5N4F2+174.05,0,0,0,0,0,0,0,23.36195749,0,23.52957316,0,0,25.4284708,25.0344746,0,26.17403245,25.55665661,24.93080626,23.75389142,0,0,25.86138385,0,26.04123566,0,0,26.045324,0,25.39941628,0,24.36979926,24.24792047,0,23.7468474,0,23.57945891,25.36599618,0,24.71693182,25.5829388,0,0,0,25.57640512,0,26.45020503,26.02621541,27.22272122,27.0505603,0,0,27.09045464,26.77384225,0,0,>>DiffResult,9.88849314,10.33473598,17.16098928,5.115281024,16.06139988,12.04570826,0.31468779,0.423719407,0.580262981,0.749782447,0.999674255,0.942826134,0.943178831,0.520220123,0.999984059,0.718883467,0.850032174,0.405150294,NO
CLU-N374-H5N4F2+202.05,0,0,0,0,0,0,0,0,0,0,0,0,0,0,0,0,0,0,0,0,0,0,0,0,0,0,0,0,0,0,0,0,0,0,0,0,0,0,0,0,0,0,0,0,0,23.89345622,24.20164788,24.3516233,24.35006111,0,0,24.49963191,0,24.26294695,0,>>DiffResult,0,0,0,0,14.55593674,14.55593674,2.99E-08,1,1,1,1.38E-06,1,1,7.08E-05,1,4.59E-08,1.38E-06,1.46E-06,YES
CLU-N374-H5N4F3,28.48930481,28.92871991,28.91468862,28.24721806,29.73468541,28.3143434,27.70234088,28.48796225,27.93198759,29.07650172,29.00164798,27.41040259,28.17451493,28.06896888,29.05580115,29.69019988,28.87581801,28.14666481,27.62606769,26.56885326,28.38936763,28.39393814,29.80816851,28.39963161,28.81336406,27.16243307,23.51227632,29.56471038,28.30742736,27.32569253,28.56920719,28.96476142,28.16156113,27.84706926,28.72348389,28.2894596,28.71843719,26.29845858,28.39017182,28.63429784,29.6844615,30.1120128,29.7294641,30.60988107,29.98385859,27.45687787,26.42919492,28.25848594,28.05455336,27.99415296,28.63500106,21.75542793,28.03063758,28.06524626,29.50369491,>>DiffResult,28.42233459,27.96770096,28.25969079,30.02393561,27.41832728,2.605608332,0.014043079,0.119147533,0.997671506,0.987334207,0.611200693,0.122620142,0.047028236,0.005963112,0.898283644,0.294740984,0.882216431,0.03994248,YES
CLU-N374-H5N4F3+174.05,0,0,0,0,0,0,0,0,0,22.3131783,22.86093875,0,25.45790259,24.27735505,21.60016062,23.89367452,25.3649299,24.68514089,23.48137085,0,25.46187456,25.61992778,0,0,0,0,0,0,24.66365729,0,23.09307454,23.67107024,0,24.14418259,0,0,24.5661657,0,24.04842583,23.89165552,0,0,0,0,23.00991307,0,26.3883326,27.1312922,26.34361722,0,0,25.14243982,26.83466118,0,0,>>DiffResult,10.69673257,7.574545962,14.34145744,4.601982615,13.1840343,9.739474828,0.545312849,0.609031156,0.94102875,0.739663857,0.999562427,0.861627665,0.992140289,0.714240799,0.965823347,0.985159322,0.848826507,0.61631031,NO
CLU-N374-H5N4F4,27.9273807,29.12816532,26.54065441,27.98560096,27.59139631,27.84252002,25.66012372,26.87114805,27.53670141,28.50431723,28.85264738,26.15801131,28.45375402,27.52872757,28.91552629,27.84848427,29.12237851,28.07727534,27.47696629,25.88071623,28.36224638,28.29218823,28.03215017,27.61093179,28.54973525,27.07964172,27.72105092,27.13345591,27.95352532,27.43988877,27.76308196,28.38497424,25.82753267,28.12793383,28.6214686,27.96135812,28.25277176,26.11507142,27.7169615,27.36186862,26.67573595,26.19869232,26.09761873,28.0448308,27.64310611,27.51380475,27.32036509,28.72098411,27.13157641,28.13262764,28.76884459,25.63558031,28.09039958,27.83349538,29.64920399,>>DiffResult,27.69512477,27.81748145,27.61330227,26.93199678,27.87968819,0.947691401,0.43650482,0.681053781,0.999421954,0.988494179,0.969235836,0.493248419,0.434993983,0.365964188,0.99719766,0.986483721,0.99988981,0.525514042,NO
CLU-N374-H5N4F4+162.05,26.43452837,25.76987127,0,26.84789734,22.86586198,22.65359602,0,0,24.95952807,26.38688674,0,0,22.70139472,0,27.06880737,22.69372069,22.79177699,26.09557005,0,0,27.38449246,23.54733499,0,21.66056282,25.6693242,0,0,0,24.36685932,25.37326194,0,26.58038879,0,0,0,22.73894548,0,0,0,0,0,0,0,0,0,0,0,0,24.35854565,0,26.58701636,22.90564312,26.2989319,0,0,>>DiffResult,14.86347198,14.80018357,4.931933427,0,10.0150137,14.86347198,0.049920852,0.939851863,0.20644119,0.346230194,0.870065269,0.102347223,0.16497613,0.535696471,0.999999991,0.825225536,0.892855177,0.10256147,NO
CLU-N374-H5N4F4+174.05,0,0,0,0,0,0,0,0,0,0,0,0,24.38787652,22.77758752,0,0,24.28164076,23.60614458,21.84350366,0,0,24.04833187,0,23.26090189,0,0,24.45303497,0,23.74043649,0,0,22.50241159,0,23.70815416,0,21.73262427,23.55137515,0,22.96926629,22.63242812,0,0,0,0,20.45112795,25.43964839,24.77745303,26.32528081,25.13718422,0,0,0,25.59129809,0,0,>>DiffResult,5.844837652,9.550270522,13.70962596,4.09022559,12.72708645,9.619400369,0.287563254,0.551745781,0.406237633,0.927142438,0.99969386,0.998062897,0.908126765,0.64999285,0.919860934,0.540383557,0.971765929,0.377709488,NO
CLU-N374-H5N4F5,26.77971883,27.88731518,25.31425177,26.31422329,26.05748536,26.47079762,24.26577796,25.45120392,25.78557347,26.71291622,27.84018248,24.86172469,27.53411049,25.96164975,27.50583719,26.2799905,27.93585368,27.02116597,26.18765109,24.82289508,27.22146868,27.0936712,26.60807394,26.50612464,27.2968342,26.06766909,26.36839838,25.45519732,26.47553469,25.97612764,26.55980202,27.25867134,24.68685821,27.62515696,27.35686815,26.88752616,27.12595114,24.97088954,26.68359129,26.40551892,24.84327463,23.88254204,23.05902865,26.4108367,25.81518189,25.92271586,0,27.32959252,25.77705312,0,27.58120979,24.3108348,26.741915,26.34545208,28.2268354,>>DiffResult,26.34951623,26.50690998,26.55608337,24.80217278,21.22356086,5.332522515,0.068578332,0.963986977,0.999965857,0.999999938,0.117359243,0.968145804,0.967483314,0.664172258,0.999988463,0.06400438,0.123128227,0.129095121,NO
CLU-N374-H5N4S1F1,24.38831875,19.63974192,0,0,0,0,0,0,0,21.60487301,0,0,0,0,0,20.70693399,0,24.37483358,24.57265928,0,0,0,24.45776242,0,0,0,24.17981385,24.16421046,24.95946338,0,22.99895163,24.34504563,0,0,25.61873319,0,23.60728518,0,24.04945507,23.45945047,0,22.38733544,0,25.27579505,25.45689834,0,0,0,0,0,0,0,0,0,23.88214915,>>DiffResult,6.764368027,9.776125011,14.40789212,14.62400577,2.388214915,12.23579085,0.111375341,0.99999963,0.40187501,0.884250111,0.129180379,0.624150409,0.931164776,0.279094582,0.956076961,0.847905601,0.57875068,0.184940019,NO
CLU-N374-H5N4S1F2,24.73674579,24.18230365,22.70718252,0,0,22.72526241,0,0,0,24.6491933,24.31233654,22.49276065,0,23.24239219,24.91694617,21.71282686,0,23.87446649,25.07215646,0,23.22371891,23.64332341,25.30004978,22.56280897,0,0,24.48631789,25.5519194,23.62051698,22.90488787,25.57782626,25.66792137,23.2717602,23.91707175,26.28322968,24.66193059,25.61944713,0,25.42105123,25.29628077,23.72918881,23.69583214,24.34362781,0,24.73440361,21.72589527,0,0,21.89213304,22.91911138,22.33840881,21.45282441,0,22.43403837,24.54626071,>>DiffResult,14.23122865,19.12935432,22.5716519,19.30061047,15.7308672,8.340423248,0.329256855,0.980531129,0.276661427,0.95135081,0.613425664,0.877423046,0.999999829,0.973170997,0.76264476,0.996240531,0.953491043,0.418370939,NO
CLU-N374-H5N4S1F3,25.03055354,0,0,0,22.82007048,23.37795564,21.38921499,22.00204702,0,24.65822262,24.57877638,22.69728669,24.32888729,24.15324384,25.49922196,24.40143506,24.68072494,24.52341437,25.22594257,21.90933758,23.7257611,0,25.60164348,23.56060165,22.6430137,21.19270196,24.88102498,24.87524146,24.40415984,23.69090624,24.57364594,24.78565558,19.79376792,23.42621338,26.10311912,24.1987822,24.74178619,0,25.2633236,24.7586711,23.63659581,24.26722636,24.32765194,25.00612769,24.86167537,0,20.29322122,0,0,22.96402439,22.06777564,0,21.28914967,22.80930237,24.96896898,>>DiffResult,19.06381675,21.45750544,21.7644965,24.41985543,13.43924423,10.98061121,0.152333773,0.983497403,0.938986438,0.999992383,0.259624587,0.764010909,0.975289483,0.195190248,0.960009384,0.506675094,0.294983363,0.234622109,NO
CLU-N374-H5N4S1F4,21.64827262,22.50592162,0,0,0,0,0,0,0,0,22.13517933,0,0,22.27975552,23.21478656,0,22.23706644,22.1154073,22.28802866,0,0,21.61225988,22.4316956,0,0,0,20.68904454,19.56962296,0,0,20.47437415,22.10963093,0,0,22.74789938,20.89625605,21.41516324,0,21.96097785,21.15589381,0,21.4347202,0,0,21.29380764,0,0,0,0,0,0,0,0,0,21.71235054,>>DiffResult,8.921220903,8.430262297,15.07601954,8.545705567,2.171235054,12.90478449,0.120169508,0.781205278,0.549713407,0.612451576,0.057175279,0.999993612,0.99999996,0.79583142,0.999948404,0.457942941,0.664488774,0.196748116,NO
CLU-N374-H5N4S2,22.83858535,21.86239193,22.6515061,23.19946973,22.53117966,22.68608261,21.22705775,21.6814749,23.42643605,24.86606279,23.14054669,0,23.20857063,22.68264728,22.93960964,24.10292603,22.50482755,22.10788817,23.480043,20.84196222,0,21.00307441,19.99198193,0,21.34572857,0,21.13819454,21.79079137,21.76202228,0,0,21.58882357,0,0,0,20.50425875,0,0,20.51053913,20.57123298,22.69915418,21.90087987,0,23.12494082,23.06040211,0,20.03450363,0,21.89213304,21.76612896,22.55878214,19.54130843,0,0,21.88957708,>>DiffResult,21.59896341,12.70317931,8.317485443,18.1570754,12.76824333,13.28147796,0.004111981,0.292298035,0.003762092,0.816447908,0.808316821,0.941470914,0.808022791,0.814678174,0.100819239,0.104968457,0.999999985,0.015265624,YES
CLU-N374-H5N4S2F1,24.60919352,23.4593013,25.45046324,25.15935763,26.33217758,26.30203724,24.38465807,25.3795577,23.81482447,26.6453007,26.1000121,24.56387321,25.9302829,22.83180099,26.24943925,27.28457086,23.80624084,25.45544046,26.77550181,22.89105458,23.25218403,24.70524369,25.17803087,23.60438192,24.69602096,21.60935598,25.54910765,24.99863052,25.09997134,23.62781717,24.91450066,24.45970039,23.8331342,24.33655595,25.72882824,24.96494642,24.83274609,21.12216924,24.24047711,24.52171088,25.88496456,26.24993003,26.01747381,25.75907922,22.58321744,22.57501098,24.39267077,24.65379925,23.77178211,25.18894382,25.39189404,24.37436632,24.83290205,25.17190259,25.18572569,>>DiffResult,25.17125442,24.23207441,24.29547692,25.29893301,24.55389976,1.0668586,0.169024443,0.574411199,0.364111794,0.999958763,0.989735024,0.999572422,0.515098912,0.802900979,0.295094395,0.695227357,0.9767368,0.254954289,NO
CLU-N374-H5N4S2F2,22.82796089,22.12211737,0,0,23.26202341,0,20.27780077,20.70717825,0,22.76844842,21.43842238,0,22.12839548,0,22.5888383,24.22285306,21.84212838,21.37659118,22.70061834,21.1618657,0,20.2179839,21.46635293,19.05305872,0,0,21.19811688,22.01307397,22.43346669,22.57804485,21.64137393,21.25859309,20.60980908,0,21.02338321,0,0,0,21.50593942,21.56421513,21.69539406,0,21.57206138,23.75287268,22.39978599,19.87266457,0,0,0,20.28365699,21.89089274,20.47788197,0,21.84889971,21.67707203,>>DiffResult,15.4712621,14.89600979,12.76033139,17.88402282,12.6051068,5.278916021,0.862131071,0.900903649,0.963416521,0.991111896,0.999999725,0.990753435,0.985321208,0.890812072,0.999908813,0.955413007,0.98840953,0.877385393,NO
CLU-N374-H5N4S2F3,21.16381447,20.68241622,0,19.70016933,22.39821903,0,21.04417675,0,0,0,0,0,20.76027978,0,20.8502997,22.71648338,21.40635813,0,21.11219694,0,0,0,21.93577294,22.08820668,0,0,20.54963087,0,22.13442748,0,21.40294686,21.18437595,0,0,0,22.55982357,0,19.13420166,0,21.89146255,21.32414644,0,21.51949488,21.88104209,0,0,0,0,0,0,0,0,0,0,0,>>DiffResult,10.59172069,8.670803796,10.61728106,12.94493668,0,12.94493668,0.066741435,0.993168086,1,0.992515291,0.144394657,0.989925443,0.936701543,0.147542707,0.987721422,0.065768145,0.317863085,0.126657041,NO
CLU-N374-H5N5F4,22.38552983,0,0,21.55071422,0,0,0,0,0,0,0,21.97992999,21.26467414,23.34842999,24.71822174,0,0,0,0,22.22518111,0,23.72969003,23.70395276,22.6777202,24.03747552,22.90942605,22.58186137,23.29527984,24.0470926,0,21.79463196,23.17717181,0,24.75255123,22.42119202,0,22.5072937,0,0,21.89789535,0,0,0,22.74193884,23.0919103,24.30189875,24.70454962,24.01472129,22.67445071,23.93745891,22.9459322,0,22.67861642,23.48650035,21.40011408,>>DiffResult,7.873634051,18.69824984,13.65507361,9.166769827,21.01442423,13.14079018,0.013379444,0.936165116,0.621202932,0.821488333,0.529647539,0.999174626,0.47393131,0.257909592,0.076684654,0.018521496,0.987866511,0.038523571,YES
CLU-N374-H5N5S1,0,0,0,0,0,0,25.65026952,0,0,0,0,24.70979227,0,0,0,0,0,0,0,24.38405364,0,21.99772133,0,0,0,24.61483612,19.00721523,23.770506,21.11520311,20.81054624,0,0,24.91428085,0,0,0,0,24.26441958,0,20.10360095,0,0,0,22.68132123,22.71505107,0,0,0,0,0,0,24.69164926,24.32184126,24.45772483,0,>>DiffResult,3.737205771,13.1316028,6.928230138,9.079274461,7.347121536,9.394397032,0.274350448,0.996058132,0.938784003,0.697437787,0.999986414,0.856387671,0.957970695,0.998303212,0.175624295,0.907222008,0.748778966,0.36444963,NO
CLU-N374-H5N6F4,21.4295969,0,0,0,0,0,0,0,0,0,0,0,21.33285547,0,0,0,0,0,0,0,0,22.94931148,23.41402596,0,0,0,23.77384352,0,0,0,22.36140991,0,0,0,20.93327202,0,0,0,0,0,21.37956692,22.42436242,20.97394451,24.54197087,24.88332488,0,24.78431475,0,0,24.12002183,0,25.20123279,0,0,0,>>DiffResult,2.138122619,7.013718096,4.329468192,22.84063392,7.410556938,20.7025113,0.000937157,0.003784898,0.969268096,0.962008685,0.938392627,0.000255049,0.018117596,0.022503222,0.627676243,0.555394533,0.999977474,0.005002451,YES
CLU-N374-H5N6F5,21.86656539,0,0,0,0,0,0,0,0,0,0,0,0,0,23.26530806,0,0,0,0,0,22.20566655,0,22.46884309,0,22.99366243,0,0,0,22.9459661,0,23.21509972,22.91959111,0,25.20895253,23.38137176,0,24.00430738,0,0,23.04502081,21.50488359,0,0,0,0,25.21435777,25.12218245,20.22109949,0,0,0,0,25.24273318,0,23.13794451,>>DiffResult,2.256593673,9.061413817,14.17743433,4.300976717,11.89383174,11.92084066,0.027633157,0.41259623,0.033495107,0.799752574,0.987372848,0.994577575,0.915306712,0.663703655,0.439046486,0.127440387,0.971987829,0.066347007,NO
CLU-N374-H6N5F1,0,0,22.23682002,0,21.2574235,0,24.23799546,21.83317596,21.06554465,0,0,0,0,19.76437209,0,22.28119835,0,0,19.73303715,22.86510733,0,0,24.48126278,0,21.45277616,23.4839388,20.93895337,22.37055597,0,0,0,19.83227911,0,0,22.39848923,0,19.18367686,0,0,19.40964339,20.93326989,22.65036187,21.61518224,24.43343681,24.02800833,0,0,24.06163579,21.09862505,23.10869082,23.69292038,24.01257583,24.01023918,23.11881327,25.11175799,>>DiffResult,9.763733726,11.27274871,8.082408859,22.73205183,18.82152583,14.64964297,0.030701664,0.096622545,0.993688507,0.96005916,0.166482897,0.114248122,0.284907174,0.959943685,0.995836507,0.186925239,0.500097699,0.072068765,NO
CLU-N374-H6N5F2,23.08846663,21.33295554,23.18782294,21.45667232,23.0007911,21.2848359,22.16379413,22.69250793,0,0,0,0,0,0,22.53667038,22.51820651,21.11077396,0,20.16257441,22.60309246,0,0,24.80746872,21.68262698,0,23.54266942,0,26.1358741,20.43154132,0,0,0,20.26478586,0,0,20.12221779,21.50378157,0,20.97508715,21.75372764,24.42479085,25.13303924,24.86190668,25.71059946,25.13865353,0,22.94800476,24.17852929,21.03959815,22.55629683,22.15872576,23.92093302,23.55831554,22.60624642,24.72662914,>>DiffResult,14.35695821,11.66001805,10.46196,25.05379795,20.76932789,14.59183795,0.036249588,0.083265285,0.860202016,0.998915408,0.175054071,0.236980302,0.132654539,0.938801594,0.959257508,0.489640843,0.282072791,0.081491863,NO
CLU-N374-H6N5F3,25.25157058,24.7245727,26.79531975,25.19849818,26.85614557,25.32083138,24.86040998,26.21475548,24.56747265,25.02838864,25.65587407,24.72174362,25.24439647,24.28076975,26.15122046,27.2889155,25.69577238,24.90885426,24.58472792,24.52611188,24.31860574,24.40739738,26.68004282,25.88391084,25.38009949,24.24667583,25.04645905,27.60183338,24.07103843,22.31151436,25.65018917,26.07466061,25.26141325,24.59029646,25.64384487,24.06740266,26.17274436,21.65075754,25.68462312,26.03170095,27.81934186,28.13528694,27.87495459,28.45420775,27.92258711,24.67502373,25.80250277,25.06172506,25.46210888,25.670728,25.26973579,24.98122719,25.14043619,25.27321128,25.55441724,>>DiffResult,25.39381756,24.99475773,25.0827633,28.04127565,25.28911161,3.046517919,1.73E-05,2.80E-05,0.934236284,0.999685929,0.991259267,4.01E-05,1.62E-05,9.89E-05,0.851800276,0.998899398,0.967331124,0.000226844,YES
CLU-N374-H6N5F3+174.05,0,0,0,0,0,0,0,22.75127274,0,0,0,0,24.62178839,24.3428212,0,26.62655325,25.2190321,24.68622582,21.56347845,0,0,25.38799731,0,25.93098615,0,0,25.27399034,0,0,0,23.62385959,23.19972807,0,21.97303874,0,0,24.98250098,0,24.73888546,25.71237825,0,0,0,0,0,26.509047,26.4785621,25.90378897,27.24160571,0,0,26.99706972,0,0,0,>>DiffResult,8.490558597,7.65929738,14.42303911,0,13.31300735,14.42303911,0.203932145,0.200517015,0.708339708,0.7179165,0.99958165,0.623049025,0.772229322,0.271203455,0.999764837,0.837781861,0.83017424,0.290727656,NO
CLU-N374-H6N5F4,27.9037833,27.57531782,28.86548426,28.3323025,28.93041336,27.59567401,27.31994289,28.62769932,28.0374861,27.81880764,28.11287934,27.43105171,27.59639398,27.10819391,28.27136189,30.00372274,28.76680895,27.4780783,27.00036865,27.09337744,27.90550484,27.41770584,28.96087158,28.27915742,28.28449839,26.4843658,27.14763258,28.01026058,27.16567655,26.8167439,28.32390468,28.34067032,27.43219281,27.58010155,28.19863976,27.82371399,28.39328311,25.95847074,27.59195136,28.55648464,29.68625358,29.64612121,29.79706979,30.02593054,29.68612692,26.80987981,27.53396955,26.84085771,28.09850634,27.89756902,27.76267331,28.10416178,27.57432987,27.75782568,27.89948165,>>DiffResult,27.99345741,27.64724175,27.8199413,29.76830041,27.62792547,2.140374935,6.01E-06,3.88E-05,0.96553024,0.979937418,0.970431745,4.03E-05,7.83E-06,6.54E-06,0.692200656,0.64749507,0.999996335,0.000111515,YES
CLU-N374-H6N5F6,0,0,0,0,0,0,25.0456777,0,26.28202607,0,0,24.26413024,0,0,0,0,27.28572352,0,0,24.80717605,0,0,0,25.16725196,0,26.37515408,0,0,0,25.60245217,0,0,24.04528743,0,27.11926375,0,0,24.33186655,0,25.33047407,0,0,0,0,25.64207667,25.61642128,26.1270573,25.51162165,25.67235018,27.1677841,25.58177762,24.63786862,26.90639335,25.98052537,28.23363272,>>DiffResult,6.384236679,7.71448582,10.08268918,5.128415334,26.14354322,21.01512789,0.000322802,0.919336369,0.90344646,0.988205344,0.014555109,0.999345994,0.992364916,0.007694826,0.997765355,0.000199187,0.003557823,0.002206754,YES
CLU-N374-H6N5S1F2,22.19768901,0,0,0,20.31315945,21.96327445,0,0,0,23.26619908,22.00107744,0,20.74143051,0,21.44608159,23.11204722,0,20.19361168,21.12607641,0,0,0,23.49830412,0,18.57949279,0,20.22327548,23.29695955,20.85570899,20.87405881,22.53043852,21.5834919,20.54106273,0,22.95154338,0,22.64478857,0,22.71179363,22.23290915,21.78256758,22.08499738,21.28391092,24.16206932,23.2767289,0,0,0,0,0,0,0,19.53116415,19.94153413,0,>>DiffResult,10.81803234,12.73277997,15.51960279,22.51805482,3.947269828,18.57078499,0.017376735,0.71446418,0.751199937,0.971857911,0.094056593,0.157640295,0.404212194,0.012735649,0.988057707,0.411375793,0.309088957,0.046377633,YES
CLU-N374-H6N5S1F3,24.23148419,22.91454463,23.46563358,22.47129056,25.19346522,24.00598078,21.35024055,23.66037147,22.87631008,25.88153182,25.11473816,22.607686,24.7124627,23.76240633,24.36455665,26.54221259,24.20196593,23.47534176,26.07023107,0,23.0665993,22.16129228,25.45265992,21.23908254,0,22.07037442,24.89080146,25.91645425,23.23219781,23.75948232,25.86755635,26.04690362,24.94794472,24.92816729,26.11385664,25.37702173,25.4255999,22.33876073,25.38727778,25.53500289,25.58415921,25.43091195,24.28858055,25.0650227,25.35173511,0,0,23.43157094,0,24.53926205,0,21.11756025,22.9523334,23.16806696,23.19530198,>>DiffResult,22.8451227,21.17889443,25.19680916,25.14408191,13.84040956,11.35639961,0.004473333,0.999999991,0.903921072,0.69363683,0.005130733,0.963090479,0.832702707,0.03425831,0.970947597,0.01249918,0.140431729,0.016076275,YES
CLU-N374-H6N5S1F4,24.92426259,24.65432985,23.90685635,24.32691965,24.96031798,24.62743698,21.57871875,23.59149881,23.38677181,25.81258599,23.80194764,22.34811177,25.21535382,24.04388602,25.01938561,26.27460198,24.70511457,23.72292358,26.15115418,20.37441442,24.63596497,24.13351871,25.59472247,24.26106456,24.50439027,22.76741026,25.22506069,24.23802948,24.75512413,24.84980997,24.79598554,25.06960334,22.90268814,24.48114265,25.99533768,24.77513247,25.13761522,21.28728712,24.80247002,24.61965601,25.27057247,25.93437703,24.85603926,25.63371658,25.38161409,20.85691772,22.36584242,23.50739714,21.44261118,24.61378088,0,0,23.444782,23.42516827,23.38488701,>>DiffResult,24.17132962,24.49650955,24.38669182,25.41526388,18.30413866,7.111125222,0.004565879,0.991981497,0.99993268,0.999997422,0.020024573,0.977009117,0.994795621,0.029332378,0.999653884,0.007271436,0.01714137,0.016272904,YES
CLU-N374-H6N5S2,20.68784586,0,20.81316686,0,0,21.16835837,0,19.66593572,22.07056789,23.66153986,22.15273193,0,21.26997659,18.39944093,0,22.75092477,0,19.53159183,23.37461382,0,0,0,0,0,0,0,0,24.03240378,0,0,0,0,0,0,22.91598163,0,0,0,20.52362641,21.43937271,21.70521528,20.59187012,20.81263575,0,23.32758781,0,0,0,0,0,0,19.67725778,0,0,0,>>DiffResult,12.77733472,2.403240378,6.487898075,17.28746179,1.967725778,15.31973602,0.003647288,0.239108169,0.428978661,0.867469837,0.81939651,0.872577169,0.043672932,0.035342593,0.04834459,0.035914031,0.999973228,0.014025261,YES
CLU-N374-H6N5S2F1,23.45642303,23.80149285,0,21.54709293,24.68138321,23.51405028,22.0052981,22.35217788,0,23.91397877,23.24074249,21.93932029,24.00611594,21.90852037,24.28242087,25.20960098,23.03400885,22.44734199,23.72780725,0,0,21.66478013,22.84168231,0,0,0,23.05858043,22.77653413,23.13568296,22.43092347,22.4889835,23.29098282,0,20.50497504,23.44840401,21.86779346,0,20.28984079,21.30601939,21.44203401,24.37687382,24.26942947,18.35361407,24.41616246,24.26794106,0,0,22.78042648,0,22.98062246,23.49277597,20.58545234,0,23.31764329,23.78360173,>>DiffResult,19.7533888,13.59081834,17.4639033,23.13680418,13.69405223,9.545985832,0.219938739,0.820952356,0.972756505,0.897559193,0.906231219,0.955763335,0.384838716,0.395889391,0.477419899,0.494402112,0.999999924,0.309396373,NO
CLU-N374-H6N5S2F2,0,0,0,0,0,0,0,0,0,0,0,0,0,0,0,23.7596666,0,0,21.1283982,19.517767,0,0,21.85716604,0,0,0,0,21.28150875,0,0,24.52862044,23.17660039,22.92788064,0,24.41207438,24.22733542,21.9933669,20.50142849,23.90141764,22.42499547,21.74147402,0,22.87293553,22.96566109,21.49958344,0,0,21.05857754,20.63141654,22.05246489,21.14751175,20.52959905,20.25019577,21.52298096,22.55033299,>>DiffResult,3.22029159,4.313867479,20.80937198,17.81593082,16.97430795,17.58908039,1.38E-06,0.966072763,1.83E-05,0.000562318,0.845845853,0.009253688,0.039359927,0.999743384,0.997187562,0.000950321,0.012431518,3.18E-05,YES
CLU-N374-H6N5S2F3,20.10563086,0,0,0,21.64355733,0,20.15453049,20.81643821,23.50580274,21.41982681,24.13875959,0,21.85483728,20.83394788,23.130914,23.78546651,0,21.35937954,0,20.04641086,0,22.35591826,19.71818801,0,22.78441312,0,23.07063949,23.96298237,21.9586341,23.29181307,23.73660552,22.79115203,19.51198789,22.74088215,24.59307117,23.10756887,0,21.34989274,23.55206033,0,24.3555961,24.51893557,22.13589689,0,21.935045,0,0,0,0,21.72898855,21.84418429,0,0,21.46947732,23.56848337,>>DiffResult,14.13977511,15.71425884,18.13832207,18.58909471,8.861113352,9.72798136,0.319733295,0.999991725,0.868830676,0.986259839,0.309308793,0.91906939,0.987823813,0.465846334,0.995403733,0.706980596,0.608798148,0.409833576,NO
CLU-N374-H6N5S2F4,0,0,0,0,0,0,0,0,20.11470521,0,0,0,0,0,0,22.57991947,0,0,0,0,0,0,0,0,0,0,0,0,0,0,0,0,0,0,0,0,0,0,22.03774379,0,0,21.64978309,0,21.51375025,22.67362268,0,0,0,0,0,0,0,0,0,0,>>DiffResult,2.134731234,0,2.203774379,13.1674312,0,13.1674312,0.002561258,0.014702009,0.999999824,0.925571381,0.925571381,0.005613213,0.00210009,0.00210009,0.892189462,0.892189462,1,0.010558857,YES
CLU-N374-H6N5S3,22.85211451,23.41700063,23.87136402,21.1696493,23.58487948,22.12835267,21.09694191,0,24.12999981,25.05553621,24.04651059,0,24.41411076,21.71548751,23.43824346,25.39195616,21.51317431,21.11041144,22.73370648,0,0,19.99598894,21.46977804,0,0,0,0,0,22.7642446,0,0,22.98948682,0,0,0,20.41649151,0,0,20.60552296,0,22.11767143,21.45064839,0,21.36322546,0,0,0,0,0,0,0,0,0,0,0,>>DiffResult,19.58347196,6.423001157,6.40115013,12.98630906,0,19.58347196,4.73E-06,0.651848443,0.002828205,1,0.488189986,0.567945936,0.654669214,0.069158003,0.00288402,5.28E-06,0.484764899,9.22E-05,YES
CLU-N374-H6N5S3F1,25.81249889,25.52120436,26.0119979,24.66373897,26.20226379,26.35030179,22.38292508,24.6700373,26.3274604,26.64837671,24.958199,22.39984639,25.68594156,24.81187377,26.44597248,27.64900651,24.2846258,24.80338178,26.17197895,22.39166293,23.15306707,23.91638583,24.87319318,0,0,22.40962359,24.7959391,24.99670477,25.03341527,22.69429246,24.45585211,25.77976148,0,0,23.9712992,22.58538177,22.25368675,20.94598889,24.26669939,22.90463638,25.47705793,0,25.42446633,24.98631773,22.92861561,22.06721898,0,22.8244539,0,23.19942854,24.57442152,22.23317154,22.81906543,24.25720571,23.83305566,>>DiffResult,25.20966472,19.18726213,18.7163306,19.76329152,18.58080213,6.628862588,0.116793972,0.999264336,0.241265725,0.999930884,0.999999522,0.657601156,0.999931237,0.998812184,0.311915362,0.223087796,0.99981099,0.192298807,NO
CLU-N374-H6N6F4,0,0,0,0,0,0,23.29304544,0,0,0,0,23.57622028,0,0,0,0,0,0,0,0,0,0,0,0,0,0,22.66995119,0,0,0,0,0,23.36209781,0,0,0,0,24.36459153,0,0,0,0,0,0,0,24.82257655,25.09117968,23.86901541,23.94154574,20.9510435,0,0,23.97657837,24.32666324,0,>>DiffResult,2.343463286,2.266995119,4.772668934,0,16.69786025,16.69786025,0.000515332,0.839622822,0.945369409,0.963306864,0.021729341,0.98084281,0.987956123,0.006125057,0.99999993,0.000548038,0.003267436,0.003137619,YES
CLU-N374-H7N5F4,25.77356812,0,0,0,0,0,0,0,0,0,0,0,0,0,25.34316105,25.2484777,0,0,0,0,25.48539646,0,0,24.64741091,0,0,21.24733479,0,25.02277546,23.61024414,0,25.28686271,0,22.27782264,22.80803004,21.90776572,22.46162602,0,21.98755513,0,0,24.67014712,0,0,0,0,27.2491427,25.05595278,0,27.1303339,0,0,0,19.47980202,0,>>DiffResult,3.818260344,12.00131618,13.67296623,4.934029423,9.891523139,9.854705882,0.145701501,0.62079899,0.176114776,0.997303457,0.94336883,0.999645122,0.782051095,0.928485761,0.344193054,0.636075829,0.993376038,0.227707293,NO
CLU-N374-H7N6F2,0,0,0,0,0,0,24.79179606,0,0,0,0,24.69704225,0,0,20.71269142,0,0,0,0,23.34967713,0,0,21.93223565,0,0,24.02432057,0,20.42537443,0,0,0,0,25.59241363,0,0,0,0,23.64571704,0,0,20.9094236,21.08576709,0,21.36067993,21.40951985,22.78969095,23.17527665,23.47537173,25.24885925,20.11638996,0,25.07271367,23.51469649,23.62618257,0,>>DiffResult,4.677560343,6.638193065,4.923813067,16.9530781,18.70191813,14.02435778,0.003034228,0.199517568,0.999996186,0.995306479,0.026918625,0.118894407,0.341406463,0.997690167,0.986473884,0.006022339,0.069357328,0.012147303,YES
CLU-N374-H7N6F3,21.69455294,0,0,0,21.48958792,0,22.69238413,0,0,0,0,0,0,0,21.91950743,22.41506465,0,0,0,22.55092386,0,0,23.67857382,0,0,24.67457482,21.80611798,23.48761106,0,0,0,0,23.21938017,0,0,0,0,23.69441437,0,21.18738623,23.19290654,23.34970161,22.98643931,22.80980901,23.45854258,23.89371966,23.99246424,23.60795984,23.4958398,0,0,22.52639504,23.57927778,23.60814272,0,>>DiffResult,6.638101047,9.364687768,6.810118078,23.15947981,16.47037991,16.52137876,0.012350722,0.05199452,0.999999277,0.982850844,0.264216966,0.024260754,0.139464886,0.778530838,0.963222229,0.134117569,0.568772366,0.036551885,YES
CLU-N374-H7N6F4,24.04076128,22.36146042,24.19092636,0,24.21405933,0,22.37236255,0,0,22.58724504,22.43938635,23.86755954,23.52881387,23.22700373,24.73926143,25.28767549,0,23.92411197,22.9983627,22.94384642,0,22.69172416,24.46323931,24.22188566,0,24.85305322,22.97123818,24.79853641,23.49023923,0,24.43218381,23.51445881,23.14939135,0,23.38331274,23.43279581,24.71575236,23.70716306,22.62356945,25.08800528,26.23581919,26.43694471,26.70869037,26.43221346,25.88297898,24.04577552,25.71256191,23.95167625,24.61050414,23.67338416,23.05789112,24.56867301,24.32964982,24.21602596,23.31580787,>>DiffResult,17.63614182,16.74899162,21.40466327,26.33932934,24.14819498,9.590337724,0.109155017,0.839386467,0.798173844,0.755672431,0.95494634,0.284012866,0.278425099,0.990647432,0.998921652,0.317439822,0.333340956,0.182811195,NO
CLU-N374-H7N6F5,26.18739159,23.47303356,26.61891745,23.80124835,27.36985163,24.62356443,24.27741414,25.99640498,23.00154596,25.44043042,25.35085114,25.10214651,24.8434667,25.27761184,26.37728714,27.96758063,22.14274803,25.9073021,25.63014216,24.135453,22.94047288,25.17003414,26.41029131,26.53928309,24.55112933,23.52234417,25.31857686,25.32503563,24.96165778,23.27962334,25.59154448,25.91267915,25.4073657,24.87313746,26.34517289,25.80917075,26.37168271,23.55087959,26.29976898,26.9107097,27.32471684,27.9238705,28.3249271,28.37080442,27.62917946,24.14584707,25.2031687,24.23912775,24.20155038,25.45845807,25.73967206,25.41121782,25.36910947,24.71853232,25.386299,>>DiffResult,25.17621959,24.80184485,25.70721114,27.91469966,24.98729826,3.112854813,9.39E-05,0.008031015,0.753745213,0.40461631,0.628018391,0.000150764,8.20E-05,0.000221882,0.915756016,0.992948141,0.996223796,0.0008925,YES
CLU-N374-H7N6F6,24.59276102,0,25.11063506,22.12619615,24.16636578,25.09874852,21.84193422,23.60829003,0,25.33404361,24.69168094,23.30649271,26.01155369,24.0381811,26.1730936,25.01854815,0,25.58213421,25.72212736,23.3817807,23.60945091,25.23438029,25.06669357,24.90701576,25.55629187,23.21409813,25.58605782,24.22275512,25.47032783,23.82282824,25.47698392,24.30080306,22.87293438,24.44290087,25.59472068,25.40942647,24.61190087,23.05234822,25.31942187,25.12259463,26.0603776,25.71164113,25.95447856,26.36768018,26.06226467,24.13224924,25.76626283,24.66850951,20.60125491,25.82241272,25.08052018,23.09862061,25.23198855,24.63375663,25.58236738,>>DiffResult,20.79022834,24.66898995,24.6204035,26.03128843,24.46179426,5.241060083,0.170850605,0.990756272,0.411567526,0.999999968,0.999996321,0.352597736,0.991909061,0.986185771,0.398726353,0.454644234,0.999989302,0.257045505,NO
CLU-N374-H7N6S1F4,21.76556929,21.34986129,20.85628817,19.80276637,23.60292028,22.26008881,19.95704595,0,0,23.7974196,23.07682004,21.17593712,22.5211826,22.12378153,23.01832438,24.24454702,21.4811412,22.10499882,23.28787158,0,0,0,23.89734396,0,0,0,21.40743725,22.08366374,0,0,24.650642,20.95609401,24.21126359,23.83863958,24.02938163,23.71786131,24.4468831,19.85060642,22.71619584,23.48619647,24.69267081,22.81500965,25.04944656,22.75085536,23.95725868,20.11242095,19.86896896,21.18169819,0,0,0,20.53605617,20.89329341,21.79188561,0,>>DiffResult,18.8213282,6.738844495,23.1903764,23.85304821,12.43843233,17.11420372,0.000126169,0.999892035,0.650635215,0.000430922,0.040496141,0.739719802,0.003584583,0.10080539,0.003649709,0.281762425,0.53865651,0.001084493,YES
CLU-N374-H7N6S1F5,22.51117755,22.47445843,22.13630133,0,24.14880166,22.5219104,20.2151963,22.32012963,0,24.478239,23.92454466,20.44034466,23.90285332,22.99955911,23.66648521,24.46847791,0,22.7449195,24.96053589,0,0,0,24.06937071,21.60198993,22.33362163,0,22.77065435,0,21.18317909,21.48463852,22.80511779,0,0,22.27956418,24.69710453,23.42808533,21.45379705,0,22.28146659,21.71719974,24.39668337,23.84209347,23.36591383,22.67835546,22.67446386,0,0,20.55632363,0,21.29807778,0,20.03977423,20.60405983,20.49351825,21.19452152,>>DiffResult,18.39569673,13.34434542,15.86623352,23.391502,12.41862752,10.97287448,0.235203499,0.649473041,0.965643282,0.979877865,0.938423178,0.855854411,0.368974033,0.282287824,0.692246183,0.542942165,0.999581713,0.325295231,NO
CLU-N374-H7N6S1F6,22.80807357,22.11869771,22.19032915,0,22.92721479,22.90236774,0,0,21.98287839,22.4093095,24.09341387,0,24.78688643,23.22499693,23.89546846,22.68575755,0,22.65987902,25.50792676,20.21826605,21.52702592,0,22.5196566,19.88331277,22.43320766,0,22.21222578,0,0,22.57391187,22.47184584,0,0,22.52176868,24.59156592,23.53265139,21.58651809,0,21.16240074,21.4864598,0,0,0,0,0,0,0,0,0,22.08047094,0,0,0,22.05589895,0,>>DiffResult,17.2205733,13.11493406,15.73532104,0,4.413636989,17.2205733,0.001888222,0.04501836,0.99526694,0.976578022,0.099839359,0.009845342,0.133778746,0.927645754,0.825849699,0.014460067,0.307497589,0.008489735,YES
CLU-N374-H8N6,23.96882814,0,0,23.7205831,0,0,0,0,23.08685653,21.15193213,0,0,0,0,23.82556165,0,0,23.10423418,0,0,25.35379929,21.21448641,21.46177492,0,0,19.81741401,21.78641435,0,0,21.38486693,0,22.91655828,0,0,0,0,0,0,0,0,0,0,0,0,0,21.38742329,25.83710266,20.78690754,22.87371901,25.7442057,21.89104695,21.13350533,22.58111502,21.84788549,22.64543351,>>DiffResult,6.942899786,13.10187559,2.291655828,0,22.67283445,22.67283445,8.92E-06,0.989477343,0.657552007,0.063388338,4.25E-05,0.523965696,0.067765008,0.000211013,0.386976501,0.000282895,0.127377428,0.000146132,YES
CLU-N374-H8N6F5,0,0,0,0,21.09714432,0,0,0,0,0,0,20.6785767,0,0,18.87713877,0,0,0,0,0,22.33067647,0,0,0,0,0,0,0,23.37724409,0,21.78573531,0,22.89161,20.97061247,0,21.37609558,0,0,0,19.81273621,24.48015487,21.37835475,0,22.75254149,22.76870086,0,25.72259585,0,0,24.78962858,0,0,0,20.44081074,0,>>DiffResult,3.032642989,4.570792056,10.68367896,18.27595039,7.095303517,15.2433074,0.024107634,0.606067615,0.257735711,0.618693935,0.919113411,0.021259077,0.086245499,0.228361956,0.993749488,0.811423684,0.976570075,0.060089177,NO
CLU-N374-H8N7,27.53144963,27.81501504,26.71223419,28.01669856,26.69888801,27.19985406,25.48526208,26.19301507,27.4330122,27.44702992,28.26824078,26.21567879,27.90842825,26.76461421,28.33743374,27.5770702,28.91705974,27.560262,26.61957147,25.88328929,28.08821425,27.51813168,27.50179815,26.80513512,28.52295345,26.96037507,27.42582949,26.21205812,27.20099607,26.90278575,27.00482767,27.72898147,25.2170457,27.52021894,28.11544532,27.25489229,26.98161725,25.56245379,27.0470433,25.88868507,27.59557815,26.79017265,27.20872484,28.35203066,27.89141446,27.05957333,27.99104864,27.20543292,26.80821864,27.91187833,27.84489148,25.98381543,27.56329458,27.7743268,0,>>DiffResult,27.22920536,27.31382772,26.83212108,27.56758415,24.61424802,2.953336137,0.41334148,0.996390319,0.998740024,0.998471004,0.680022506,0.999755713,0.99994588,0.60813697,0.999997307,0.386416556,0.500002349,0.504542317,NO
CLU-N374-H8N7F1,27.37339216,28.06785503,26.31167491,27.90106787,26.17151077,27.42333055,24.56163176,26.00839033,27.65850008,27.1879998,28.40860483,25.04835032,27.92042089,25.39711935,28.15834207,27.05361921,28.87036667,27.37677369,26.4476143,24.44753143,27.87090019,27.76241185,26.90803317,26.58085761,28.38851038,26.90358776,27.07642213,25.67116686,26.60733785,26.5681648,27.19153073,26.97673755,0,27.84562974,28.0892924,27.25176872,26.95667682,0,26.89007513,26.52671866,26.11272636,24.57403967,25.31383933,27.96955359,27.4290005,26.73390902,27.57196262,25.50964176,26.06953793,27.81372608,27.36080874,25.12829777,27.64063032,27.11358178,27.27658725,>>DiffResult,26.8897048,27.03373926,21.77284297,26.27983189,26.82186833,5.260896287,0.089980643,0.472170735,0.076019714,0.142942921,0.172863937,0.999177423,0.998676989,0.99963989,0.999992694,0.99999964,0.999980794,0.159408617,NO
CLU-N374-H8N7F2,25.97467921,27.74695634,24.63264756,25.88746311,23.61240866,25.71319942,23.49286058,24.12557793,25.74649935,25.31876141,27.37137094,24.20499693,25.84766047,24.33849918,26.16122067,24.81379365,26.90229589,25.68504341,23.74291936,24.14348051,26.77688898,26.56314128,24.69573872,25.30616721,27.07290704,25.00473515,25.75998775,23.41606024,25.98244113,25.29138981,26.83720014,26.78572738,21.60132421,28.00258312,25.57309483,26.53734824,26.38994915,24.24462617,24.35722793,24.35201919,24.8969977,0,22.05650679,26.20562507,25.67163939,25.62616992,26.18547209,25.39159365,25.35212924,26.39861204,26.16359236,22.44892489,24.96350417,25.89693062,27.88361121,>>DiffResult,25.27311673,25.58694573,25.46811004,19.76615379,25.63105402,5.864900228,0.021911968,0.029546388,0.99989121,0.999991492,0.999970006,0.018538672,0.025047806,0.023542212,0.999282551,0.998796115,0.999999838,0.055684978,NO
CLU-N374-H8N7S1,24.78714498,23.75268281,23.24386127,0,22.20015819,23.38309554,0,0,22.26807225,25.19007247,24.92079946,0,25.30689571,23.63080252,23.88805031,24.36814805,23.21078989,22.10823492,25.6499238,0,23.02168469,0,23.86930718,20.40760065,0,21.52269767,24.24912543,21.83415111,23.19147339,21.75827288,24.23762589,24.19797678,0,24.16907595,25.86124014,23.45840719,23.45786978,19.57660671,24.05039843,22.62589236,0,22.2115821,22.75006075,23.75305943,23.32261383,0,0,23.32562541,0,22.6696163,0,0,22.45850677,22.42941195,22.24244896,>>DiffResult,17.89543661,17.9854313,21.16350932,18.40746322,11.31256094,9.850948383,0.296934889,0.987632969,0.920894553,0.956259543,0.211908452,0.999976173,0.999992346,0.710434793,0.999999937,0.463443542,0.590767666,0.386114444,NO
CLU-N374-H8N7S1F1,22.40801437,0,0,0,0,20.62578812,0,0,0,22.95573619,22.76314516,0,22.30979441,21.83048054,21.45521737,22.52160586,20.14449243,20.92667336,22.45938275,0,0,20.74333074,21.55244149,0,0,0,21.65475142,0,0,0,21.57555887,22.02632719,0,20.94575953,23.34637843,0,21.91046177,0,21.10208665,0,21.33484426,0,20.65671338,0,0,0,0,0,0,21.22183686,0,0,0,0,0,>>DiffResult,12.02001653,6.395052365,13.09065724,8.398311528,2.122183686,10.96847356,0.099819251,0.922056733,0.99886502,0.605609578,0.144072581,0.956331932,0.996613042,0.804796753,0.632767966,0.117206035,0.88837763,0.171601036,NO
CLU-N374-H8N7S1F6,0,0,0,20.50617091,22.44192771,21.20054561,0,0,0,22.24707411,21.86954627,0,21.02450352,0,21.82416473,24.31024803,0,0,23.53504841,0,0,0,21.49275167,0,0,0,0,0,0,0,0,0,0,0,23.49284698,20.94303453,0,0,0,21.66216852,21.78558692,21.79896794,22.11895738,21.64929976,21.69736794,0,0,0,0,0,0,0,0,0,0,>>DiffResult,9.947961465,2.149275167,6.609805002,21.81003599,0,21.81003599,0.000290472,0.021825684,0.863090137,0.787935512,0.455231888,0.068660115,0.001460773,0.000347207,0.165554028,0.040044769,0.981903477,0.002045549,YES
CLU-N374-H8N7S2F3,0,0,0,0,0,0,0,0,0,0,21.11757244,0,0,0,24.61621236,0,0,0,23.90526146,0,0,0,25.32157656,0,0,0,0,0,0,0,0,25.18736276,0,0,0,0,25.50670836,0,0,25.16304203,0,0,26.20186078,29.07481037,25.91807795,0,0,0,0,0,0,0,0,0,0,>>DiffResult,3.481952313,2.532157656,7.585711315,16.23894982,0,16.23894982,0.022727478,0.427375915,0.774773025,0.731137058,0.355247862,0.05525322,0.062757264,0.01732876,0.99882708,0.861849037,0.971405739,0.057507406,NO
CLU-N374-H8N8,20.17096697,0,0,0,0,0,0,0,0,0,0,0,0,22.1856397,21.33937706,0,0,21.45502115,20.69044896,0,0,22.70046593,23.35676445,21.69878712,0,0,21.7301602,22.67693685,22.91819771,0,0,0,0,0,0,0,0,0,0,0,0,0,0,0,0,25.29819045,26.1267925,0,23.92774573,21.91063722,0,0,24.19057986,24.61120313,0,>>DiffResult,5.292072692,13.50813123,0,0,14.60651489,14.60651489,0.00143561,1,0.587822403,0.01714433,0.008194573,0.786297261,0.076689773,0.045945718,0.168971632,0.089018204,0.998898072,0.007051378,YES
CLU-N374-H8N9F1,0,0,0,0,0,0,0,0,0,0,0,0,0,22.26043173,22.16801303,0,0,20.40518664,20.98836651,0,0,22.27006074,0,0,0,0,22.28584535,0,22.68223586,0,0,0,0,0,20.21870204,0,21.52639053,0,0,0,21.59297867,0,20.47988255,0,21.17534129,23.17913438,0,0,0,22.039505,0,0,22.49252892,22.78314129,21.93594287,>>DiffResult,4.291099895,6.723814194,4.174509256,12.6496405,11.24302525,8.475131245,0.247506943,0.540097195,0.999999809,0.979036359,0.519268727,0.463091079,0.816431029,0.999019192,0.970118007,0.390665126,0.850598382,0.336160114,NO
CLU-N374-H9N6,24.46366528,25.86253762,0,25.67503515,22.15516399,22.49797767,20.66583011,0,24.7793208,24.0830466,23.01022685,0,0,0,25.57302445,23.10309523,0,24.59698827,21.40605432,22.22065783,27.07238204,23.88051447,0,23.13875642,24.16863045,21.97425023,23.25884978,21.90915987,24.32241618,23.5639845,19.26532895,25.01987062,0,0,0,0,21.09072143,0,0,0,0,0,0,0,0,23.837539,26.87450477,23.04171365,23.81499712,26.71633101,0,23.04644986,24.62716027,23.82305321,24.11007631,>>DiffResult,16.50463121,21.32889439,6.5375921,0,21.98918252,21.98918252,5.95E-05,0.714439361,0.064436249,0.00836945,0.005310801,0.008536436,0.001282381,0.000854625,0.681192096,0.568043287,0.999861188,0.00062126,YES
CLU-N374-H9N7,26.00090665,23.73284119,21.5100652,25.97498516,24.31818758,24.04253968,0,23.84698373,21.97433562,25.95024462,21.76253373,0,22.44615084,19.51849872,25.42658523,24.94784878,0,25.14633235,21.92433481,0,25.93481557,20.29663729,25.3196266,24.03034178,0,0,25.37950352,24.10442302,25.91627333,23.82379809,22.76873535,25.66200352,0,0,23.4618425,26.08255114,21.41752652,0,21.40714622,24.19822878,22.85823784,25.38840146,0,26.32974496,24.73059368,22.6173491,26.9058086,23.46050202,25.42148484,26.8907258,24.45413388,21.82139816,24.65105617,24.17601662,24.2511436,>>DiffResult,18.92616869,19.48054192,16.4998034,19.86139559,24.46496188,7.965158475,0.446718048,0.966849161,0.96431039,0.955515938,0.346112885,0.999655649,0.999993312,0.901889932,0.99988095,0.565937175,0.767784428,0.534294132,NO
CLU-N374-H9N7F1,25.45298433,0,21.75824694,0,22.02112967,21.61387234,0,0,0,23.4580354,0,0,22.46379884,0,23.16919373,22.84399827,23.43404311,23.81513017,21.76836727,0,24.65041967,22.63726436,22.61349993,22.24213177,0,0,22.42678211,21.26000374,23.39349987,23.16202942,0,23.76173299,0,0,22.6490418,22.83528273,0,0,20.72188236,0,0,0,0,0,22.69958479,21.27312435,25.9521152,21.31400103,24.43720383,26.16223893,24.46157377,0,24.93188611,22.87373259,24.23902619,>>DiffResult,12.58994,18.23856309,8.996793989,4.539916957,21.5644902,17.02457324,0.017522052,0.938692752,0.904670524,0.305569298,0.076346154,0.555473778,0.143763773,0.038828638,0.645697241,0.201866905,0.955194474,0.046500959,YES
CLU-N374-H9N8F3,26.25776256,24.73024949,24.40769011,22.33659514,24.61880332,25.0200692,21.53527273,0,0,25.1470309,26.66624773,22.19114457,27.14956234,25.40698703,26.87689999,24.90894415,24.17208671,26.69597902,26.48377844,23.55772683,25.26290221,26.05192712,25.84746705,24.59011381,26.1435347,23.50512577,25.88976376,22.61869062,25.81612541,23.69733032,25.6949717,24.72047436,21.86376065,25.06807844,26.65444156,25.96203103,25.73780988,0,25.92629518,25.16102594,25.61527458,22.96119274,23.91126909,26.09079103,24.822761,23.92389484,25.59898809,25.20849492,23.2220179,25.85291537,25.94453406,21.82775304,25.49632984,24.45094988,26.54148867,>>DiffResult,22.40814151,24.94229808,22.67888887,24.68025769,24.80673666,2.534156563,0.7176,0.972751702,0.999956401,0.914828217,0.930816072,0.940900622,0.999990401,0.999999478,0.809020991,0.837900431,0.99999845,0.752353722,NO
CLU-N374-N1F1,0,0,0,0,0,0,19.02332328,0,0,0,0,0,0,0,0,0,0,20.21846169,0,0,0,0,19.41224657,0,0,0,0,0,0,0,0,0,0,0,0,0,0,0,0,0,0,19.63955718,0,0,21.59252833,20.81616682,22.39645585,21.12489688,0,21.48885541,0,0,0,21.44515771,22.00101928,>>DiffResult,1.962089248,1.941224657,0,8.246417102,12.9272552,12.9272552,0.000946907,0.251759055,0.956761242,0.975206762,0.002107381,0.42953938,0.518078727,0.767321661,0.999999999,0.002707224,0.01220044,0.005022052,YES
CLU-N86-H10N7F1,25.11373007,24.35637956,20.56749875,26.44325931,24.24344893,23.39419212,22.94803202,23.79422651,23.60355445,25.70596407,22.20034003,0,20.76800408,23.28538986,25.90652533,21.99051398,22.41092932,23.46684123,0,0,26.60181631,22.93248042,22.83807359,22.11681797,21.40507848,24.49910048,22.02113161,21.57099528,26.15280881,26.3968317,0,24.85209831,0,0,0,25.76244345,22.85352021,0,22.44256252,19.53852037,0,0,0,0,0,24.43511122,26.86536366,23.66935275,24.0541452,0,24.59171155,23.33990736,24.85994424,23.97594642,24.12386298,>>DiffResult,20.00994148,23.65351346,11.54491449,0,21.99153454,23.65351346,8.33E-06,0.094447244,0.07632933,0.015380409,0.049579284,0.000116186,3.12E-05,0.000110102,0.784018491,0.971111454,0.99121074,0.000141182,YES
CLU-N86-H10N7F2,25.50109255,23.29561204,21.33755611,24.74644825,23.84784538,23.42621973,20.00271414,21.01051319,21.80233109,25.37197026,0,0,21.15641408,22.68702065,24.70643383,21.31966121,20.83935692,24.2970608,19.04976118,20.46893808,26.78565285,21.77148593,23.27473244,21.53552344,22.92590096,0,20.52829629,21.48904901,25.08437141,25.96654005,0,25.40983825,0,0,0,24.63005923,20.96699022,0,0,0,0,0,0,0,0,21.65661433,26.13205761,0,24.10263504,26.85351018,25.47049969,22.13199223,24.13055943,22.65788636,22.61737,>>DiffResult,20.24334747,20.93615524,7.10068877,0,21.57531249,21.57531249,1.06E-06,0.497162786,0.000942621,0.003013988,0.001743785,6.31E-05,0.000163914,0.000100437,0.999437875,0.992813679,0.999768882,2.76E-05,YES
CLU-N86-H10N9,0,0,0,20.81977355,24.38322895,0,0,22.66976099,0,0,0,0,0,21.55936838,0,23.10745456,0,0,0,0,0,0,22.74870145,0,0,0,0,23.17865233,0,0,0,21.2003575,0,20.87762631,0,0,22.60248202,0,0,22.63821814,23.13802485,24.80963667,23.94513983,23.33858806,21.89365103,0,0,0,0,0,0,0,0,0,0,>>DiffResult,5.626979321,4.592735379,8.731868397,23.42500809,0,23.42500809,0.000362901,0.029746433,0.892700673,0.831840415,0.192816381,0.001713344,0.002619352,0.000121337,0.998120851,0.476828795,0.772335119,0.002391557,YES
CLU-N86-H10N9F1,0,0,0,0,24.95226637,22.42212563,0,25.42866996,0,0,0,0,0,0,0,0,22.94565274,0,0,0,0,0,22.90790347,21.90851869,0,0,0,22.57363005,0,0,23.31991488,0,0,21.76365018,0,24.29151206,23.00891615,0,23.50724582,23.01587232,25.06942137,24.20331523,0,23.48266857,0,0,0,0,22.41823719,0,22.40150972,0,0,0,22.06535821,>>DiffResult,4.787435735,6.739005221,13.89071114,14.55108103,6.688510512,9.763645299,0.168082076,0.999964952,0.213272476,0.588186247,0.581625648,0.389884908,0.687272969,0.682110383,0.990327954,0.991243742,0.999999997,0.253860396,NO
CLU-N86-H11N7F2,26.01076652,21.20736355,23.93116904,26.54430754,26.19830572,25.07732081,23.51624512,24.43186171,24.51650862,26.86780272,23.26062355,0,0,23.92829734,26.68670918,24.06192189,24.57961072,24.62984387,23.55319467,0,27.66924317,23.42386118,18.91405062,22.90691589,24.77697552,0,24.31704261,22.6849265,27.01450132,27.63378733,21.93664664,27.16554958,0,0,21.02374222,25.84266,23.68116634,0,0,21.61815855,0,0,0,0,0,24.0635401,27.56204101,22.50740054,23.11761983,28.6651488,26.54831468,21.56232647,0,24.91176068,26.12072022,>>DiffResult,20.95009263,21.93413041,14.12679233,0,22.50588723,22.50588723,0.000163862,0.04998458,0.313759362,0.322705487,0.255395703,0.000274584,0.000535728,0.000368297,0.998631289,0.991929319,0.999909661,0.00134017,YES
CLU-N86-H11N8F1,20.1707833,0,0,0,0,0,0,0,0,0,0,0,0,0,0,0,0,0,0,0,0,0,0,0,0,0,0,0,0,0,0,0,0,0,0,0,0,0,0,0,0,0,0,0,0,0,27.0830813,22.41606808,0,23.92096193,22.24213383,22.10503726,23.77431454,0,0,>>DiffResult,1.008539165,0,0,0,14.15415969,14.15415969,1.57E-06,1,0.991881451,1,2.00E-05,0.996962078,1,0.000559141,0.991881451,5.11E-06,2.00E-05,3.33E-05,YES
CLU-N86-H4N3S1F1,17.87085516,19.00447976,0,0,19.77912588,19.10634486,0,19.14279051,20.39144259,0,20.36442047,0,19.3774489,18.58100633,18.85196327,18.84597701,0,19.09781269,0,0,0,0,0,0,0,0,18.72289177,19.65409623,0,0,0,19.54819589,0,0,19.03137011,18.21925726,0,0,0,0,19.90674221,18.84931535,0,21.98618203,0,0,19.34707673,0,19.10700762,19.33690156,21.44049456,0,0,19.32938483,20.30354313,>>DiffResult,11.52068337,3.8376988,5.679882326,12.14844792,11.88644084,8.310749119,0.156044401,0.730304458,0.517585137,0.992571849,0.597089286,0.999930262,0.51153581,0.99999852,0.246114383,0.999977593,0.338976627,0.238977038,NO
CLU-N86-H4N5F3,21.39715536,0,0,0,20.60403505,0,19.51025658,21.54183764,0,0,0,0,0,0,20.77707786,21.24378353,0,0,0,0,21.10869458,0,22.33018131,20.33389423,0,20.17007667,0,20.37793453,20.95641457,0,0,19.35447796,0,0,21.31600945,0,20.24784903,0,0,0,19.98944457,21.04239277,0,0,0,0,0,0,20.1570432,0,0,0,0,20.54011372,20.51523338,>>DiffResult,6.253707301,12.52771959,6.091833644,8.206367467,6.12123903,6.435885945,0.535301199,0.995368169,0.999999316,0.617047639,1,0.995157914,0.935429006,0.995611746,0.504398623,0.999999693,0.62114112,0.607172836,NO
CLU-N86-H4N5S2F1,20.18592455,0,0,0,20.67061359,22.1939725,0,0,20.40749195,0,20.65009795,0,0,0,20.48199458,22.37956811,0,18.57393187,20.52253811,0,0,0,19.51521536,0,0,0,0,21.71443299,0,19.82818291,0,20.52332036,0,0,0,0,0,0,0,0,21.67283135,20.05968971,20.78549582,0,0,0,0,0,0,0,0,0,0,0,19.86487865,>>DiffResult,9.303306661,6.105783126,2.052332036,12.50360337,1.986487865,10.51711551,0.085610681,0.249811047,0.267274518,0.861880658,0.999999985,0.956910675,0.712746324,0.244142209,0.897434548,0.258917243,0.854795701,0.153260163,NO
CLU-N86-H5N3+242.02,19.07457057,19.14593289,18.68512318,20.16337583,20.81617635,20.12889755,0,19.10563186,19.47690389,0,19.73292904,0,0,19.85691223,20.79556773,0,0,0,19.70337015,0,0,0,0,19.11122261,0,0,0,0,0,0,0,0,0,19.38213788,21.24175519,0,19.0276225,0,0,0,19.83924846,0,0,0,0,0,20.16267718,0,0,0,20.02055932,0,0,20.11269312,20.6097661,>>DiffResult,11.83426956,1.911122261,5.965151557,3.967849692,8.090569571,9.923147303,0.0775388,0.994857727,0.486917994,0.865587839,0.985928141,0.448995616,0.994244406,0.926731637,0.060163118,0.836208205,0.577054388,0.140560198,NO
CLU-N86-H5N4F1,0,24.8514219,0,22.13108761,22.29745129,22.57154196,21.8745638,23.36676322,21.20053399,22.31119423,21.69274873,0,0,0,0,21.74289101,21.07901242,21.54215773,19.5888349,0,21.41216593,22.08722383,23.15455341,21.2248329,0,20.1950976,22.31490676,25.92149541,22.98447014,20.69007167,0,20.60677627,0,0,0,22.03073923,0,0,0,21.21487384,22.86203611,22.43878313,23.09169646,0,0,0,20.67879691,20.70980135,20.26228952,0,20.55495866,21.42996539,0,18.61923283,19.67204551,>>DiffResult,14.31251014,19.99848177,6.385238935,13.67850314,14.19270902,13.61324283,0.07267038,0.684031635,0.271877938,0.032404292,0.4298602,0.99994273,0.785425273,0.99998273,0.59993803,0.999999796,0.703969418,0.134417207,NO
CLU-N86-H5N4F2,24.0915494,24.24169748,24.72087419,23.27542593,25.75634999,24.40343506,24.20210551,25.7441403,22.82311391,25.52041584,23.85143085,23.57183378,22.96669255,24.32522899,25.01850742,25.15800247,24.66547125,22.66820052,23.25691844,22.66048705,24.20434038,23.79015907,24.46488622,23.83740532,23.4674485,20.25244476,23.69832856,25.65099741,24.57802722,23.53679828,22.98306043,23.5147397,22.6850764,21.98132219,23.82975856,24.18744505,23.81360754,20.9033147,22.75497214,24.63198975,25.12473193,25.97116966,25.40053924,25.37477746,21.62260207,23.15639182,0,0,21.37371197,23.5481659,23.94251236,23.27041014,21.02523813,22.88579321,24.16977841,>>DiffResult,24.14609405,23.74808357,23.12852864,24.69876407,18.33720019,6.361563878,0.011518518,0.961500611,0.971875351,0.997512292,0.104168742,0.998972354,0.994050807,0.064543077,0.999228677,0.007996906,0.049156649,0.034437717,YES
CLU-N86-H5N4F3,25.73147305,25.9604594,25.79210517,25.17864643,27.30803799,26.15653408,24.18482617,27.48332835,24.51525332,27.65058731,25.57994342,25.36861651,25.37581957,25.92476408,25.84318572,26.69026478,26.44060623,24.99121518,24.72091159,0,26.03343097,25.83744468,26.64726071,25.81689567,25.27738415,23.81607147,25.52148061,25.91979359,26.45439521,24.69719859,25.55832906,25.14947431,24.30885539,24.58349131,26.381981,26.23838103,26.1696448,22.48882291,25.33153456,26.27537594,26.55941647,26.73041575,26.8837285,26.78602361,26.38442392,24.02928462,24.48549881,23.62437799,24.95149716,23.47316662,25.67268014,21.73244364,23.87219444,23.31910327,26.36735458,>>DiffResult,24.54482892,25.60213556,25.24858903,26.66880165,24.15276013,2.516041525,0.709034357,0.955531403,0.987893701,0.999522121,0.963630102,0.780884437,0.984305806,0.728118956,0.946732836,0.998733754,0.904733458,0.745378744,NO
CLU-N86-H5N4F4,25.47770034,26.21063529,24.03023388,26.31581742,25.78633549,26.21096518,22.42547933,25.29971844,23.78156057,26.76639205,25.7954822,24.05340274,25.95974062,26.19526478,27.08481432,25.43368909,26.52915447,24.79219476,24.19729353,19.34851321,26.4059364,26.02270462,26.17939152,24.64033722,25.59716925,23.90854731,25.41599123,24.72809939,26.58417975,25.81305401,25.75162019,24.75485441,22.72917772,24.69962426,26.56266442,25.22942029,25.78365882,22.04879638,25.04360203,24.5150284,24.69723917,24.2666681,23.71824672,25.87302441,25.6126485,25.31961552,25.47732359,20.12630313,22.86673087,25.45466145,26.06852054,23.58069734,24.14340811,25.57234545,26.56592629,>>DiffResult,25.08471939,25.52954107,24.71184469,24.83356538,24.51755323,1.011987841,0.637027752,0.999903292,0.971508955,0.765922096,0.998627574,0.997579362,0.92450781,0.995855819,0.946615022,0.87971755,0.597057957,0.689523557,NO
CLU-N86-H5N4F5,24.33051072,26.89102691,24.14870954,26.28257957,25.75331512,26.76852983,23.87614936,22.95271939,25.59826639,26.94672021,26.58762304,24.10071745,27.04246892,26.55616264,27.03154276,25.6350724,26.30921751,23.60386828,25.4201877,24.45926557,26.62084977,26.23795294,26.23522828,25.38376158,26.59921175,24.15322154,26.01480863,24.85217191,25.79136442,25.86734845,25.85483148,25.26779388,0,25.44146693,26.55081073,26.38949421,25.96079072,22.96324897,25.43267901,24.85829326,24.87909988,24.1020486,22.55452923,26.1110847,25.26205908,26.07767712,26.58458046,23.85286196,24.62450691,24.14704972,25.93947834,22.01938658,24.37314618,25.5494785,26.57357857,>>DiffResult,25.51473267,25.77559193,22.87194092,24.5817643,24.97417443,2.903651007,0.373336232,0.909103439,0.338311379,0.388366213,0.693072181,0.98540996,0.974091295,0.999645153,0.999722183,0.995160969,0.987461437,0.466678361,NO
CLU-N86-H5N4S1F2,0,0,20.86999422,20.3532133,23.48234482,21.64398922,19.76999308,0,0,22.40151329,21.73892707,0,19.87723706,20.2086499,22.50346463,22.00459405,0,0,21.10494971,0,0,0,21.57297915,19.46980257,19.26386351,0,0,20.26109013,0,0,21.29248004,21.10265315,20.84324422,21.52802675,23.13449458,22.6102194,21.36279634,0,20.43856831,21.96814814,0,0,20.19467959,0,0,0,0,0,20.62284833,20.68135988,25.39234198,0,0,19.76795468,22.75655128,>>DiffResult,12.79794352,8.056773536,19.42806309,4.038935918,10.92210561,15.38912718,0.050538621,0.057630098,0.450266659,0.105147941,0.343475134,0.426796591,0.95008174,0.728594722,0.747169893,0.989051712,0.96916096,0.103450465,NO
CLU-N86-H5N4S1F3,21.61451671,22.87443504,21.24388779,21.02634939,23.49261826,21.69515872,0,18.45642962,21.80518117,24.33335062,22.59993797,0,22.05941615,21.4973405,22.56370344,22.65925737,0,0,21.29078639,0,22.37356766,22.39745108,21.92756187,0,23.20810052,0,19.82778795,0,21.22728738,21.5674944,21.09421083,0,0,0,23.27409869,23.20875908,21.05081495,0,0,22.12391726,22.14937883,19.87175917,0,21.0861237,21.32009519,0,0,0,0,21.15006009,0,0,0,21.743888,23.01399668,>>DiffResult,16.46061846,15.25292509,11.07518008,16.88547138,6.590794478,10.2946769,0.13644849,0.846379138,0.672239411,0.897215978,0.871030854,0.999989661,0.998492476,0.384013121,0.998201068,0.120798674,0.353655367,0.21731374,NO
CLU-N86-H5N4S2,20.69604429,0,19.78584557,0,21.20026258,21.15433581,0,0,21.9340956,21.77149957,21.46969277,0,21.5778245,0,21.35074452,22.5244889,0,20.24077122,21.21860336,0,0,0,0,0,0,0,0,19.61798683,0,0,0,18.28861025,0,0,0,0,0,0,0,0,19.28236384,0,0,20.19869211,0,0,0,0,0,20.22446539,21.32583946,0,0,18.69843592,21.770352,>>DiffResult,12.74621043,1.961798683,1.828861025,7.89621119,8.201909278,10.91734941,0.014643721,0.754637571,0.029578175,0.999999752,0.544403876,0.83280154,0.769288342,0.999996918,0.032532894,0.713525381,0.564661025,0.041069517,YES
CLU-N86-H5N4S2F1,23.54317911,24.81101843,22.63422276,22.45372833,24.57829878,23.88596411,19.92177126,23.86540431,23.99892168,23.85747555,23.36941908,20.62180739,23.97345958,23.84645359,24.76024342,25.15973443,22.74269924,22.97006411,22.93560894,0,20.42954126,22.64478068,22.5109516,21.49886946,21.70209153,0,0,24.87242577,23.96193536,23.02227197,21.3499767,23.85059995,0,21.40428308,24.45567472,22.3536074,22.87037663,0,0,22.48158343,24.39642394,24.48087447,24.28053217,23.72920136,23.1703608,22.51556788,20.74372623,20.55159858,23.26204153,21.02188341,23.6533349,20.77129054,21.01385266,22.47326496,24.6677763,>>DiffResult,22.19647371,18.06428676,15.87661019,24.01147855,22.0674337,8.134868356,0.095684196,0.234092289,0.157889948,0.957018376,0.299298867,0.985526358,0.542699502,0.986695127,0.559604289,0.99999883,0.711249814,0.166698696,NO
CLU-N86-H5N6F3,0,0,0,0,20.55728484,19.511897,0,0,0,20.35507702,0,0,0,0,19.91312877,0,0,0,0,0,0,19.24314164,23.8445843,0,20.84774589,0,0,21.62789035,20.20029985,0,0,0,0,0,0,20.30869869,19.93855395,0,0,0,22.05358425,23.62478323,0,22.6347462,0,0,0,0,0,0,0,0,0,0,20.44208216,>>DiffResult,4.016869381,10.5763662,4.024725264,13.66262274,2.044208216,11.61841452,0.064535322,0.305061229,1,0.489643623,0.987866986,0.220435339,0.97043471,0.146140533,0.342690206,0.97956417,0.230082814,0.123964981,NO
CLU-N86-H5N6F4,0,21.23240588,0,0,21.70467059,0,21.97267652,22.04539522,0,0,0,0,0,20.85374906,20.92146499,23.57727856,0,19.97155816,0,0,21.1734612,0,24.42985281,20.56600124,0,0,20.74766332,21.7443966,21.30883574,21.27775128,21.40776611,20.69237725,0,0,21.68446914,21.43585259,0,0,0,21.32398877,22.45247604,24.78647026,22.69095979,24.25908673,23.26904444,0,20.59305827,0,20.74625296,0,0,21.06194918,0,20.71588943,20.44869149,>>DiffResult,8.613959949,15.12479622,10.65444539,23.49160745,10.35658413,14.8776475,0.0649498,0.179498694,0.986479136,0.87216748,0.999996087,0.04719841,0.589580094,0.162064776,0.496901594,0.992558275,0.843822086,0.12446937,NO
CLU-N86-H5N6F5,0,0,0,0,0,0,0,0,0,0,0,0,0,0,22.52339289,0,18.41668885,0,0,0,25.11274413,0,22.10728502,0,22.51117563,0,22.02748463,20.8077149,22.55096095,22.07809916,20.79554392,0,0,22.24457651,22.92357494,21.48446063,21.71125763,0,0,20.60741327,0,0,0,0,0,0,21.13923866,0,21.58156316,0,21.37639275,0,0,21.35744618,21.55010636,>>DiffResult,2.047004087,15.71954644,12.97668269,0,10.70047471,15.71954644,0.000554784,0.082815089,0.024235707,0.960502894,0.979926012,0.991124374,0.021058685,0.213188292,0.002581241,0.114944439,0.728907113,0.003308893,YES
CLU-N86-H5N6S2F1,0,21.07053446,0,0,0,23.3360284,0,0,0,20.36257479,0,0,0,0,21.42283246,20.70777851,20.41627913,0,0,0,0,0,20.87217138,0,0,0,0,22.73884397,0,21.49654157,0,21.78498316,0,20.38955414,21.76913512,20.81490116,20.57306286,0,0,0,23.51867786,23.42546288,21.97166493,22.30260233,21.02252421,20.34324887,0,0,20.29907449,0,0,0,0,22.07547737,22.8615817,>>DiffResult,6.365801387,6.510755693,10.53316364,22.44818644,8.557938244,16.08238505,0.037311536,0.214805587,0.823552832,0.89929458,0.992187702,0.020257442,0.044310921,0.104794148,0.999999557,0.980162486,0.991048442,0.08289285,NO
CLU-N86-H5N6S3F1,22.51786133,22.59080517,22.49693369,20.63458065,24.53767337,24.57054761,19.4821951,21.15782618,22.29231877,24.3203777,23.64272021,0,23.3069603,22.76879084,21.81764587,23.48995858,22.66939729,20.68277318,20.5464752,0,21.41169481,20.94504907,22.56734548,21.21935693,21.46095407,19.89351269,0,23.40396078,22.81773356,20.82843902,22.78554974,21.56044972,0,21.96764644,24.35300355,23.053025,21.59275399,19.01723796,19.70913345,20.31309821,23.38174337,22.6553336,22.09739056,21.98712848,22.66549544,21.93212489,22.3356152,0,20.53894892,22.38551106,23.85054567,20.76043904,22.75255821,22.41145686,22.9347078,>>DiffResult,20.17629205,19.45480464,19.43518981,22.55741829,19.99019076,3.122228486,0.92889988,0.914666397,0.99852604,1,0.999733039,0.953943462,0.91643977,0.956457129,0.998673205,0.999993912,0.999768551,0.93289,NO
CLU-N86-H6N5,0,0,0,0,0,0,0,0,0,0,0,0,0,0,0,0,0,0,0,0,0,0,0,0,0,0,0,0,0,0,0,0,0,0,0,0,0,0,0,0,19.72145628,0,0,21.83248815,20.76961528,0,0,0,0,0,0,0,0,0,0,>>DiffResult,0,0,0,12.46471194,0,12.46471194,7.50E-09,4.84E-08,1,1,1,4.32E-09,4.84E-08,4.84E-08,1,1,1,5.72E-07,YES
CLU-N86-H6N5F1,22.67407303,24.00278706,24.89871184,24.2969607,0,24.88519636,21.64965722,24.41735571,23.53518823,25.10566395,23.54376475,20.93697492,23.1936982,24.61277608,24.81302846,24.35141172,23.50242485,21.17535868,22.7419632,0,24.59472282,22.40957265,25.93533485,23.35910852,24.3459867,20.44143179,23.14067165,26.18443151,24.88300903,23.40976464,24.13923273,22.98768577,0,22.20087792,24.81293836,23.6393452,23.06787615,0,21.47683792,23.75587723,25.05914633,26.38338587,25.4880797,25.32059268,0,20.95124962,0,21.73307212,23.31400586,22.12936912,24.42334563,23.41065564,21.4267981,20.69650751,22.84277437,>>DiffResult,21.21684975,23.87040342,18.60806713,20.45024092,20.0927778,5.262336288,0.633557201,0.991941116,0.902063781,0.541133892,0.992330422,0.999624271,0.923863449,0.999987458,0.896472121,0.995420115,0.802306314,0.686402565,NO
CLU-N86-H6N5F2,22.58641413,25.02558514,24.92651283,23.61768458,27.30272176,24.67029561,25.26012195,24.83494721,24.527729,25.14195123,25.18796966,23.65157328,23.97250769,24.59762756,24.90349287,26.27993849,24.55867745,0,22.57552142,0,23.85682949,0,27.33160512,24.47355692,24.55068015,0,23.58518735,28.77608723,24.74301685,23.17732628,24.75455437,24.37959269,0,23.7584507,25.01463221,25.87621485,24.84354184,0,23.15516354,25.79336436,27.34870891,28.43454062,27.65680648,27.53395185,26.67251557,23.74742102,0,20.94513052,23.71869647,0,23.27065171,25.11148537,20.9931941,23.82155017,25.02189744,>>DiffResult,22.18106359,20.04942894,19.75755146,27.52930468,18.66300268,8.866302002,0.422254594,0.51527659,0.956002896,0.999993401,0.998739627,0.755285515,0.552673477,0.381942187,0.972228445,0.848128098,0.996827638,0.512479219,NO
CLU-N86-H6N5F3,26.28973251,27.15425513,27.43130144,25.69830952,29.19525503,27.00617211,24.03135911,27.616895,25.20891245,27.14212851,26.28761084,24.5607325,25.87616544,26.91151047,27.24693418,28.72526447,26.63144781,23.77711898,23.16628493,0,25.94691125,20.34332694,29.11468062,25.85340475,26.22582532,0,25.49524902,28.66814101,26.93739642,20.36259778,27.60714954,24.86037046,23.72265042,26.18184948,28.16773952,28.02263394,27.7787607,0,25.45289859,24.91916926,29.6405545,30.3949971,29.92372366,29.45289785,23.79886328,25.45474139,25.19880216,23.58371596,25.15719322,25.93843124,25.70046389,25.70835741,24.02875148,24.90917086,26.09589368,>>DiffResult,24.99786952,22.89475331,23.67132219,28.64220728,25.17755213,5.747453969,0.554477364,0.618720211,0.983203493,0.998767019,0.984222716,0.784901624,0.479414273,0.859085503,0.913800861,0.999993498,0.929986373,0.623853743,NO
CLU-N86-H6N5F3+174.05,0,0,0,0,0,0,0,25.50800043,0,0,0,0,25.32671624,25.63126472,0,27.15493753,26.51227643,22.88611113,23.3584713,0,0,24.61450038,0,26.35646315,0,0,24.52435439,0,0,0,25.54392184,0,0,24.02569086,0,25.75541811,25.87088515,0,25.27930637,26.82145655,0,0,0,0,0,26.31897622,25.77720554,26.01605302,28.70252935,0,0,27.36337837,0,0,0,>>DiffResult,8.818888889,7.549531792,15.32966789,0,13.41781425,15.32966789,0.183742625,0.172400695,0.654024944,0.624282935,0.996802837,0.611976266,0.796793268,0.287951376,0.998867894,0.870568655,0.824136347,0.270522832,NO
CLU-N86-H6N5F4,27.9788025,28.34726022,28.63409316,27.77352182,30.38791224,28.69943871,28.2342481,30.44531378,26.77426221,28.74757652,27.49036297,26.2340427,27.65544294,28.28488551,28.84006276,30.12530233,28.87271143,26.30719304,26.34547449,0,28.06166409,27.49297256,28.97637836,27.52267324,27.52414404,25.13958305,27.17659193,28.71991669,28.20880363,27.44858881,29.59126773,28.23222922,27.98421487,27.58180911,29.48064254,29.34366514,28.87849668,24.89961697,27.36626898,29.59437349,30.3711783,30.93563867,30.89648742,30.3185324,29.62476381,25.59847003,25.62099011,24.74689817,28.54577949,26.5172275,28.23638878,26.20994755,26.72285002,27.12452881,27.88091535,>>DiffResult,26.80889537,27.62713164,28.29525847,30.42932012,26.72039958,3.70892054,0.42797251,0.873078408,0.879020296,0.996015854,0.908469216,0.397876523,0.718903498,0.466083315,0.985090795,0.999997672,0.987220654,0.517373179,NO
CLU-N86-H6N5F4+174.05,0,0,0,0,0,0,0,0,0,0,0,0,0,25.23735622,0,24.05552515,25.92388369,0,0,0,25.43981833,25.50875295,0,24.83144235,0,0,25.69383001,0,0,25.08036103,24.65995146,0,0,0,0,24.97846801,25.37432824,0,0,23.58608168,0,0,0,0,0,26.15072401,25.83920624,0,26.68156235,0,0,25.18241684,25.26960311,0,24.48095505,>>DiffResult,3.760838253,12.65542047,9.859882939,0,15.36044676,15.36044676,0.029259993,0.497560063,0.624670964,0.980241367,0.805311794,0.961301195,0.250084463,0.104666305,0.255613384,0.071335609,0.982509021,0.069100872,NO
CLU-N86-H6N5F6,28.22276011,28.53624474,26.00648195,28.22752355,28.104244,28.8989479,24.69098155,27.24964826,27.93537121,29.21248156,28.57877632,26.4239784,28.89204366,28.747571,29.52971403,27.73897161,29.71716892,26.51057962,27.7269915,0,28.81775929,27.31415412,27.36932479,27.20948401,28.31299114,26.33885376,28.23250585,26.5495598,29.11237448,28.6589469,28.55152442,28.29954777,21.86217794,28.57852234,30.1435227,29.72365276,28.75280261,26.36780761,27.88992823,27.87666141,28.24476505,27.39916339,26.01132695,28.21455375,26.76595794,26.5621751,27.59822606,27.83625394,27.60752429,27.07903004,28.79294436,25.87554926,27.25667584,27.63761624,29.86875037,>>DiffResult,26.54752399,27.79159541,27.80461478,27.32715341,27.61147455,1.257090785,0.905384327,0.999532961,0.932308742,0.999999999,0.999971379,0.995449673,0.999581348,0.999940409,0.934673008,0.962201564,0.999978334,0.914813912,NO
CLU-N86-H6N5F7,28.58111487,27.84428473,27.55575043,29.14478156,29.22828668,30.44552178,0,27.39193861,27.75933317,29.79131369,30.23734607,23.51866977,30.30988134,28.70168285,29.43018498,28.49473346,30.10792989,28.60015983,28.85360802,24.04309034,29.76776851,29.26918852,29.92201777,27.75847519,29.26718202,0,29.16912693,27.2493623,29.7690547,29.65980309,29.66427703,29.26724573,22.4926294,30.22059334,31.20491694,30.57213223,29.73025472,25.3892057,28.708996,27.80098698,28.57045285,26.75471855,27.83379469,26.58503745,27.90048535,28.70752512,27.93280526,28.82009752,27.65353257,28.96379281,29.20349722,27.40457373,28.69903241,28.11920601,30.39331085,>>DiffResult,27.0019806,26.1831979,28.50512381,27.52889778,28.58973735,2.406539445,0.856471236,0.997977949,0.961800494,0.896582045,0.999999731,0.999745117,0.993002409,0.997204414,0.9960738,0.953620115,0.883920382,0.873660449,NO
CLU-N86-H6N5S1,0,0,0,0,0,20.60457801,0,0,19.65429728,19.95802856,0,0,0,0,0,19.79390711,0,0,0,0,0,0,0,0,18.74247608,0,0,0,20.23261778,0,0,0,0,0,0,0,0,0,0,0,20.18096346,19.71355497,19.14341961,22.27386697,21.856823,0,0,0,0,0,0,0,0,0,0,>>DiffResult,4.000540548,3.897509385,0,20.6337256,0,20.6337256,1.42E-06,1.41E-06,0.457130228,0.621175271,1,1.77E-05,8.09E-05,1.41E-06,0.999999181,0.457130228,0.621175271,3.18E-05,YES
CLU-N86-H6N5S1F1,21.63290105,21.58972355,22.57914551,21.67494922,24.73092128,26.03796944,20.71685937,0,24.15096314,26.2413778,24.43275773,0,20.61167726,0,26.32245914,24.36098921,21.40187601,24.21899783,0,0,21.54684414,0,24.49194859,0,23.09947211,0,21.04538482,23.64276973,23.71902279,22.96480017,23.4313449,0,0,23.01250557,22.82582053,23.61895515,21.31640688,0,21.83912111,22.73034337,24.50188275,22.45589771,24.18652169,24.67961831,0,0,19.98263839,21.60932161,0,21.07958333,20.17313593,0,0,20.17932703,21.17879479,>>DiffResult,17.53517838,16.05102423,15.87744975,19.16478409,12.42028011,6.744503983,0.748587529,0.980511685,0.994565687,0.999999603,0.951416867,0.998111695,0.984065989,0.782711656,0.996453731,0.736161679,0.942377463,0.78203648,NO
CLU-N86-H6N5S1F2,26.52107323,26.6769299,21.96289155,0,28.93728254,27.46959298,0,22.16919897,23.84546042,23.57636442,26.76831877,20.39861209,20.7669765,0,26.07038017,24.8873884,0,25.49214772,26.08941065,0,26.53012109,25.95348129,29.19514988,27.56510272,22.61699034,24.9780997,26.05297517,24.06662946,26.88245436,0,24.448244,22.6972941,23.01604436,26.45176581,27.68970963,24.6195038,23.633581,0,22.82818158,19.47058744,24.06057865,24.03587106,28.42383814,24.55605366,0,21.11937108,20.58785912,20.95321061,22.02096008,25.76404685,0,21.74529589,0,19.30649248,26.7072217,>>DiffResult,18.58160141,23.3841004,21.48549117,20.2152683,17.82044578,5.563654619,0.687963684,0.999324287,0.942541206,0.992878693,0.922166531,0.997407905,0.977249882,0.992031858,0.724819465,0.99964882,0.72241027,0.728914888,NO
CLU-N86-H6N5S1F3,24.03521767,25.20449522,23.05509707,23.73518868,25.63460433,25.17355089,0,26.56547155,23.57410633,25.51948365,26.54725441,25.14809283,26.30965718,23.73116325,27.58419973,23.87535901,23.41824706,21.79937403,25.20316604,0,26.84769897,23.74341737,27.18393158,25.28958037,23.53150213,24.95298492,23.07272727,26.36058251,27.42695857,0,27.9407536,25.00409107,0,26.69111564,26.68563476,28.03415381,26.57649896,22.94240005,24.19987453,26.89212998,27.10202191,24.64490677,25.66386653,24.29657853,21.88117208,22.41379373,21.88897781,22.49839537,25.46106511,26.11678749,23.59474509,24.18364849,0,23.73619001,25.37929466,>>DiffResult,22.30568645,22.84093837,23.49666524,24.71770916,21.52728977,3.190419389,0.944229462,0.998375047,0.99433713,0.999688497,0.978089896,0.969446203,0.991437044,0.940480054,0.999753638,0.998917995,0.995252062,0.947471452,NO
CLU-N86-H6N5S1F4,25.95813502,24.64064898,26.24307144,28.29181259,27.08595141,26.81331646,0,27.42054047,25.18279888,26.59400524,26.37872742,22.11986788,23.69615454,26.03692381,28.34038563,26.30421764,24.5447171,22.89305524,27.35705955,23.2351979,26.11354869,22.74676052,27.24952061,25.1837532,24.73351396,21.95119851,25.62884505,24.01166081,26.43812869,23.73123378,27.9185351,23.46577023,23.34993031,27.88119592,27.34332419,26.09068969,24.67851008,0,23.10335994,26.9612114,26.94544096,26.38643515,26.96145168,25.85185116,23.06600899,0,0,24.28661676,21.65041043,24.38314685,20.05260633,22.95725904,0,23.75658172,26.07838746,>>DiffResult,24.45682936,24.77881638,23.07925269,25.84223759,16.31650086,9.525736727,0.036105475,0.95287617,0.986820437,0.983122167,0.22242551,0.994903375,0.998722796,0.118122009,0.99995572,0.035713823,0.073147739,0.081324278,NO
CLU-N86-H6N5S2,21.86483025,22.23995837,21.72331185,21.12053031,23.59659929,23.5901185,0,21.51265442,23.48484921,24.37927168,21.62863146,0,22.11030665,0,22.49787555,24.66694101,20.59853412,20.7660308,20.92549739,0,20.72013095,20.65370007,20.82701293,20.42000767,22.42417411,0,19.31128122,22.54853075,23.80624607,19.73365699,0,21.11321208,0,20.06629806,0,0,0,0,0,0,23.08752773,23.07349475,20.62270112,24.73549598,22.7007091,0,0,18.95930455,0,0,21.7801668,0,0,20.10592201,21.74554726,>>DiffResult,17.83529704,19.04447408,4.117951014,22.84398574,8.259094063,18.72603472,8.49E-05,0.00221316,0.00142255,0.002949943,0.82140068,0.775663489,0.929135266,0.026990706,0.99627422,0.047082209,0.055840193,0.000813501,YES
CLU-N86-H6N5S2F1,24.64785807,25.37013791,25.3902276,24.182255,26.90697225,26.6670464,22.43134382,25.38550994,26.51842188,27.51324781,25.44679334,22.64238871,25.64475432,25.260746,26.34412042,27.3085272,25.93984827,24.58249271,25.07442752,0,24.823406,24.98485097,25.38343089,24.26839923,24.78645537,0,24.05179724,25.67409533,26.22668797,25.35142638,25.21611516,25.21650369,0,24.5097545,26.21039063,25.81741063,25.33344513,0,23.67164078,24.67507282,26.24516729,26.13514126,26.26811362,27.00280524,26.05161512,23.4233742,23.52966031,23.72016523,23.98576086,24.33099484,25.73701659,0,22.92502043,24.41760868,25.80892955,>>DiffResult,24.16285596,22.55505494,20.06503334,26.34056851,21.78785307,6.275535171,0.508437961,0.541433367,0.61603748,0.943707926,0.985142046,0.976593867,0.884075312,0.796350243,0.980384243,0.921726962,0.999349889,0.589630865,NO
CLU-N86-H6N5S2F2,23.05034406,21.57843573,23.49806956,0,25.81764531,24.54046315,0,21.7855283,24.69988771,25.98343982,24.58919116,20.53124309,23.39564645,22.19952962,24.60525041,26.32653006,25.14392497,22.0468094,24.04189047,0,22.72034146,22.57635201,23.08155145,23.23748873,23.38414075,0,22.18493393,23.41601705,23.61870269,24.05385673,25.49865061,24.1847215,0,24.63831248,25.4140764,25.80421497,25.63086944,0,23.31943037,25.0336123,24.56099589,24.2299889,24.59872492,25.42241362,23.68347373,0,20.16884434,24.31328237,22.5753017,21.91929755,22.34106356,0,0,21.88218124,24.08295742,>>DiffResult,20.19169146,20.82733848,19.95238881,24.49911941,15.72829282,8.770826595,0.473203372,0.886630749,0.999994761,0.999484541,0.830556133,0.8724153,0.944584396,0.395989633,0.999742925,0.703570214,0.711734816,0.555954515,NO
CLU-N86-H6N5S2F3,23.59427863,21.00625595,22.86245583,22.88893854,25.45314999,23.72700968,0,24.39057684,24.02334919,25.78853493,24.94621111,20.70011316,25.22152855,23.63582486,24.74651196,25.97211153,24.59149005,22.34087485,24.94461739,20.59540298,25.38838263,22.44250472,23.78728171,23.99098554,23.35035804,22.55111067,0,24.1410262,24.77874111,23.33306812,23.94709401,23.07183785,19.95828515,24.10249617,25.43176446,29.37357886,24.10582993,0,23.5051699,24.62324253,23.53741059,24.22467014,22.16115372,25.14363348,22.56764819,0,0,0,20.30564681,21.84864346,21.40018755,20.71888672,0,22.09401001,24.48298558,>>DiffResult,22.5714618,21.37634587,21.81192989,23.52690323,13.08503601,10.44186721,0.023088975,0.993543348,0.998953026,0.999934643,0.087462223,0.999054599,0.984794396,0.099858558,0.99389414,0.016776926,0.116088504,0.058295921,NO
CLU-N86-H6N5S2F4,21.63822247,19.82055835,22.76776039,0,26.45747801,24.28652007,20.83093794,24.62761075,23.99820905,25.625733,24.45971447,22.65239504,23.96539314,23.39344463,22.19787527,24.09071868,23.23673282,22.17293473,22.32389976,20.19448633,23.50109493,0,24.79842312,25.22622245,23.81744058,20.53456253,0,24.52381128,22.71229667,23.76386564,23.78768149,22.94533436,0,23.75137643,23.75918132,25.35842453,23.89039239,20.95105332,24.02227042,23.32191423,25.24204863,25.10004634,25.08976271,24.43174961,0,23.43790235,21.22284453,20.84802215,22.35844974,22.55650744,22.73459417,21.08437322,0,21.94314388,22.42940944,>>DiffResult,21.93703125,18.88777172,21.17876285,19.97272146,19.86152469,3.049259525,0.861461047,0.998443469,0.999018622,0.961897968,0.995176342,0.98558084,0.998972491,0.999999883,0.840260293,0.955291942,0.998510344,0.877385393,NO
CLU-N86-H6N5S2F5,21.79991546,0,0,0,22.95198613,23.41548092,0,0,22.2810953,24.00660369,0,0,23.44116882,22.59773691,22.92379846,0,24.57708204,20.95172263,22.75489583,0,0,0,0,0,0,0,0,0,0,0,22.76895069,0,0,0,0,24.8495299,22.46224425,20.82364636,22.1003841,21.71756663,23.01776936,0,0,0,0,18.56601522,0,0,0,0,0,0,0,0,0,>>DiffResult,12.58507431,0,13.47223219,4.603553872,1.856601522,13.47223219,0.002012317,0.445386076,0.999240695,0.021734391,0.064840677,0.459850987,0.902716294,0.984342289,0.01100437,0.041835012,0.992327035,0.008843603,YES
CLU-N86-H6N5S3,24.86158066,25.70511762,23.03250194,21.66165619,25.82736982,24.33023167,22.78448562,25.14014323,24.2534005,24.8645469,25.70356269,23.40072834,25.49839562,24.68125672,25.44956304,26.60831765,22.07250992,21.42085862,24.34548251,0,23.94538314,23.47844769,22.57399809,0,23.68158638,20.92530921,22.8440812,24.13770018,25.02352297,22.68413683,23.40376156,22.39895889,0,22.43723697,24.20299414,24.73446954,23.04529333,21.38745264,22.99014773,23.36186285,24.82073122,24.16473917,23.59898851,24.49227676,24.47141473,22.60641132,23.44560357,23.39483958,23.03150999,0,25.55076952,22.00249954,0,23.76124247,23.42323726,>>DiffResult,23.08208546,20.92941657,20.79621777,24.30963008,18.72161132,5.588018751,0.481504217,0.890878293,0.916992995,0.999999242,0.96399013,0.996706254,0.90377973,0.598441189,0.932214954,0.503731959,0.955076428,0.563441872,NO
CLU-N86-H6N5S3F1,25.88539477,26.95630752,25.18894406,21.6827105,28.46459472,28.27206118,24.32449408,27.9527946,27.45911354,29.52785866,28.08650387,26.23416061,26.25458126,27.50202398,28.52263957,28.61866345,27.13195387,25.97436862,24.83185328,21.80244983,24.42231349,26.48362902,26.66593704,25.9138943,24.62433784,20.92664766,24.04324681,27.14115696,27.46835475,26.1384021,26.53555246,25.97636314,0,26.2589052,27.14859359,26.88235982,25.32629834,0,24.91806163,25.68039649,27.33047771,27.22817544,27.63940706,27.87502868,26.68376786,22.1195411,25.37474983,25.91629704,24.89036868,27.55242804,27.97592667,24.21357506,25.6590487,26.26940011,27.08318994,>>DiffResult,26.5336736,25.382792,20.87265307,27.35137135,25.70545252,6.478718281,0.053863029,0.139757769,0.038791223,0.270124733,0.208697262,0.997413066,0.950656687,0.973998042,0.975039461,0.992718589,0.999897654,0.10893751,NO
CLU-N86-H6N5S3F2,23.06904012,22.13940389,23.83910783,22.02048741,25.68826889,25.09044271,21.74445244,24.18697673,23.78910432,26.86659918,23.38483591,20.54769281,23.30718601,23.57139155,24.45154586,25.73304619,24.43844823,22.3403932,22.89685481,0,23.26082251,23.1753169,24.23177642,23.28138873,23.47329986,20.8252874,22.83682849,22.96570886,24.79721574,25.27793174,24.09841891,23.0314736,0,24.05587191,24.15523847,24.8273658,0,21.19330625,23.80479091,23.80059766,23.54838804,23.34543964,23.83988534,20.61755882,22.90140153,0,22.07911552,21.65458921,20.15131974,23.41756021,23.49040768,21.49372319,21.71326098,21.9067099,22.99143523,>>DiffResult,22.4552639,23.41255766,18.89670635,22.85053467,19.88981216,4.515851313,0.40987384,0.774998412,0.584114731,0.492393189,0.996443377,0.999939621,0.999829567,0.907605826,0.994622549,0.824720064,0.714506885,0.501195103,NO
CLU-N86-H6N5S3F3,20.80623874,23.00978385,23.13025865,21.40347164,24.36823969,23.734128,19.86950197,24.02060428,24.52230131,26.22318458,23.25230895,20.96798126,22.23820812,21.75412784,23.19325299,23.08148434,22.20194895,21.18032401,22.18263379,0,23.21830214,22.4693869,23.88291118,24.18499357,0,0,22.46648913,22.28851571,24.91433619,24.33143774,23.85912358,22.4680119,0,23.25894693,23.79165645,25.03981363,23.22388387,0,23.05973121,24.10962686,23.13323306,22.10415803,23.06070326,21.70037491,21.43008991,0,0,0,19.0917702,21.55784334,22.06482294,19.12128085,0,21.21982549,21.22739488,>>DiffResult,21.55699915,18.77563726,18.88107944,22.28571184,12.42829377,9.857418067,0.07172658,0.941092893,0.915660071,0.999999838,0.407185841,0.999767739,0.934583469,0.197768332,0.904156839,0.044529755,0.423981483,0.133092654,NO
CLU-N86-H6N5S3F4,0,22.71304777,23.45057955,0,25.36437096,23.6488335,0,21.65907836,24.0633566,25.17301179,24.06381434,21.55508087,22.87920826,22.83790755,21.83828378,22.85543887,23.73255014,0,22.88626605,0,0,0,22.89257624,24.10369796,20.9628945,21.07267137,0,21.59413329,24.78344327,24.26401664,0,0,0,22.34779029,22.09636472,25.37543791,21.11494951,0,0,25.35909118,21.65060711,20.28887641,24.08161343,0,0,0,0,0,21.68277787,0,0,20.4382303,0,0,0,>>DiffResult,17.43604142,15.96734333,11.62936336,13.20421939,4.212100817,13.2239406,0.039756864,0.998853182,0.637047787,0.895898527,0.543787631,0.933946708,0.989900685,0.553634404,0.996619833,0.021248404,0.122519934,0.087196574,NO
CLU-N86-H6N5S4F1,20.0447008,0,0,0,21.58944652,21.93423526,0,0,20.25640586,21.83349879,21.09442561,0,0,0,21.65623111,23.08945844,0,0,0,0,0,0,0,21.89293504,0,0,0,0,0,0,0,0,0,0,21.00617468,19.80051073,0,0,0,0,20.73025392,21.37232363,21.03335541,0,0,0,0,0,19.69453501,0,21.62299018,0,0,20.35202886,21.43236902,>>DiffResult,8.574920119,2.189293504,4.080668541,12.62718659,8.310192307,10.43789309,0.25206964,0.517331481,0.765690389,0.992780766,0.872731291,0.923140368,0.3158988,0.93005674,0.462079009,0.999994615,0.639755277,0.340658276,NO
CLU-N86-H6N6F5,22.43217869,21.37909095,23.295838,22.68324862,22.48336391,23.01028345,0,22.04833771,0,22.76674202,0,24.99947301,0,23.97186212,23.40053696,21.40252793,0,0,21.66469414,0,23.62675737,21.8910573,24.39261041,0,0,0,24.32770909,22.12701498,23.8237776,0,0,0,0,0,0,0,0,0,0,0,22.51599214,0,0,0,0,23.03101072,0,0,0,0,22.53415182,0,0,0,23.29365408,>>DiffResult,14.77690887,14.01889267,0,4.503198427,6.885881662,14.77690887,0.003642658,0.927337596,0.004102322,0.02685522,0.56044455,0.273379762,0.440396887,0.992857395,0.999685351,0.281336827,0.526245497,0.014025261,YES
CLU-N86-H6N6S3,0,0,0,0,0,0,24.08000995,0,0,0,20.87864322,0,22.01602368,22.07835116,0,23.43348053,0,0,0,0,0,22.11421602,20.1831773,0,0,0,0,23.52644741,23.86765078,23.06145872,0,0,0,0,0,0,0,0,0,0,0,0,0,0,0,24.85289458,24.32332911,0,0,0,20.61649993,23.86070243,23.81468112,24.06510366,20.91274022,>>DiffResult,5.624325427,11.27529502,0,0,16.24459511,16.24459511,0.001356538,1,0.529453607,0.066823584,0.002540361,0.746560254,0.192375002,0.020068513,0.524811615,0.037517582,0.754936756,0.006719464,YES
CLU-N86-H7N5F3,0,0,0,0,23.31667063,0,21.39485717,0,0,0,0,21.18364535,0,0,20.65369503,0,0,0,0,0,0,0,22.9060044,22.02678526,0,0,0,0,0,0,0,20.21082038,21.85667497,0,0,0,22.20292379,0,0,0,22.88835094,24.6607476,24.8123864,0,22.50566754,0,0,0,21.38289856,0,0,20.0079362,0,0,0,>>DiffResult,4.327443409,4.493278965,6.427041914,18.9734305,4.139083476,14.83434702,0.040542603,0.122279703,0.977883925,0.990501087,0.982143524,0.024137474,0.052101394,0.044023607,0.999998986,0.999998313,0.999988161,0.088587483,NO
CLU-N86-H7N6F2,0,20.88647069,0,19.94082666,21.13042648,22.55347257,0,21.88774636,0,0,22.77389349,0,0,0,22.6355334,22.46712922,0,0,0,0,0,0,23.75803359,0,20.34565129,0,0,25.58906313,0,0,0,19.5590523,0,0,0,0,0,0,0,21.78408176,22.7655034,23.27632764,22.65702427,0,0,0,0,0,0,0,0,19.49177091,0,0,0,>>DiffResult,8.713774944,6.969274802,4.134313406,13.73977106,1.949177091,11.79059397,0.209413608,0.420676242,0.76715276,0.969794491,0.988471185,0.855802305,0.73691849,0.222384491,0.991528231,0.424810694,0.799188626,0.297453837,NO
CLU-N86-H7N6F3,0,21.99497869,19.72390259,0,24.50440552,0,0,21.68748335,0,0,0,0,0,0,22.19060363,24.11852314,0,0,0,0,0,0,24.59173939,0,0,0,0,22.85902613,0,0,0,0,0,0,0,0,0,0,0,21.67961141,24.57291214,26.1202746,23.11798156,24.74959268,0,0,0,0,0,0,0,0,0,0,0,>>DiffResult,6.710994845,4.745076551,2.167961141,19.71215219,0,19.71215219,0.002917485,0.006064646,0.678576213,0.965892896,0.981862935,0.038828753,0.026483942,0.001565826,0.978502304,0.303326985,0.753364968,0.011760482,YES
CLU-N86-H7N6F4,23.24108039,22.15773349,23.17770673,0,24.79946502,22.61426481,24.45187863,23.90798946,20.93759587,23.91623746,23.31289013,0,21.92026655,0,23.08410014,26.44428112,22.67036679,0,0,0,22.12503305,0,24.86432644,22.6254918,23.25248802,0,0,25.72936811,23.81087898,0,25.51268122,22.44680697,0,0,0,24.58101688,24.8227123,0,0,23.68348529,26.03767312,27.47635797,26.06352425,26.67579868,24.2192951,20.99350052,0,0,22.80970724,0,23.16525019,0,0,21.84796486,23.98554697,>>DiffResult,16.33179283,14.24075864,12.10467026,26.09452982,11.28019698,14.81433285,0.163141425,0.17759233,0.870399473,0.993204896,0.999837387,0.42994358,0.32603617,0.136127988,0.989173967,0.778884187,0.976860418,0.248323341,NO
CLU-N86-H7N6F5,23.71650683,24.25737912,24.04428849,24.5080325,27.46824178,25.36280195,24.24650149,26.18281152,21.16593331,26.0157148,0,0,0,21.96637501,24.89866191,26.31252991,25.79481925,22.89925813,0,0,24.30563468,24.40679902,25.6088969,25.65420858,21.51339845,0,24.17560678,25.51231602,24.86653239,23.29452869,25.26730933,22.19428129,24.00031479,23.71568793,0,26.61947532,25.50772107,23.21902908,25.55245462,24.9448704,27.62951161,27.86382813,27.53707252,27.6732691,26.72759254,22.90055368,23.78587246,0,24.06339,0,25.18005853,23.36323379,24.06881241,23.6234919,22.02082431,>>DiffResult,18.4419928,21.93379215,22.10211438,27.48625478,18.90062371,9.044261979,0.340999761,0.826719394,0.846192486,0.999999366,0.937848045,0.306632815,0.810163964,0.450790531,0.867072738,0.999938284,0.948452727,0.430949969,NO
CLU-N86-H7N6F6,24.81096834,24.26261463,23.89423278,24.54685234,25.48006131,25.85771888,23.37888095,25.04505019,20.05128046,25.93326255,25.27816215,0,24.83991437,24.8494086,25.98180391,23.81239433,25.7623392,21.60964327,24.7679836,0,26.03321356,24.31279483,25.90419589,22.97124501,24.06497176,0,22.89797533,22.25148674,25.76754521,24.9229212,25.04951793,24.84509622,22.50089722,23.52862977,25.39287832,25.91704086,24.29256658,0,23.67618668,22.44575258,24.87674075,25.47451797,24.45438775,25.14747588,24.39603215,22.73976065,24.93637139,0,22.86906793,24.79254046,25.52669873,22.14525962,0,23.74115246,25.55834898,>>DiffResult,22.00812859,21.91263495,21.76485662,24.8698309,19.23092002,5.63891088,0.770574926,0.952086762,0.999990746,0.99999929,0.952170597,0.950451493,0.959668571,0.693285904,0.99999978,0.893849058,0.941728545,0.800712968,NO
CLU-N86-H7N6S1F4,23.94366337,0,0,24.33705048,24.99343825,25.37637831,0,0,23.32670674,25.48792966,24.8241626,0,0,0,0,0,0,0,0,0,0,0,25.02702884,23.87145417,0,0,0,0,25.16546411,0,25.00760515,20.80064381,0,24.79584522,23.61129732,24.899469,24.82211338,0,0,21.27197735,24.60254193,0,22.89358389,0,0,0,0,0,23.97234432,0,0,0,0,0,24.84832962,>>DiffResult,8.61446647,7.406394711,16.52089512,9.499225164,4.882067394,11.63882773,0.251692196,0.80864455,0.41807341,0.419756368,0.188727049,0.999878769,0.997472347,0.951019507,0.998857358,0.922413285,0.988689432,0.340541872,NO
CLU-N86-H7N6S1F5,24.58577646,0,24.03507093,0,25.86514726,25.60260269,0,0,0,0,25.78099014,0,0,0,0,0,0,0,25.76256729,0,25.8951923,0,0,24.65306002,0,0,0,0,25.6865145,0,26.08078433,0,0,25.19124322,25.89779056,26.00464079,0,0,0,20.72872203,22.48240115,24.19968317,24.2815811,0,0,0,0,24.18053822,24.06024029,23.03814006,24.65538083,0,0,23.56229891,0,>>DiffResult,7.581607739,7.623476682,12.39031809,14.19273308,11.94965983,6.611125345,0.680742029,0.9988758,0.853925275,0.910406315,0.999990668,0.823193509,0.868856004,0.997354975,0.999999999,0.892218582,0.935378839,0.724636367,NO
CLU-N86-H7N6S2F5,22.56135146,0,20.32248982,0,25.38370172,23.18162009,0,20.93891392,22.76319991,24.26386812,23.01341764,0,0,0,0,21.76477431,0,0,23.81196218,0,0,0,0,20.95008299,0,0,0,0,0,0,25.01762801,0,0,25.60874816,23.44939536,23.55263942,19.46516038,0,0,20.81265268,22.71269282,0,21.5635993,0,0,0,20.44710615,0,0,0,0,0,0,0,22.24097066,>>DiffResult,11.40026496,2.095008299,13.7906224,8.855258424,4.268807681,11.6956141,0.071358046,0.913735624,0.977202881,0.115432613,0.278014188,0.988880173,0.772032735,0.93261336,0.173847925,0.422412668,0.990659357,0.132830502,NO
CLU-N86-H7N6S3F1,21.37737488,0,0,0,22.18293231,22.2776408,0,22.74012214,22.92242998,24.20787095,23.25428664,0,0,22.28553543,22.71176461,23.97806574,21.92660555,0,21.10319567,0,20.8081198,0,0,0,0,0,0,22.9760767,22.29175412,22.31312832,0,0,0,0,22.32826596,22.40564575,0,0,0,0,19.60671769,22.54499665,0,21.37015432,0,0,0,0,0,0,22.64841264,0,0,0,0,>>DiffResult,13.54839123,8.838907894,4.47339117,12.70437373,2.264841264,11.28354997,0.045597089,0.604526165,0.17960408,0.881399312,0.989397097,0.999840264,0.960538091,0.369417917,0.770290338,0.054512029,0.624349008,0.0965634,NO
CLU-N86-H7N6S4,0,0,22.71967969,21.96557356,23.99091176,23.71047172,0,23.97903375,23.29698637,24.11435133,24.72160824,21.86614234,24.1976202,23.49612983,0,25.1728504,20.60927446,21.25238888,0,0,20.4434999,19.91323803,21.27110328,0,0,0,0,22.77168919,21.91091062,20.02610582,21.01809255,0,0,21.92275736,22.69845946,22.26617458,0,0,0,21.46279457,21.53225683,23.45241454,21.70159805,0,0,0,20.64524913,0,21.40843988,22.44218909,21.04970952,0,0,21.16263887,22.86774918,>>DiffResult,16.25465113,12.63365468,10.93682785,13.33725388,12.95759757,5.317823273,0.774344716,0.994887954,0.736598711,0.997072804,0.994250726,0.984848517,0.999959532,0.999996553,0.918559951,0.940780627,0.99999589,0.803202283,NO
CLU-N86-H7N6S4F1,22.95179036,23.34461386,0,22.74243131,25.58029674,25.09493191,21.47005289,24.50241678,24.15796931,24.65508772,24.64587819,0,24.09862122,24.05243266,24.33068764,26.12225525,23.04800759,0,22.18338474,0,21.50022834,21.40983715,21.1089626,0,0,0,0,24.34437593,22.96364788,22.80385268,22.23480128,0,0,22.29834932,23.46506684,22.90160045,21.49783057,0,21.05735322,22.35649542,24.1458186,24.40269931,0,0,23.63056052,0,21.47895901,22.09996872,21.78490524,23.32297442,23.49940486,0,0,22.06899958,23.45993651,>>DiffResult,19.14904291,13.41309046,15.58114971,14.43581568,15.77151483,5.735952452,0.681864844,0.999679577,0.913437671,0.991464284,0.99999944,0.906598476,0.999795508,0.99941128,0.651513436,0.927988151,0.988262109,0.724636367,NO
CLU-N86-H7N8F1,20.66177844,22.03930663,0,0,0,0,0,0,0,0,0,0,21.59644974,0,0,0,22.51691922,0,17.7519575,0,21.28126675,0,21.42171351,0,21.72243696,21.15563384,21.64706698,0,21.29201342,23.51937536,0,22.48663745,0,0,24.81280437,22.77997789,22.23275944,0,0,0,0,0,0,0,0,21.84630369,24.58208582,21.39683873,22.64098319,23.04386249,23.01616508,0,22.33825452,0,23.96106222,>>DiffResult,5.228320576,15.20395068,9.231217915,0,18.28255557,18.28255557,0.00179684,0.42858239,0.827007523,0.651393133,0.248643813,0.820886072,0.048711154,0.010661456,0.07905048,0.009698711,0.954539329,0.008237279,YES
CLU-N86-H8N5F2,0,0,0,0,0,0,24.78406206,0,0,0,0,0,0,0,0,0,23.60070429,0,21.50013639,0,23.60964251,23.13371312,0,0,0,0,0,0,0,0,0,20.78584085,0,21.78673576,0,0,22.96004049,0,0,0,20.63659016,21.28549367,22.51060171,0,0,23.76523028,0,0,24.7863659,23.22407946,22.15890876,24.42692923,0,0,20.47670516,>>DiffResult,3.494245137,4.674335563,6.55326171,12.88653711,13.88382188,10.38957674,0.070001188,0.783219434,0.935095142,0.993578751,0.492202884,0.35402266,0.579038723,0.999757116,0.998150022,0.076386483,0.264829157,0.131140046,NO
CLU-N86-H8N7,26.75988418,27.85108665,24.18206921,27.55745285,27.98977412,27.79716016,25.97184306,27.80692867,26.29620639,28.72874707,27.87719979,21.9885788,27.56794807,27.8053188,28.34547476,27.84773824,28.73190523,25.36702933,26.6602085,0,27.96178371,27.00542428,28.42111442,23.61200598,27.59378333,24.86506618,27.26782084,26.5379026,28.01196017,27.29096404,27.9634873,25.93833682,25.69222188,27.82625289,29.05826135,28.88252157,28.34250701,24.1409598,26.73119972,27.46742661,28.02932439,28.51944188,28.29732208,27.99031185,25.74528,26.61907752,25.22760598,25.52192235,25.73964917,27.22255573,25.80552408,24.3282667,25.98921318,26.5875655,28.55173186,>>DiffResult,25.65662769,26.85678255,27.2043175,27.71633604,26.15931121,2.059708346,0.773580282,0.999322454,0.855598677,0.999673689,0.977026242,0.841482724,0.99487755,0.953489189,0.93722538,0.997544819,0.994998707,0.80312198,NO
CLU-N86-H8N7F1,25.04661213,22.74827162,20.97538346,21.33826821,0,25.57139921,0,20.8411442,24.47995894,0,26.01581732,0,21.70114636,25.98130879,26.05757816,0,26.0649754,24.77546448,21.30959964,0,25.33926732,25.09804041,25.15508251,21.17314061,25.61952844,0,25.01058708,24.22647669,21.92492787,25.30066592,21.79077467,21.4930607,0,22.63897769,26.75557389,22.18044396,25.85991109,0,0,24.78435634,21.58110515,20.45113372,0,0,0,0,0,0,0,0,0,0,0,0,21.40648244,>>DiffResult,16.6453464,21.88477168,16.55030983,8.406447773,2.140648244,19.74412344,0.000636976,0.58790533,0.999999919,0.764128658,0.020384925,0.48808315,0.124474875,0.790439371,0.670881114,0.004726812,0.000603076,0.003704602,YES
CLU-N86-H8N7F2,22.60090023,23.77358771,22.0207913,22.42736892,0,23.16316882,0,22.05322861,22.3401264,29.063823,23.97047379,0,23.36294051,22.82611824,23.58165271,22.2306804,0,0,22.64533479,0,23.47395495,22.65494503,22.82783302,22.28799915,23.44117836,0,22.69275154,21.76704303,23.20523686,22.68619651,23.1115583,27.90062493,0,23.70521758,0,23.4100025,23.15045789,0,0,22.01888667,22.50870093,21.55071003,20.99421551,0,0,0,22.40941076,0,0,0,0,0,0,0,0,>>DiffResult,16.30300977,20.50371384,14.32967479,13.0107253,2.240941076,18.26277277,0.003017743,0.999286688,0.987015815,0.659109474,0.076224924,0.966620846,0.666720188,0.315906656,0.823898388,0.007021265,0.001843614,0.012122824,YES
CLU-N86-H8N7F5,0,0,22.07392051,0,0,19.42289307,0,0,0,0,0,0,0,0,0,24.36230695,20.66919256,0,0,0,0,0,0,0,0,0,0,23.16027205,0,0,0,0,0,0,0,0,0,0,0,0,0,24.12903588,24.01117072,23.33858806,0,0,0,0,0,0,0,0,0,0,0,>>DiffResult,4.326415654,2.316027205,0,14.29575893,0,14.29575893,0.006961579,0.00688796,0.550143359,0.953723758,1,0.064140326,0.033518306,0.00688796,0.95334516,0.550143359,0.953723758,0.022795758,YES
CLU-N86-H8N7S1,25.27988165,25.97346283,24.18647665,28.40452684,24.77456586,28.3276526,20.12498318,23.27345027,24.8113496,25.54806016,25.9716706,20.87645526,24.87318433,24.69820919,25.51360023,24.53407898,24.80398751,22.92850105,26.30909973,22.93087814,25.30450998,24.50494306,25.28313162,22.60936528,24.31868292,22.42485875,24.67453651,23.45757521,25.52024918,24.8100855,24.75058068,23.37049121,0,29.2600922,29.71639436,25.94911212,23.75724754,22.29731401,0,0,24.2895345,24.2624356,23.95802238,21.2582266,23.99224892,23.18536365,26.83472206,23.08512748,22.57874271,25.20778928,0,22.7023698,0,21.1994121,26.32690349,>>DiffResult,24.70720373,24.2907938,17.91012321,23.5520936,19.11204306,6.797080521,0.06934786,0.587725,0.106736532,0.265638673,0.995290499,0.997379277,0.999684529,0.776390741,0.999871717,0.254162222,0.47348184,0.130333839,NO
CLU-N86-H8N7S1F1,24.47185613,25.67854386,0,23.81180164,25.10267713,25.72374312,0,23.00000416,24.77427434,26.39999566,24.92012327,22.10769517,25.5599026,0,25.95601943,22.17815143,25.79466044,23.17077485,24.16655153,21.70559331,24.95358057,23.99727935,24.88525807,22.62866717,24.36652815,22.35653939,24.01805524,0,24.0871612,23.99840892,25.03954754,22.32079472,0,24.73633524,25.6543538,25.53061651,21.91217717,22.75003494,23.89261687,23.1269959,23.70401544,23.02146812,24.78088799,0,0,23.05655186,23.2866585,23.2740485,0,23.18866606,24.65627975,21.25789811,0,23.82220414,25.46060565,>>DiffResult,20.7261184,21.52914781,21.49634727,14.30127431,18.80029126,7.227873495,0.598272064,0.607390121,0.999485047,0.999999999,0.96406165,0.627158109,0.603249997,0.896155958,0.999392819,0.982204598,0.962473586,0.656694876,NO
CLU-N86-H8N8F1,21.37524992,0,0,23.05658555,23.55958996,22.46830818,0,22.3973984,22.10656992,22.71683271,23.51488422,24.79814858,24.28955447,24.3405972,23.32804689,0,23.79843099,21.85309697,23.23704478,0,24.19738512,23.43941183,23.98425504,0,21.53905312,24.49046403,22.85919797,0,24.5821008,0,0,0,0,24.66459786,24.48281381,22.75937956,23.12682097,26.26523201,22.74976818,21.88765333,22.99148606,21.40132833,21.74357845,0,0,26.31809779,27.36985463,24.90105812,26.07081058,23.69994678,23.51628739,0,24.8746362,25.37539622,24.02181611,>>DiffResult,17.34201694,16.50918679,16.59362657,13.22727857,22.61479038,9.387511816,0.510251102,0.976971248,0.999738156,0.999999976,0.70596554,0.934971702,0.979024779,0.488106872,0.999600048,0.697367825,0.695169547,0.590212785,NO
CLU-N86-H8N9F1,0,0,0,0,0,19.93518039,0,0,0,0,0,0,0,24.92231884,22.90213731,0,0,0,19.92852343,0,22.98072947,22.60795201,23.13364585,0,23.19097617,0,20.95763584,0,23.96663281,20.79390944,0,0,0,23.84437819,22.34454095,22.60486582,21.99417705,0,0,0,23.3745366,0,0,0,0,23.02640892,0,0,20.55155607,0,21.96644631,0,0,20.9537267,20.82397937,>>DiffResult,4.384407999,15.76314816,9.078796201,4.674907321,10.73221174,11.37874016,0.074460898,0.938197237,0.773796044,0.611478587,0.996533241,0.999997752,0.311679741,0.82670432,0.052293111,0.524204268,0.817669291,0.136220328,NO
CLU-N86-H9N5F4,0,0,0,0,0,0,0,0,0,0,0,0,0,0,24.15945993,0,0,0,0,0,25.92325481,21.0201173,21.80921709,20.79523165,20.04387263,0,0,0,21.00518023,0,0,0,0,0,0,0,0,0,0,0,0,0,0,0,0,0,22.33734395,0,0,21.20516867,0,0,0,0,0,>>DiffResult,1.207972996,13.05968737,0,0,4.354251262,13.05968737,0.000438042,1,0.991736394,0.001163649,0.640271273,0.996906698,0.011446532,0.789732949,0.000615246,0.776372236,0.058043853,0.002723782,YES
CLU-N86-H9N6,23.96625519,23.65905031,21.62962876,25.26838236,23.39958877,22.08162761,0,21.78753052,22.59370419,23.86688759,21.5797263,0,21.47744747,22.51853356,24.44833593,22.5075172,21.63797199,22.4829305,0,21.19129347,25.56109775,0,22.77116453,0,23.38242963,0,21.72373386,21.46901644,19.85903969,23.07641686,0,23.13307799,0,0,0,22.61841774,0,0,0,0,0,0,0,0,0,0,25.57133076,23.37718039,0,25.39533424,22.79494602,0,22.57017853,22.59208037,20.40074029,>>DiffResult,19.30482059,15.78428988,4.575149573,0,16.27017906,19.30482059,0.000131232,0.899709118,0.001622474,0.073570262,0.056042566,0.001337712,0.027533,0.021467631,0.868496917,0.918829871,0.999958193,0.001111667,YES
CLU-N86-H9N7,22.90036225,0,20.35653978,24.43823123,24.24208672,21.74666586,0,24.84029781,0,0,0,0,0,0,23.19843839,24.36709699,0,0,0,0,23.01523583,21.50407126,24.18271258,21.83761519,22.35345917,0,21.92412725,20.62976012,24.87690974,24.5999309,22.3275165,24.68007401,0,0,23.75814064,25.32084507,23.08231702,0,23.41234982,24.22394716,22.37463355,25.33135772,0,25.22275006,24.05423044,21.57253433,25.12044185,21.76297791,23.84991876,25.51268377,24.30469759,21.10716382,0,22.49115944,24.21894745,>>DiffResult,9.304485951,20.4923822,16.68051902,19.39659435,20.99405249,11.68956654,0.017166855,0.988638584,0.355923627,0.92031811,0.880562096,0.298610389,0.999668384,0.998533861,0.052460308,0.038441738,0.999966791,0.04592232,YES
CLU-N86-H9N7F1,23.97415248,0,0,24.93658355,22.94484724,22.64339921,0,0,21.25592802,24.47928378,0,0,21.9144257,22.16294031,23.4021478,21.83928858,22.19873066,0,0,21.8436258,23.0907463,0,21.57622651,23.24831532,21.40069002,0,21.75402321,0,24.54460797,24.65958859,0,24.03912155,0,22.23202328,22.73949109,23.05348382,22.32925554,0,0,0,0,0,0,0,0,22.40320168,24.16632926,22.73044666,0,25.63698687,23.8973042,0,22.45349027,22.3491358,25.07237513,>>DiffResult,13.67976766,16.02741979,11.43933753,0,18.87092699,18.87092699,0.0357181,0.313622197,0.983198504,0.875879085,0.543140176,0.099568287,0.066769507,0.019891475,0.980020257,0.727793843,0.976181699,0.080762978,NO
CLU-N86-H9N7F2,0,21.66801569,0,21.82303034,22.53050324,21.15695618,0,0,0,22.33072023,20.29929353,0,0,0,21.14355327,0,0,21.30263678,0,0,22.18404591,20.07058918,0,0,0,0,0,0,22.08572522,22.56706856,0,21.74033815,0,0,0,21.59061152,0,0,0,0,0,0,0,0,0,20.53767202,23.37378706,0,21.14920918,24.73776155,24.68130047,20.1937583,0,0,0,>>DiffResult,8.612735462,8.690742887,4.333094967,0,13.46734886,13.46734886,0.145673103,0.939403873,0.821640827,0.878951394,0.292957919,0.463974704,0.54563732,0.138460053,0.999999966,0.744441636,0.83895372,0.227707293,NO
CLU-N86-H9N8F3,25.78288147,25.39473621,23.97065992,25.57704242,26.58691735,26.27907331,0,25.47352791,25.11616817,26.62659636,26.55231476,0,27.29269357,26.50693853,26.97175394,24.96462183,26.25696547,24.77524465,24.96788066,23.35858509,27.95972095,25.90699822,25.91931278,25.68528486,25.35716593,0,23.7597496,24.40731474,27.24684975,26.71820335,25.93955421,25.01982984,0,26.90500454,26.701913,26.989438,26.31345155,23.11155947,25.74315703,25.09539371,25.42812658,24.30309457,24.41729573,25.25988614,0,25.83189475,27.18063885,25.2113734,26.09128355,25.99754541,26.76993594,24.63948394,25.88568494,25.26993872,26.28316648,>>DiffResult,23.12273008,23.29606002,23.18193014,19.88168061,25.9160946,6.034413992,0.705229339,0.933298148,0.999999963,0.99999971,0.929906962,0.914664136,0.925137653,0.606283741,0.999997258,0.879168549,0.939420899,0.742045992,NO
CPE-N139-H5N3F2+162.05,0,0,0,0,19.58383413,19.70502332,0,0,0,0,20.20134922,0,20.39464278,0,0,19.95736448,0,0,19.73505103,0,0,0,0,0,20.00663338,0,0,0,0,0,21.47891224,21.80231459,0,21.20483403,22.49000053,21.58474829,21.66082377,0,0,0,19.89180057,0,0,0,0,0,0,0,0,0,0,0,0,0,0,>>DiffResult,5.978863248,2.000663338,13.02216335,3.978360114,0,13.02216335,0.011625383,0.290521965,0.203781172,0.036611458,0.008585439,0.988866354,0.992457559,0.906140739,0.733040034,0.356672922,0.983083344,0.034668553,YES
CPE-N139-H6N3,18.58716138,0,19.22537754,0,0,0,0,0,0,0,0,0,18.94705433,18.1596331,0,20.64683675,0,0,0,0,0,0,19.51209514,0,20.00337039,0,0,0,19.66672151,19.39539361,19.38365992,0,19.44408178,0,19.7068185,20.02165692,19.96857423,0,0,0,0,20.4092988,0,22.21404902,21.96578953,0,0,0,0,0,0,0,19.33279175,0,0,>>DiffResult,4.778303154,7.857758065,9.852479135,12.91782747,1.933279175,10.9845483,0.140768281,0.972346097,0.608220244,0.988069631,0.310215127,0.394367361,0.848579345,0.197598774,0.906104818,0.927930579,0.59810091,0.222375838,NO
CPE-N139-H6N3F1,19.94886771,0,21.93219901,0,21.0192096,19.58781156,20.37710585,21.04520135,0,19.62652576,19.65231768,0,19.49134421,0,19.15450481,20.53903603,20.61567342,0,19.37506036,0,0,0,20.80776341,20.17965648,0,0,0,20.52337068,19.96678022,19.63493607,21.37803047,21.48109168,21.65637464,20.72592798,21.92193125,21.48555241,21.49675862,19.96273591,21.70552466,21.31642474,20.89178094,20.69330324,20.81242864,0,21.71765183,20.46164451,0,20.93064541,21.57796028,20.67874182,0,20.98580041,20.7364307,20.32647966,21.24955279,>>DiffResult,13.11824287,10.11125069,21.31303524,16.82303293,16.69472556,11.20178455,0.063084329,0.886475655,0.136745819,0.050988817,0.771858055,0.918508669,0.64277559,0.999999886,0.904850352,0.835390072,0.468400827,0.122500965,NO
CPE-N139-H6N3S1,22.50187084,25.21853024,23.66588028,23.02073559,23.48702842,23.81128816,22.16789089,22.92087393,22.89422871,23.69030492,23.5735365,22.33861281,23.35039511,22.63109526,23.56296405,25.05564843,24.02951153,22.88309268,22.99446096,21.82720183,22.99512103,23.13691981,23.40474101,23.27370456,24.11383054,22.19681893,22.92843671,23.25198979,23.01760107,23.46595152,23.1173014,23.59981207,23.19592046,23.5008498,23.43288204,23.79195942,23.61966322,21.35698204,22.44523478,22.41667246,24.09912409,23.52041296,23.72423997,25.54416206,25.2657529,22.66820551,21.51920528,22.64934802,22.9970562,23.19993915,23.92475501,22.41940655,22.25226899,22.55746362,22.97083932,>>DiffResult,23.28125756,23.1785115,23.04772777,24.4307384,22.71584876,1.714889633,0.003427444,0.012821238,0.929398112,0.995048626,0.860998984,0.028735969,0.030018521,0.001158829,0.99660216,0.311876373,0.647749562,0.013311235,YES
CPE-N390-H5N2,23.30864706,22.61299872,23.08063551,22.87496681,23.07550416,22.19183522,21.86331217,22.67422319,22.59159254,23.19074987,23.03019202,20.18306272,22.3724246,22.16866956,22.79825113,23.10977352,23.79754743,22.55868032,23.04409687,21.71644088,23.22038114,22.67920987,22.13086386,21.86446499,22.46121366,20.82972945,21.8522815,21.91975814,22.38795977,23.14157044,22.83455804,22.77864841,22.14601599,0,23.54494278,22.83415312,25.60770738,21.8146398,23.49656434,22.76703878,22.92058028,22.71759915,21.67459604,24.90140219,23.07948923,21.4035717,21.79926976,23.00058806,22.21262544,22.12355876,23.06599107,0,22.48817804,22.63298675,22.99700121,>>DiffResult,22.61218022,22.24874328,20.78242686,23.05873338,20.17237708,2.886356302,0.545663961,0.87744792,0.818270156,0.944382631,0.99791409,0.999606016,0.997142991,0.751686497,0.999520859,0.609255009,0.827451453,0.61631031,NO
CPE-N390-H5N4F2,21.81502719,21.2051545,22.87419952,21.96857192,22.075872,20.94068018,21.47749237,22.46372494,0,0,22.35644281,0,0,0,22.3541201,22.02388008,21.5452777,21.85181809,22.33501521,0,20.5217061,0,0,21.81082494,21.04762188,0,0,0,20.69862958,23.67241369,23.71561092,23.00838125,0,22.75173882,23.64561763,22.44030716,23.81265583,24.57101837,23.73961765,23.01168407,22.56437962,22.33806091,22.04310414,23.04539721,22.16868876,21.28176741,0,22.21069207,21.7420568,24.26572924,22.67883172,21.46955595,22.21356622,0,22.27897659,>>DiffResult,15.36436383,10.77511962,21.06966317,22.43192613,17.8141176,11.65680651,0.094805493,0.998920616,0.533050933,0.124474812,0.938557227,0.572773576,0.180206046,0.899438601,0.722214364,0.962470637,0.466996309,0.166158352,NO
CPE-N390-H5N4F3,20.92780053,0,0,0,0,0,0,0,0,0,0,0,0,0,0,0,0,19.90280472,0,0,0,0,0,0,0,0,0,0,0,0,0,21.65550441,0,21.74364723,22.76612404,21.90127433,21.7350197,20.90910596,21.92154113,0,0,0,0,0,0,0,0,22.20174839,0,0,21.76103086,0,21.51424142,24.57343465,21.49272804,>>DiffResult,2.041530262,0,15.26322168,0,11.15431834,15.26322168,3.70E-05,0.006343968,0.000515323,0.000517203,0.759383698,0.98417364,1,0.080398241,0.9598169,0.029743567,0.018362916,0.000419908,YES
CPQ-N179-H5N4F3,21.29610679,0,0,21.36229525,21.57769017,20.68333523,0,21.68580557,0,0,21.28615603,20.79489718,0,0,21.34904208,0,0,0,0,19.10763313,0,0,22.55970135,0,0,0,0,0,20.23937024,0,21.14477266,21.52718102,0,0,22.13264932,0,21.80060992,19.78700601,0,0,22.05395413,22.78571352,22.36319831,0,21.97670644,0,20.51079832,0,0,0,0,0,0,0,0,>>DiffResult,9.457148072,4.27990716,10.63922189,17.83591448,2.051079832,15.78483465,0.035222094,0.670592463,0.997919526,0.601822593,0.304187244,0.441157448,0.103271188,0.039067044,0.656229374,0.308305833,0.986337833,0.079950734,NO
CPZ-N57-H5N4F2,20.83470082,0,21.95305103,0,21.55161388,0,0,0,0,22.76674802,0,0,0,0,21.08872366,0,0,0,0,0,0,0,21.27388364,0,0,0,0,21.16614066,0,0,21.06349506,0,0,0,0,0,25.0895731,0,21.3592049,21.77136371,21.61451767,21.86677102,21.4656816,22.98451511,22.8231047,0,0,0,23.91991851,0,0,0,0,0,0,>>DiffResult,5.409741871,4.24400243,8.928363676,22.15091802,2.391991851,19.75892617,0.003369861,0.07946322,0.858119758,0.783180792,0.507931015,0.005383251,0.006925152,0.002294197,0.997405636,0.913438825,0.991137044,0.013219355,YES
CPZ-N57-H5N4F3,24.78894222,25.07977085,25.64582944,24.58648409,25.35686277,24.73323672,22.18141702,25.64423014,24.71301012,25.59393601,24.45214473,22.17807196,24.52475067,24.43720329,24.67795444,25.54737293,25.26794897,24.297453,23.69717266,21.54113243,24.70736737,24.67322272,25.22519378,24.51954871,24.97289695,21.45910381,24.06627658,23.65434372,23.78816058,23.28772001,24.98436997,24.5151076,21.65801414,23.90540997,25.39121223,24.85048238,24.95999618,23.60126003,25.02537371,25.48987988,25.04469015,25.39590571,25.40391256,26.15372121,25.86001604,0,0,24.24969139,25.39953643,23.26341509,22.73644574,23.60266934,25.32328868,24.87685002,24.79655588,>>DiffResult,24.44724622,24.03538342,24.43811061,25.57164914,19.42484526,6.146803879,0.040360606,0.990297224,1,0.999620795,0.105521752,0.986728183,0.970008867,0.104884143,0.999268464,0.042171382,0.160452426,0.088354961,NO
CPZ-N57-H5N4F4,24.29418667,21.73726886,23.35843275,24.28440874,23.68960652,24.93495503,21.95430679,23.2172678,24.7772573,25.28402799,24.59467668,20.63995608,24.94458945,24.11980027,24.66640498,23.54646873,25.30270195,24.45978307,23.5870389,0,24.90797771,24.89931611,24.48671334,23.77857999,25.03337457,23.35197157,24.16946524,22.99859957,24.03330644,23.54920265,24.42712849,24.55208292,22.38337911,24.43819104,25.25770145,24.8830534,24.83114641,23.511808,24.88307134,23.66813256,23.69111165,22.44383622,22.45438398,24.57993935,24.51098615,21.33762747,0,23.32426663,23.32689143,22.95043643,22.50843283,22.33758932,25.36864392,24.80467204,25.32783999,>>DiffResult,22.66965693,24.12085072,24.28356947,23.53605147,21.12864,3.154929467,0.549435333,0.998372979,0.899421446,0.999991449,0.563512312,0.995880099,0.999380426,0.880542528,0.929410063,0.913625759,0.612671925,0.618776402,NO
CPZ-N57-H5N4F5,23.70316596,24.20839328,22.5377806,23.23952168,22.66201078,24.07748859,20.99701341,22.29739686,24.31015918,24.13614392,23.92368414,21.66801206,24.75898688,23.2133646,23.91440954,22.88294386,24.36518044,23.97664149,22.98548952,0,24.24150913,23.96108037,23.63527208,22.99407453,24.32124746,22.90840879,23.28806202,22.07361103,22.94431526,22.31653922,23.43105924,23.6241197,21.87908531,23.95113141,24.40739124,23.85384906,24.10818051,22.58596257,24.07016468,22.85190339,22.59834273,21.71537299,21.20658001,23.92146841,23.41455331,0,0,22.46166664,22.37920674,0,21.38841113,19.62017907,24.23541092,21.56750023,24.43429324,>>DiffResult,22.19288934,23.26841199,23.47628471,22.57126349,15.6086668,7.867617913,0.016569004,0.998383746,0.976953607,0.999989475,0.02543029,0.999926467,0.999421032,0.182950005,0.988055363,0.03331096,0.031452316,0.04497006,YES
CPZ-N57-H6N5F3,0,0,22.62523631,0,22.27956069,0,20.60995402,0,0,0,0,0,0,0,20.74899207,21.22305848,0,0,0,0,0,0,21.42382338,0,0,0,0,21.64525888,0,0,0,0,0,0,20.72529632,0,0,0,20.60172322,21.14153493,22.18035491,22.74955334,22.67326525,22.78023031,22.03392058,0,0,0,20.97850153,0,0,21.17390661,0,0,0,>>DiffResult,5.374340078,4.306908226,6.246855447,22.48346488,4.215240814,18.26822407,0.00472732,0.015830204,0.999125135,0.988934106,0.986834118,0.003695696,0.005192656,0.004916291,0.998070108,0.997338908,0.999999938,0.016645292,YES
CPZ-N57-H6N5F4,23.37459746,23.67151369,25.13118095,23.17133184,25.16208631,23.67779565,23.27636035,24.86664646,23.7545731,23.8213386,23.25038975,22.92928559,23.26508476,23.07856876,23.67042088,24.85266293,23.86117383,22.75736579,22.64874068,0,22.88075268,22.88543448,24.34864005,23.71453055,23.07601086,21.17987122,22.0865713,22.77843736,22.37139736,21.36793863,24.17472904,23.29051576,22.54917073,22.10382565,24.23556501,23.7663595,23.94059713,21.73404105,23.77208177,24.11110012,25.02306331,25.15758823,25.31316519,25.17555913,0,0,0,22.94887941,24.45511782,22.39154052,22.80255285,23.68467426,24.13580053,22.9145477,24.10575347,>>DiffResult,22.51105587,22.66895845,23.36779857,20.13387517,18.74388666,4.623911918,0.438365556,0.877575699,0.996514659,0.999104408,0.4699533,0.940373941,0.945667374,0.994080692,0.999995727,0.530867336,0.627014348,0.52721125,NO
CPZ-N57-H6N5F6,23.35537293,23.95649759,22.59784218,0,22.73801534,24.22530095,0,22.18094266,24.06990568,23.77809347,23.7672805,21.27059767,24.23103894,23.2937256,23.81728085,22.7262584,24.0951626,23.4651058,22.99861782,0,23.49125861,23.52986768,23.29261659,22.68445779,23.41336574,22.37218025,22.67938392,21.55263885,22.67618672,22.26050476,23.56661461,23.30749211,21.0479522,22.91920451,24.43871651,24.00652596,23.96732768,22.55144127,23.60456858,0,23.00169856,21.76294983,22.00062943,23.80700472,23.39080309,22.35546857,0,23.87419023,0,22.62177025,23.18752729,21.56831436,24.65829324,23.15176986,24.5741968,>>DiffResult,19.82835195,22.79524609,20.94098434,22.79261713,18.59915306,4.19609303,0.689297504,0.990975447,0.995158488,0.980594853,0.954846074,0.930574323,1,0.84123797,0.840966236,0.992904214,0.716562344,0.729220618,NO
CPZ-N57-H6N5F7,22.65005511,22.94277957,21.37704625,0,21.95021768,23.09747686,0,0,23.60854336,22.69974708,22.89960342,0,23.8052318,22.30179285,22.8972538,21.88710317,22.97113796,0,22.35154937,0,22.78817247,22.64968638,22.40444034,21.94966649,22.51527212,21.63015172,21.837745,20.49423362,21.88940209,21.40100884,22.86349223,22.54073344,0,0,23.45229996,23.02171541,23.07709502,21.25381683,22.75726384,0,21.89079745,20.54180037,20.62062791,22.86138582,22.42242951,0,0,22.84762923,0,21.85132116,0,0,23.74086181,22.07843326,23.4714138,>>DiffResult,15.87197691,21.95597791,15.89664167,21.66740821,11.39896593,10.55701198,0.121556098,0.804119891,1,0.618884743,0.829304024,0.743619897,0.999997822,0.298954534,0.47683227,0.74611959,0.113701845,0.1984624,NO
CPZ-N57-H7N6F5,0,0,23.01907387,0,22.71190713,21.20003542,0,22.57280266,0,0,20.71069745,0,20.5402902,0,0,22.61342409,0,0,0,0,0,0,21.80141198,0,0,0,0,0,0,0,22.01953557,0,0,0,21.87365521,0,0,0,0,0,22.75257413,23.11845399,23.45064706,23.02436945,22.67676583,0,0,0,0,0,0,0,21.33798319,0,0,>>DiffResult,7.668411541,2.180141198,4.389319078,23.00456209,2.133798319,20.87076377,0.000531577,0.0025653,0.86676774,0.97927809,0.977632815,0.007949722,0.000595143,0.000576694,0.488526815,0.4800679,0.999999995,0.003219761,YES
CPZ-N57-H8N7,22.97170201,23.69098314,0,0,22.73761642,23.97294936,0,22.19842266,23.4376997,0,23.38539116,0,23.57419126,23.07753269,23.64438756,0,0,22.79316108,22.65088488,0,0,0,0,0,0,0,0,0,0,0,23.44147324,22.97893919,0,0,24.24703842,23.725136,23.70009741,0,23.31100302,0,23.42515057,22.48553464,22.71059958,23.67619005,23.38478038,0,0,0,0,22.34496088,0,0,0,0,21.3859975,>>DiffResult,13.9067461,0,14.14036873,23.13645105,4.373095838,23.13645105,0.000139457,0.444857954,0.999996449,0.016093555,0.176245288,0.326782435,0.000588148,0.007472199,0.00453043,0.09715366,0.849334831,0.001164463,YES
CTSC-N119-H5N2,20.48188611,21.5444808,21.71807242,21.00664482,21.30070332,0,20.16399475,21.11919489,20.94123862,0,20.6395968,0,21.02368323,20.46014373,21.2765987,20.96721204,0,20.71256886,20.57073085,20.29605147,21.03481533,20.80424464,20.77151522,0,21.09823579,20.32533847,21.23567769,21.152916,19.96329434,21.01019279,21.12847526,21.425381,21.47713572,0,21.58487337,21.0773953,21.68472987,20.53335372,20.58922477,21.12295181,21.3911001,21.64129708,21.48434038,21.70999865,21.29867948,20.77214537,21.42813199,0,0,20.92591768,21.25594728,0,21.09250707,20.71477113,21.84489544,>>DiffResult,16.71114007,18.73962303,19.06235208,21.50508313,14.8034316,6.701651539,0.521291374,0.97975615,0.938982132,0.999983826,0.74994194,0.745273894,0.968157344,0.538948996,0.963675419,0.970881279,0.799810759,0.598027101,NO
CTSC-N119-H7N2,21.19932733,20.60749204,19.63192957,0,0,19.94288612,0,0,20.9764564,20.98635221,0,0,0,0,20.69307263,0,20.87276881,20.24903448,19.78603426,0,0,0,21.18825876,20.56252753,21.24937286,19.6565023,21.05597093,0,0,20.25522881,0,20.17972757,19.45110296,0,21.26630332,0,20.70197401,0,0,0,20.65214147,0,0,21.65512348,21.4624827,0,0,0,0,19.78296282,20.90695078,0,20.90110431,20.4988637,22.19158886,>>DiffResult,10.24726769,12.39678612,8.159910786,12.75394953,10.42814705,4.594038744,0.905423179,0.934867907,0.986800381,0.902044633,0.989499493,0.989950813,0.999996799,0.994667901,0.985267,0.999999157,0.993877365,0.914813912,NO
CTSC-N53-H5N4F2,0,0,0,0,0,0,0,0,0,19.2485692,0,0,18.76629585,0,0,0,0,0,0,0,19.30773021,18.5647523,20.14458343,0,0,0,0,21.1464575,0,0,19.52016775,0,19.06090061,0,0,0,19.82128196,0,0,19.50798937,0,20.66799518,19.71279331,0,20.033009,0,0,19.49432134,0,0,0,0,0,18.78343046,20.92033553,>>DiffResult,1.900743253,7.916352344,7.791033969,12.0827595,5.919808733,10.18201624,0.121532155,0.89652878,0.418504572,0.99999975,0.988918912,0.151865267,0.906090078,0.699295202,0.397054832,0.757875318,0.985861417,0.1984624,NO
CTSC-N53-H5N4F3,21.03439846,21.23720242,20.90123971,20.95275856,21.79450729,20.87610232,20.41008675,21.96482438,0,21.10159007,0,20.86410401,0,20.68221533,19.73789406,21.83249323,20.96996166,20.45909646,0,20.10846038,21.04815351,20.32153923,21.74462573,20.45236586,21.5146877,19.71465549,21.52972721,21.24030011,20.5277992,20.62114472,22.10833296,21.49864563,21.60059052,0,23.58946879,0,21.92684125,20.12771796,20.92278475,21.82740226,21.7341649,22.54246648,21.93363247,22.41024084,22.01903164,20.76535447,20.6099258,21.04863447,20.79190986,21.48323397,21.19881635,20.29048119,21.3848171,20.90788099,22.72939074,>>DiffResult,16.74634676,20.87149988,17.36017841,22.12790727,21.12104449,5.381560511,0.22387146,0.680583906,0.999237646,0.756941196,0.707678419,0.484940868,0.996758722,0.998634006,0.495438732,0.436014309,0.999987986,0.313420045,NO
CTSC-N53-H5N4F4,20.3453231,20.97287869,19.19776817,20.30982597,20.0572864,20.07831492,0,19.39523886,20.74227038,20.242546,20.38026609,19.11353496,21.32477111,20.06271216,20.8870303,20.07887652,20.25905789,0,0,19.04748695,20.29617584,19.9945194,20.28350413,19.59980637,20.86893324,19.84234518,20.64915927,19.04172441,20.11854014,20.39762129,20.31484524,20.03212128,18.65330015,19.87850934,22.43262978,20.46813627,20.43756497,19.46222083,19.41182601,19.47551199,19.39585113,19.10729966,18.60164973,20.72925354,20.30003636,20.13337239,20.85236748,21.02444922,19.94535722,21.11541262,20.86773455,0,21.01779848,20.26042133,22.06882211,>>DiffResult,17.12475942,20.10923293,20.05666659,19.62681808,18.72857354,2.984473504,0.534177723,0.999894795,0.626796892,0.999999947,0.981252411,0.884142189,0.999833561,0.998064519,0.610908718,0.938280922,0.978364276,0.606862113,NO
CTSC-N53-H5N4F5,18.85882547,0,0,0,18.44075268,18.55077881,0,0,19.19079026,0,18.73709883,0,20.25462977,18.12818456,19.3822999,18.32961458,18.22939099,0,0,0,18.69673195,0,0,0,0,18.54589122,18.58705348,0,0,18.59687814,17.91233881,0,0,0,20.24641185,0,0,0,0,0,0,0,0,0,0,0,0,19.2123275,0,19.27399354,19.0736853,0,18.98259617,18.34001471,20.13799472,>>DiffResult,9.405118293,7.442655479,3.815875066,0,11.50206119,11.50206119,0.109783359,0.937489823,0.505028264,0.896078821,0.328474035,0.242956966,0.563774538,0.153519895,0.979977655,0.974461044,0.851504517,0.183076671,NO
CTSC-N53-H6N5F4,17.68665037,0,18.39687613,0,19.2148547,17.67819421,18.4981924,19.960563,0,0,0,0,0,0,0,19.67507732,0,0,0,0,0,0,18.98117354,0,0,0,0,0,0,0,19.98777551,19.03529362,20.47761901,18.7037886,20.89328695,19.25530789,19.50878032,0,0,19.23316955,19.59174648,20.36019919,19.8039436,0,0,0,0,0,0,0,0,0,0,0,0,>>DiffResult,6.555520406,1.898117354,15.70950214,11.95117785,0,15.70950214,0.000203231,0.90202174,0.029503324,0.002048252,0.000357167,0.638130125,0.143373495,0.052939248,0.537884193,0.205270811,0.981956745,0.001573357,YES
CTSF-N367-H5N4F3,21.11368326,0,22.19671639,0,22.08281646,21.0111579,19.25183919,22.6367607,0,0,20.75984629,20.3872131,0,0,0,22.38711407,20.99384272,0,19.83865776,18.64121001,0,0,0,0,20.61293032,0,20.39986091,0,0,0,0,20.9246479,20.56565722,0,0,0,0,19.03896021,0,21.30224306,20.66579143,22.09344965,22.52163251,21.29407763,0,0,0,0,0,0,0,0,0,20.31918315,0,>>DiffResult,12.56504289,4.101279123,8.183150839,17.31499025,2.031918315,15.28307193,0.011015475,0.415164957,0.759333037,0.872967342,0.604261221,0.856034367,0.100450759,0.039559595,0.16503073,0.047529224,0.988404455,0.033274136,YES
CTSH-N101-H4N3F2,19.78322426,0,20.13864407,19.82103466,20.4215906,19.3804447,0,19.5985474,19.42601584,19.06290093,19.35544182,0,19.05663315,0,20.02549186,20.33344656,20.11427035,18.855518,18.45034554,0,19.20557328,19.07942416,20.16534312,18.71556252,20.08956678,18.21454258,18.98080591,17.85847807,18.66359516,18.28530241,19.66626752,19.37104786,19.4334313,19.1375279,20.60306708,19.37029274,20.0460764,0,19.32884086,19.90165169,20.16533561,20.1990338,20.53537185,20.50019023,19.84186738,0,0,19.69503035,19.14184698,19.91101756,19.85892582,19.2199703,20.11970453,19.24087197,20.53862502,>>DiffResult,14.69117749,18.9258194,17.68582033,20.24835978,15.77259925,5.557182289,0.370828783,0.961486985,0.7999876,0.994516965,0.972093098,0.506307382,0.996785851,0.765893904,0.522529455,0.994367372,0.848149981,0.464131528,NO
CTSH-N101-H5N4F2,21.55894603,20.72115957,22.69451386,21.54708885,22.42246179,21.55475812,19.63488987,21.57754804,21.52347228,21.48590807,21.37704994,19.64010588,20.97033597,20.47830579,22.22202428,22.0367705,22.11674748,20.84286251,20.83036247,0,21.31863041,21.06835004,22.35018728,21.26953388,21.96271092,20.09767085,21.03831835,21.34271867,20.92856134,20.33427976,21.87853759,21.80051438,21.29075614,20.97196083,22.33400718,21.4887593,22.0508531,19.00123688,21.48072739,22.00983902,22.60934784,22.92871804,22.79840224,22.89408761,22.70413363,20.35090593,20.24730672,21.29804193,17.9283138,21.84570294,21.62924618,21.51453693,18.56360219,20.5102284,21.89518538,>>DiffResult,20.26176556,21.17109615,21.43071918,22.78693787,20.57830704,2.525172308,0.528331547,0.928119865,0.862870626,0.999707508,0.971369641,0.47951507,0.872352425,0.686558201,0.940067865,0.998870881,0.992622323,0.602723651,NO
CTSH-N101-H5N4F2+174.05,0,0,0,0,0,0,0,0,0,0,0,0,20.08806987,0,0,0,21.15106482,20.14741836,19.06778027,0,0,20.80026488,0,20.71785202,0,0,20.94995154,0,0,0,0,0,0,0,0,0,21.05300043,0,20.46985772,21.15514068,0,0,0,0,0,22.08648227,21.34684023,22.13812357,22.28236641,0,0,22.40208127,22.37886304,0,0,>>DiffResult,4.022716666,6.246806845,6.267799883,0,13.26347568,13.26347568,0.073077369,0.731570337,0.97031691,1,0.450909542,0.907286914,0.733979846,0.083440663,0.971310656,0.090960133,0.447862856,0.13445944,NO
CTSH-N101-H5N4F3,23.77075562,23.25294826,24.2629321,23.80526414,24.63033839,23.45386056,22.29471798,23.96786629,23.53693754,23.47247099,23.33009746,22.70651421,23.21295118,22.82019489,24.17228839,24.65670917,24.20297412,23.12155038,22.85712188,22.13624822,23.65316676,23.66353623,24.38932609,23.58549353,24.16038215,22.63103358,23.15208975,22.65784876,23.14097479,22.73755602,24.0708916,23.75857235,23.64222413,23.41103325,24.71168064,23.68678123,24.29158142,21.73653031,23.71365521,20.10058269,24.59106967,24.69758816,24.97943457,24.68701366,24.17295695,23.12777559,22.87756708,23.7256275,23.31435998,23.78044407,23.74113031,23.26283932,24.09532111,23.21488404,24.44702419,>>DiffResult,23.48323709,23.37714077,23.31235328,24.6256126,23.55869732,1.313259319,0.047348489,0.034696778,0.981725111,0.999757474,0.959069321,0.049205046,0.05001031,0.127262725,0.997025784,0.999216853,0.986602704,0.09883997,NO
CTSH-N101-H5N4F4,23.31507846,23.03391339,22.5312396,23.37440985,22.86603228,23.25456386,21.04111011,22.33075997,23.34663521,22.88456121,23.37164475,21.3804347,23.48637059,22.39606436,23.84435825,23.06597885,24.22378294,22.99165041,22.84269194,21.7557696,23.32408474,23.46654386,23.27586974,22.58139058,24.18074841,22.7389638,22.96981387,21.85021169,22.98002995,22.49141207,23.17269923,23.21481046,21.98917546,23.34242772,24.34446639,23.21985946,23.52575239,21.62377096,23.21156772,22.72762612,22.4080848,22.07811125,22.46033759,23.03344726,22.50066075,23.09477142,22.65766866,23.70822408,22.44800929,23.41995537,23.45743161,21.72270329,23.93137766,22.98470693,24.30449501,>>DiffResult,22.86685252,22.98590687,23.03721559,22.49612833,23.17293433,0.676806003,0.513509904,0.656026142,0.973627861,0.999855524,0.993435397,0.844892604,0.733881331,0.443163847,0.993105021,0.812169038,0.978080746,0.592005007,NO
CTSH-N101-H5N4F5,22.17735979,21.91303944,21.40737201,22.19038602,21.73807125,22.08311007,19.75102619,21.19694531,22.51675613,21.61674242,22.27543464,19.94008807,22.78116784,21.26473626,22.63926587,21.85495562,22.99064056,22.39458025,21.91723296,20.51834997,22.31302346,22.32932452,22.16117262,21.34882154,22.8461074,21.80929829,22.06049994,20.59369646,21.91646945,21.3839097,21.9543676,22.1616092,20.59085717,22.72273371,23.15172077,22.05161045,22.50907973,20.60647023,22.12175912,21.53125168,20.76418542,20.20927135,20.47297774,21.90135065,21.29293084,21.86074392,21.68932619,22.71330568,21.30097522,22.20091508,22.45704496,20.54171422,22.79925152,21.76408675,23.05330948,>>DiffResult,21.75836303,21.87623234,21.94014597,20.9281432,22.0380673,1.109924105,0.137006515,0.155347906,0.976032057,0.999759209,0.998701857,0.242295378,0.206258655,0.096791447,0.995322278,0.892816547,0.990925177,0.217609533,NO
CTSH-N101-H5N4S1F2,19.19666492,0,0,0,20.7081596,19.08284635,0,0,0,20.04988726,0,0,19.55866276,0,19.71784948,20.73802373,0,0,20.51893037,0,0,0,19.73647793,0,0,0,19.69983359,0,0,0,21.20256003,0,0,19.97254775,21.9716293,20.66798032,21.40814134,0,20.46376569,0,0,0,20.16084023,0,0,0,0,0,0,0,0,0,0,0,0,>>DiffResult,7.978551224,3.943631152,12.56866244,4.032168045,0,12.56866244,0.028486727,0.407229651,0.668402393,0.204346493,0.020625599,0.898576495,0.999999974,0.919436728,0.764159671,0.153198634,0.855703263,0.068039828,NO
CTSH-N101-H6N5F4,19.70489177,0,20.58633529,19.79582619,20.87419292,19.90698126,18.51865346,20.52025929,0,0,19.88753011,18.94088481,0,0,19.85424981,21.44775397,20.1756088,19.27348798,19.15973313,0,19.17963,19.61895742,20.46677072,19.20653511,0,0,18.93157225,0,19.54742026,18.93696929,20.23140646,20.36768437,19.75739438,19.48929466,21.20442231,20.1700799,20.56025055,0,19.9625519,20.60971794,21.22102994,21.39110805,21.67904437,0,0,0,0,19.83620591,19.66841845,20.21807115,19.67409614,19.77275851,20.06186946,19.63199219,20.21701227,>>DiffResult,13.93231944,13.5887855,18.23528025,12.85823647,15.90804241,5.377043773,0.697104589,0.80840061,0.728852973,0.774472056,0.977387051,0.999246172,0.999885964,0.971053143,0.999977557,0.978983592,0.97767058,0.736147484,NO
CTSH-N101-H8N7,19.59962789,0,18.64783003,19.43261345,0,20.20159944,0,0,0,18.97667147,19.87747079,0,19.28736179,0,19.96391252,19.55191928,20.15330349,0,19.47000772,0,0,19.48366203,19.45156274,0,20.25167622,0,18.51343405,0,19.23324964,0,0,19.94616586,0,19.16801423,20.86343133,19.88452399,0,0,19.53271346,18.70908329,19.07659804,18.31259243,19.11060042,0,0,0,0,19.27495256,0,19.65434218,19.23828597,0,19.96536632,18.75148191,19.78690183,>>DiffResult,10.75811589,9.693358468,11.81039322,11.29995818,11.66713308,2.117034749,0.990105899,0.999983021,0.99881198,0.989823729,0.999999762,0.999969001,0.998395741,0.999995444,0.998755684,0.999332299,0.992201324,0.990105899,NO
CTSL-N221-H6N4+321.98,0,0,0,24.52373462,24.42797383,24.77142668,0,21.96070267,0,0,24.78328424,0,0,23.93391769,24.63415359,25.11027476,0,0,0,0,0,24.19144692,0,23.83585102,0,0,24.78049542,23.85216879,21.59170258,24.49088212,24.214509,0,0,24.22966582,0,24.22268242,21.69816979,0,24.53662244,0,23.94485212,24.72680415,0,24.5000401,0,0,0,0,0,0,0,0,0,0,0,>>DiffResult,9.707273404,14.27425468,11.89016495,14.63433927,0,14.63433927,0.046786169,0.991614844,0.986914476,0.989389793,0.142790249,0.904493324,0.99999726,0.139417784,0.831765402,0.186656166,0.049217246,0.098368761,NO
EFEMP2-N198-H5N4F2,19.60656408,0,20.83614728,0,19.9820103,19.78425021,18.88696735,19.6344156,19.40536025,20.01716123,19.8411732,0,18.95378553,0,20.2966389,19.98802583,0,0,0,0,19.44984694,19.07518796,20.41855837,0,19.81882211,0,19.37965345,20.58401879,18.7460246,0,19.3200033,19.6570404,0,0,20.12064539,0,19.51052372,0,19.11644525,19.74304853,20.06862624,21.09861012,20.32853159,0,0,0,19.24343972,19.61248603,19.37232065,0,0,19.70222729,19.09599806,0,20.04668413,>>DiffResult,11.86162499,13.74721122,11.74677066,12.29915359,11.70731559,2.039895634,0.989109404,0.999976052,0.99999982,0.991564458,0.999999999,0.999986409,0.998902235,0.999968465,0.988374479,0.999999414,0.99091461,0.989956244,NO
EFEMP2-N198-H5N4F3,20.57192736,20.45796503,21.32323233,20.54536138,21.50026144,20.38002619,19.63107702,21.26456702,20.38158431,20.69593775,20.87124002,19.77028206,0,19.79131375,21.158567,21.64087574,21.28364406,19.91545026,19.6965881,19.50468572,20.3490876,19.95077682,21.44455472,20.02989555,20.92746154,18.84951703,19.99428284,20.71206779,19.34143539,19.48201276,20.93553659,20.94282041,20.17179868,20.38339067,21.44000216,20.41376061,21.06088461,19.05212824,20.6270249,21.34958345,21.95202024,22.48179045,22.20053179,21.40866732,20.5947538,20.72902688,20.45164797,20.78728078,20.68466211,21.36862381,20.81931586,20.80958042,20.79669216,20.92981323,22.02647401,>>DiffResult,19.51922933,20.1081092,20.63769303,21.72755272,20.94031172,2.20832339,0.514894577,0.959091811,0.857550651,0.99405353,0.999329742,0.556165858,0.846825025,0.98758432,0.984671081,0.715952524,0.967811301,0.593016512,NO
EFEMP2-N198-H5N4F4,19.90861114,0,0,19.73853089,19.55566434,20.05439399,0,0,19.80832179,19.92365963,20.7403094,0,20.03448284,19.06621658,20.22484924,0,20.57131502,0,19.3478474,0,19.7772997,19.32576627,19.40918304,17.9408292,0,18.73276203,19.37298365,0,0,18.85085905,19.73267933,19.97809648,0,20.40489566,20.72063229,19.54123792,20.17574859,18.54537575,19.68298891,18.86781659,19.37799375,0,0,0,0,20.53719027,20.25525632,20.5310497,19.26473128,20.59644028,20.2446007,18.62741622,20.45557614,20.28537599,21.35329973,>>DiffResult,11.94871011,13.34096829,17.76494715,3.875598751,20.21509366,16.33949491,0.004967368,0.024771994,0.362872238,0.744501364,0.961693529,0.291443867,0.229031295,0.005345204,0.991953165,0.082874284,0.339555957,0.017385786,YES
FAM3B-N120-H5N4F3,0,0,22.25077733,0,0,0,0,0,0,0,0,0,0,0,0,0,0,0,0,0,0,0,0,0,0,0,0,0,0,0,0,0,0,0,0,0,0,0,0,0,22.16226291,0,22.68589898,21.48843913,0,0,0,0,0,0,0,0,0,0,0,>>DiffResult,1.112538866,0,0,13.2673202,0,13.2673202,1.47E-05,2.83E-05,0.970439439,1,1,2.65E-05,2.83E-05,2.83E-05,0.970439439,0.970439439,1,0.000214333,YES
FAM3D-N107-H5N4F3,21.63184215,0,0,0,0,0,0,0,0,0,0,0,0,0,0,23.11256195,0,0,20.31389541,0,0,0,22.03316637,0,0,0,21.22744909,0,0,0,0,0,0,0,20.61708213,0,0,0,0,22.45242885,0,23.99648423,0,23.49839913,23.50904314,0,0,0,0,0,0,21.63688978,20.72583309,20.16113685,0,>>DiffResult,3.252914976,4.326061546,4.306951098,14.2007853,6.252385972,10.94787032,0.221747985,0.30422326,0.998311971,1,0.989692347,0.141730358,0.306098719,0.524273951,0.998189046,0.917783076,0.990070308,0.310819418,NO
FAM3D-N107-H5N4F4,21.61907869,0,0,0,0,0,0,0,0,0,0,0,0,0,21.90452465,21.34878164,0,20.84270873,0,0,0,20.14284896,21.2198346,0,0,20.50705246,21.41650438,0,21.02493411,20.79674539,20.9022643,0,0,0,0,0,0,0,0,20.90141809,0,22.4309782,18.94031588,22.4858125,22.64907148,20.05439491,0,20.53926531,0,21.31783699,21.52023133,0,21.09370558,20.74988156,21.3924514,>>DiffResult,4.285754685,12.51079199,4.180368238,17.30123561,14.66677671,13.12086737,0.00640038,0.102532547,0.999999842,0.300834944,0.115048771,0.062397995,0.887938417,0.98641941,0.184471339,0.051359353,0.986301712,0.021316364,YES
FAM3D-N107-H5N4F5,22.02673904,0,0,0,0,0,0,0,0,0,0,0,0,0,21.54173492,0,21.57882929,21.29967933,0,19.97229339,0,21.59786311,21.17169431,0,22.00874064,20.77985718,21.7356155,0,0,21.53061878,21.19591934,0,0,0,20.77807606,0,0,0,0,20.78470341,0,0,0,0,22.46169359,0,0,21.2329052,0,21.21197789,21.10364886,0,21.06891,0,21.89486437,>>DiffResult,5.320963799,12.88243895,6.275869881,4.492338719,10.65123063,8.390100233,0.289352267,0.99772952,0.999237526,0.605660767,0.874371467,0.99984187,0.572015577,0.807924378,0.329487255,0.667288595,0.988301119,0.379207175,NO
FN1-N1007-H3N3F1,19.70256895,0,0,0,0,0,0,0,20.51882812,0,19.49464792,0,0,0,19.67628082,20.86619039,0,0,0,0,20.02318557,19.60655669,23.46875535,0,0,0,0,22.24151483,0,0,20.14939983,20.84532102,19.93651689,0,16.96595729,0,20.92326682,0,20.95860609,21.46806648,0,0,0,0,0,0,20.37729414,19.68352047,0,22.5866269,20.30366505,19.56421035,0,20.76787444,0,>>DiffResult,5.01292581,8.534001244,14.12471344,0,12.32831914,14.12471344,0.02890755,0.065272788,0.11162682,0.681577075,0.993074518,0.827381976,0.478173634,0.139865547,0.872261214,0.285235811,0.897654128,0.06868481,NO
FN1-N1007-H3N4F1,20.12398612,18.71329452,0,0,0,0,0,0,20.33322023,0,0,0,0,0,0,0,0,0,0,0,0,0,21.83957877,0,20.10986102,20.13307063,21.06277128,21.44804009,19.95400009,0,0,20.84347845,20.24421472,0,20.70832282,0,21.05636093,0,0,21.27368791,0,0,19.87866509,0,0,0,20.34744911,0,19.57661667,21.93257609,0,0,0,20.33748534,19.99842261,>>DiffResult,2.958525044,12.45473219,10.41260648,3.975733019,10.21925498,9.496207145,0.057900673,0.727274278,0.265468703,0.988633007,0.999998975,0.999508642,0.48240774,0.748865812,0.087566991,0.290226895,0.984043039,0.11570237,NO
FN1-N1007-H4N2,24.80351208,23.7855998,23.39840561,23.6069941,23.94841757,22.82433269,21.86524158,23.47922376,24.77117042,24.77562258,24.33809522,21.39154645,22.87898255,22.83110665,23.29999095,24.35612249,23.57880026,23.33659041,22.79325456,22.21673736,24.1104913,23.95792396,25.30461978,23.44163316,24.02321519,23.46713949,24.88613566,23.32436172,23.25643075,24.07623288,23.98064095,24.10206657,23.1751133,23.69080127,24.81999066,23.17633211,24.72359743,22.16634887,24.87364229,25.16508045,23.98779837,24.3737938,24.37662688,24.09471979,23.59832184,22.59182714,23.74094719,23.42951365,23.5558241,24.48973846,23.09853934,22.81748013,23.15807486,24.04286483,24.11839621,>>DiffResult,23.41398735,23.98481839,23.98736139,24.08625214,23.50432059,0.672264784,0.173725236,0.999443324,0.374394876,0.999999999,0.675865377,0.472312515,0.999384608,0.68912753,0.378896324,0.998474988,0.680150585,0.259699234,NO
FN1-N1007-H4N2+163.04,21.29066283,0,0,0,0,0,0,0,0,0,0,0,0,0,0,0,0,0,0,0,21.03679061,0,0,0,0,0,22.39163133,0,0,0,0,21.10030913,0,0,0,0,0,0,0,0,0,28.74983632,0,21.08607013,20.85785889,0,0,0,0,0,0,0,0,0,0,>>DiffResult,1.064533142,4.342842193,2.110030913,14.13875307,0,14.13875307,0.003915291,0.017218329,0.994506798,0.946690049,0.956284584,0.002880291,0.078137333,0.003346667,0.722446572,0.994112747,0.609191149,0.014908713,YES
FN1-N1007-H4N2+190.04,0,0,0,0,0,0,0,0,0,0,0,0,0,0,0,0,0,0,0,0,25.84846151,26.28863207,0,0,0,0,26.69647145,25.83385867,25.30865643,25.72748965,0,0,0,23.67698029,0,0,25.54868065,0,25.70558895,0,0,0,0,0,0,0,0,0,26.23794158,0,0,0,0,0,0,>>DiffResult,0,15.57035698,7.493124988,0,2.623794158,15.57035698,0.000261139,0.489734071,0.16318601,0.2183093,0.697108106,1,0.01198964,0.979027097,0.00015354,0.92816393,0.010070652,0.001898118,YES
FN1-N1007-H4N2+190.05,0,0,0,0,0,0,25.41266723,0,0,0,0,22.45359168,24.37269757,0,0,0,25.05054439,0,0,25.42168781,0,0,0,25.41039434,0,0,0,0,0,25.69675819,0,0,26.49590161,0,0,0,0,25.59412385,0,26.21929859,0,0,0,0,0,24.67792628,26.9720384,26.60218929,0,26.57507315,0,0,26.05076821,26.6098637,0,>>DiffResult,6.135559434,5.110715253,7.830932405,0,15.7487859,15.7487859,0.099417383,0.714103901,0.995097357,0.982936679,0.526206547,0.813464924,0.921686955,0.097566107,0.999313583,0.198702341,0.235010663,0.171161887,NO
FN1-N1007-H4N3,0,19.10070862,20.09591933,0,20.5378948,0,0,21.1594955,20.11011844,23.10990682,0,0,0,21.92541086,0,0,0,0,0,0,0,0,20.49025347,0,19.49318193,0,0,0,23.65008826,0,0,0,0,0,19.77720021,0,0,0,23.70145575,24.49866142,20.55206748,20.78457292,0,0,22.14021191,0,0,0,0,21.09511882,0,25.33388048,0,0,0,>>DiffResult,7.301972719,6.363352366,6.797731739,12.69537046,4.64289993,8.052470534,0.725773381,0.839475783,0.999943385,0.999982401,0.990374921,0.83860413,0.801707709,0.625085072,0.999333234,0.964353305,0.995936129,0.760241113,NO
FN1-N1007-H4N3F1,25.20956637,24.70169315,24.52829164,23.78825278,24.89462387,23.84998568,22.22909084,24.66529861,24.37891763,25.26749175,24.71703059,20.11220194,23.07542623,23.59286148,24.44305769,25.19536856,23.9921581,24.00282601,23.42664121,23.35984808,24.5690974,24.61292645,26.10841144,24.43612271,24.97417339,25.03437977,24.17958138,25.83075757,24.17387652,23.9667941,24.77469291,25.32003623,24.20245809,23.64078722,25.80795962,24.65046836,25.60367765,22.16162824,25.55722402,25.73113863,24.5299464,25.4412651,25.49108657,24.70020403,24.73166192,23.62201143,23.94445014,23.98427534,23.87727359,25.2064551,23.33799694,24.29343728,23.87243722,24.32102323,24.1261888,>>DiffResult,23.97153161,24.78861207,24.7450071,24.9788328,24.05855491,1.007301192,0.059550061,0.991980843,0.254210414,0.999976086,0.515590125,0.24629612,0.996371786,0.424363833,0.206198739,0.999340186,0.453708901,0.118190188,NO
FN1-N1007-H4N3F2,25.54607989,25.03365925,24.36407801,24.33657637,24.65961198,23.44806414,22.72352563,25.39753174,24.89800269,25.22331277,24.99230415,21.20855571,24.81390097,24.44303131,24.44733867,25.65642071,24.11707776,24.4291749,24.01306986,22.96384182,24.629704,25.02457101,25.68050998,24.39079536,25.07571222,23.01955873,25.38286595,24.6723436,24.1939033,24.32390263,25.96278747,25.90425099,24.79895077,24.85041254,26.39191766,25.56172872,26.16431363,23.26727151,25.97972176,26.05767772,24.77920472,25.65736524,25.83989389,25.39906042,25.00240329,24.08330221,23.89854662,24.31230317,23.7851433,24.63511743,24.23047399,24.29631543,24.36658776,24.92382643,24.92074429,>>DiffResult,24.33575792,24.63938668,25.49390328,25.33558551,24.34523606,1.158145362,0.005680475,0.997172899,0.009070142,0.189626143,0.034152228,0.15495061,0.582465757,0.236323999,0.891573231,0.999999846,0.939717918,0.0193778,YES
FN1-N1007-H4N3F3,25.37383556,24.34245058,22.98738697,23.18292027,23.67478376,23.87188088,0,23.49715926,24.60346466,25.00902735,24.91638103,19.49126517,24.92816676,23.94373648,23.6571839,23.38515209,23.84474808,24.32726258,23.85069379,22.01704903,24.3300873,24.22400368,24.05402824,23.31747821,24.81761208,22.79206216,24.79570747,22.72262492,23.60183622,23.40017306,24.36193608,24.94419328,21.51922139,24.36794728,25.69694849,24.53066241,25.0260182,22.76558023,24.71685218,23.8930213,21.61471321,22.69866749,22.9725468,23.69133617,23.14634088,23.59619801,23.93268917,23.87754646,0,24.47836047,23.35953719,20.9471635,23.53447554,23.9229794,24.2064563,>>DiffResult,22.54522741,23.80556133,24.18223808,22.82472091,21.1855406,2.99669748,0.632912663,0.983837945,0.89412642,0.999756167,0.609906984,0.999952264,0.995293891,0.967727581,0.956478444,0.943239471,0.72079138,0.686340355,NO
FN1-N1007-H4N4F1,24.20617536,23.72028431,23.45101915,23.44045651,23.13800471,23.05513619,23.03173025,23.4770708,23.91130902,23.7732706,24.27127056,21.41855478,23.03245598,22.74360244,23.65758406,24.01151161,22.41555883,23.2951247,22.5396202,22.47328158,24.02275055,24.31341565,25.86214938,23.81418144,24.58637204,24.11387134,24.81304173,25.32018193,23.77037421,23.77123324,24.30365236,24.63954181,23.59025786,23.3902204,24.69424828,23.37675135,24.92486667,22.68922641,24.78174367,25.02973283,23.81520406,23.9467659,24.2160109,23.86165761,23.45083428,23.74144888,23.71185144,23.73831058,22.96505454,25.66767188,23.83704119,23.53585575,23.75760774,24.11581455,23.79092834,>>DiffResult,23.25315108,24.43875715,24.14202416,23.85809455,23.88615849,1.18560607,0.000653357,0.945553386,0.015394103,0.876022586,0.923675657,0.424790505,0.556685518,0.999993213,0.000560723,0.149952558,0.403314852,0.003762434,YES
FN1-N1007-H4N4F2,23.49847006,22.58740243,22.77833181,22.73034285,0,0,22.75789609,22.78237454,22.4864607,0,23.35516813,21.58465937,22.24206673,22.09376745,22.39637905,23.97039118,0,22.79891048,21.69759906,22.48676165,23.00500492,23.0564957,24.4847159,0,23.32543567,23.82434182,23.8378097,23.22934797,22.68393895,22.9356352,23.80556217,0,24.18365228,22.54258411,23.99353284,22.8487287,24.54068389,23.13083828,24.26773099,24.5738039,22.66747644,23.19026154,23.3852238,23.11399197,22.83117204,23.49430808,23.59336686,23.02861042,22.50809691,24.46001897,22.21122939,23.16842275,23.57680121,23.62021467,23.10517359,>>DiffResult,18.11234908,21.03827258,21.38871172,23.03762516,23.27662428,5.164275205,0.368242272,0.993706305,0.773450678,0.999968723,0.977558153,0.660942566,0.986923632,0.999996981,0.837274786,0.368757704,0.958480536,0.461388227,NO
FN1-N1007-H4N4F3,23.46103608,21.70572196,21.35468315,21.80311622,0,21.47590264,0,0,23.03783269,22.68422386,23.33246635,0,22.69543969,21.88694988,22.0116841,21.93354838,20.60958939,22.4318453,22.53252474,0,22.28745056,22.48479037,22.25518226,0,22.80828136,22.66111989,23.46413497,0,21.9693314,22.02847282,22.63873445,22.96400638,0,0,23.38263698,22.10903455,23.36968263,0,23.33162223,22.46163723,22.17865098,22.12274455,22.14891699,21.67645788,20.71169709,23.25487193,23.73141853,22.81391017,0,23.93463747,22.47593366,21.22720175,22.75931261,23.15418514,22.02571581,>>DiffResult,16.64782822,17.99587636,16.02573545,21.7676935,20.53771871,5.741958053,0.649899151,0.785850878,0.999785776,0.989016391,0.808328297,0.799865012,0.944105487,0.99919341,0.995534147,0.810850397,0.9717441,0.697641973,NO
FN1-N1007-H5N2,29.43913475,28.56467726,28.36616435,28.42997815,28.94823573,27.21820206,26.2686717,27.97694501,29.54787286,29.51998273,29.08019006,25.78701378,27.55137184,27.66423385,28.19207917,29.18107418,28.36171095,28.24473473,27.52029716,26.6332972,28.90539445,28.98999139,30.14410416,28.0137415,28.82975882,28.37356667,29.6137324,28.17176046,27.94956654,28.3148957,28.77671125,29.19665716,28.03557208,28.3773604,29.54022027,27.7802364,29.49098268,26.80855951,29.55899783,29.98990753,28.57164263,29.33034442,29.1511376,28.91884402,28.09673214,27.48991481,28.73373869,28.42755772,28.11835787,29.59078216,27.36634654,27.83681412,28.01330222,28.81882167,29.0547562,>>DiffResult,28.12479338,28.73065121,28.75552051,28.81374016,28.3450392,0.688946786,0.243358701,0.999955072,0.383050357,0.999996617,0.846585419,0.550913248,0.999814955,0.876710096,0.424005118,0.969530651,0.873706368,0.332732539,NO
FN1-N1007-H5N2F1,24.56806522,23.83766167,0,23.41025853,20.83315698,22.67176394,21.84906389,23.29230426,21.87513191,23.90080029,24.40707843,0,22.92783544,22.77934667,23.32901644,24.44101954,0,23.45334478,22.95761635,22.19613437,24.34221305,24.03363464,25.30949351,23.669871,24.48141896,23.36922129,24.81645815,24.25044439,23.80156589,24.03473531,24.26628784,25.13216724,23.8552711,23.87218521,25.10450254,23.64771922,24.94345959,22.60525124,24.53162873,24.44678236,23.78021901,24.46584106,24.07248009,24.13222109,23.45074645,23.43067433,24.82324421,23.66843265,22.79983615,26.01744736,23.74583383,23.16990942,23.6085337,23.84215133,24.14197954,>>DiffResult,19.63647993,24.21090562,24.24052551,23.98030154,23.92480425,4.604045573,0.073153296,0.999984616,0.178142079,0.999999994,0.999925365,0.47635044,0.999990504,0.999999968,0.183194732,0.23746681,0.999949592,0.13445944,NO
FN1-N1007-H5N3,0,0,20.27521192,20.84272227,22.59382602,20.60856849,0,0,0,23.7042108,21.92120162,0,20.56373146,0,22.17641781,22.29231128,0,0,0,0,0,0,0,0,0,0,0,23.49367273,0,0,0,0,0,0,0,0,23.32616477,0,23.65394854,24.18850736,23.10743851,23.37496176,23.32423249,23.2415783,23.11646975,0,0,0,0,0,0,0,0,0,0,>>DiffResult,9.748910084,2.349367273,7.116862067,23.23293616,0,23.23293616,0.000200132,0.015365727,0.941134755,0.757027671,0.398477809,0.031835489,0.000836535,0.000173652,0.222725294,0.052497478,0.976503458,0.001570163,YES
